sku,description,principal,product_group,storage_condition,lines,units,sales_value_nzd,abc_velocity,abc_value,lines_per_day,pallets_per_week,pick_location,ground_faces,pick_bins,months_cover,counts_per_year
PH10001,Sertraline 100mg Tablets 100s,Venrick Laboratories,Tablets,Below 25C,54.0,3765.0,52107.6,B,B,0.6352941176470588,0.07689950980392157,Shelving pick bin,0,1,6.510491367861886,4
PH10002,Pantoprazole 40mg Tablets 30s,Corvane Pharma,Tablets,Below 25C,0.0,0.0,0.0,D,D,0.0,0.0,No pick face,0,0,inf,1
PH10003,Ibuprofen 200mg Tablets 30s,Halvora Healthcare,Tablets,Below 25C,9.0,226.0,1340.1799999999998,C,C,0.10588235294117647,0.0013848039215686274,Direct from reserve,0,0,28.79646017699115,2
PH10004,Azithromycin 250mg Tablets 10x10,Arcadine Pharma,Tablets,Below 25C,189.0,12225.0,242177.24999999997,A,A,2.223529411764706,0.8988970588235294,Ground pick face,1,0,3.0550511247443763,12
PH10005,Rosuvastatin 10mg Tablets 2x14,Halvora Healthcare,Tablets,Below 25C,2.0,14.0,64.12,C,C,0.023529411764705882,0.00028594771241830067,Direct from reserve,0,0,10.857142857142858,2
PH10006,Glimepiride 4mg Tablets 100s,Venrick Laboratories,Tablets,Below 25C,1.0,170.0,1081.2,C,C,0.011764705882352941,0.0013888888888888887,Direct from reserve,0,0,5.670588235294118,2
PH10007,Carvedilol 25mg Tablets 3x10,Halvora Healthcare,Tablets,Below 25C,46.0,2250.0,48060.0,B,B,0.5411764705882353,0.11029411764705883,Shelving pick bin,0,1,8.476444444444445,4
PH10008,Carvedilol 6.25mg Tablets 3x10,Corvane Pharma,Tablets,Below 25C,0.0,0.0,0.0,D,D,0.0,0.0,No pick face,0,0,inf,1
PH10009,Rosuvastatin 20mg Tablets 3x10,Venrick Laboratories,Tablets,Below 25C,321.0,17673.0,163475.25,A,A,3.776470588235294,0.5775490196078432,Ground pick face,1,0,3.0224636451083575,12
PH10010,Carvedilol 25mg Tablets 100s,Halvora Healthcare,Tablets,Below 25C,214.0,12050.0,221238.0,A,A,2.5176470588235293,0.886029411764706,Ground pick face,1,0,4.660248962655602,12
PH10011,Loratadine 10mg Tablets 2x14,Dunmore Therapeutics,Tablets,Below 25C,9.0,522.0,11948.58,C,C,0.10588235294117647,0.015352941176470588,Direct from reserve,0,0,22.628352490421456,2
PH10012,Levothyroxine 100mcg Tablets 2x14,Marwick Pharmaceuticals,Tablets,Below 25C,40.0,3549.0,71015.49,B,B,0.47058823529411764,0.07248774509803922,Shelving pick bin,0,1,7.211045364891519,4
PH10013,Rosuvastatin 10mg Tablets 3x10,Halvora Healthcare,Tablets,Below 25C,7.0,245.0,2141.3,C,C,0.08235294117647059,0.00400326797385621,Direct from reserve,0,0,14.955102040816326,2
PH10014,Pantoprazole 20mg Tablets 3x10,Marwick Pharmaceuticals,Tablets,Below 25C,0.0,0.0,0.0,D,D,0.0,0.0,No pick face,0,0,inf,1
PH10015,Atorvastatin 40mg Tablets 3x10,Dunmore Therapeutics,Tablets,Below 25C,40.0,2184.0,9063.6,B,C,0.47058823529411764,0.02549019607843137,Shelving pick bin,0,1,7.641025641025641,2
PH10016,Prednisolone 25mg Tablets 3x10,Corvane Pharma,Tablets,Below 25C,5.0,322.0,5509.42,C,C,0.058823529411764705,0.015784313725490197,Direct from reserve,0,0,12.53416149068323,2
PH10017,Furosemide 40mg Tablets 3x10,Corvane Pharma,Tablets,Below 25C,81.0,6314.0,48744.08,A,B,0.9529411764705882,0.06877995642701525,Ground pick face,1,0,2.5625593918276843,4
PH10018,Simvastatin 20mg Tablets 10x10,Venrick Laboratories,Tablets,Below 25C,329.0,21391.0,357015.79000000004,A,A,3.8705882352941177,0.599187675070028,Ground pick face,1,0,3.057921555794493,12
PH10019,Ibuprofen 400mg Tablets 30s,Marwick Pharmaceuticals,Tablets,Below 25C,49.0,4138.0,32441.92,B,B,0.5764705882352941,0.16903594771241828,Shelving pick bin,0,1,3.6017399710004834,4
PH10020,Ciprofloxacin 500mg Tablets 3x10,Marwick Pharmaceuticals,Tablets,Below 25C,288.0,21437.0,407731.74,A,A,3.388235294117647,0.19459876543209878,Ground pick face,1,0,5.840369454681158,12
PH10021,Prednisolone 5mg Tablets 3x10,Venrick Laboratories,Tablets,Below 25C,21.0,1453.0,28348.030000000002,C,B,0.24705882352941178,0.026379811183732758,Direct from reserve,0,0,2.0564349621472813,4
PH10022,Escitalopram 20mg Tablets 3x10,Corvane Pharma,Tablets,Below 25C,105.0,10979.0,95297.72,A,B,1.2352941176470589,0.09610469187675068,Ground pick face,1,0,14.682575826578013,4
PH10023,Gliclazide 80mg Tablets 10x10,Arcadine Pharma,Tablets,Below 25C,151.0,14603.0,54323.16,A,B,1.776470588235294,0.06628086419753086,Ground pick face,1,0,10.04040265698829,4
PH10024,Ciprofloxacin 500mg Tablets 2x14,Corvane Pharma,Tablets,Below 25C,22.0,1818.0,20779.739999999998,C,C,0.25882352941176473,0.04950980392156863,Direct from reserve,0,0,5.408140814081408,2
PH10025,Diclofenac 50mg Tablets 10x10,Halvora Healthcare,Tablets,Below 25C,90.0,5720.0,110796.40000000001,A,A,1.0588235294117647,0.2803921568627451,Ground pick face,1,0,6.939160839160839,12
PH10026,Cetirizine 10mg Tablets 2x14,Dunmore Therapeutics,Tablets,Below 25C,35.0,3803.0,36546.829999999994,B,B,0.4117647058823529,0.04660539215686275,Shelving pick bin,0,1,5.825926899815935,4
PH10027,Simvastatin 20mg Tablets 100s,Corvane Pharma,Tablets,Below 25C,5.0,274.0,4140.139999999999,C,C,0.058823529411764705,0.008954248366013072,Direct from reserve,0,0,8.540145985401459,2
PH10028,Bisoprolol 5mg Tablets 100s,Corvane Pharma,Tablets,Below 25C,7.0,405.0,4491.45,C,C,0.08235294117647059,0.01488970588235294,Direct from reserve,0,0,3.753086419753086,2
PH10029,Gliclazide 80mg Tablets 3x10,Arcadine Pharma,Tablets,Below 25C,16.0,922.0,19398.88,C,C,0.18823529411764706,0.015065359477124183,Direct from reserve,0,0,6.802603036876356,2
PH10030,Allopurinol 300mg Tablets 10x10,Corvane Pharma,Tablets,Below 25C,5.0,243.0,906.39,C,C,0.058823529411764705,0.019852941176470587,Direct from reserve,0,0,5.810699588477366,2
PH10032,Pantoprazole 40mg Tablets 10x10,Venrick Laboratories,Tablets,Below 25C,251.0,17501.0,100980.76999999999,A,A,2.9529411764705884,0.6434191176470588,Ground pick face,1,0,9.196503056968174,12
PH10033,Simvastatin 20mg Tablets 30s,Halvora Healthcare,Tablets,Below 25C,12.0,354.0,3840.9,C,C,0.1411764705882353,0.011568627450980393,Direct from reserve,0,0,6.497175141242938,2
PH10034,Ibuprofen 200mg Tablets 3x10,Halvora Healthcare,Tablets,Below 25C,69.0,1745.0,25319.95,B,C,0.8117647058823529,0.09504357298474947,Shelving pick bin,0,1,3.0808022922636105,2
PH10035,Metoprolol 50mg Tablets 100s,Marwick Pharmaceuticals,Tablets,Below 25C,466.0,57516.0,1321717.68,A,A,5.482352941176471,3.524264705882353,Ground pick face,1,0,3.6203491202448013,12
PH10036,Bisoprolol 2.5mg Tablets 2x14,Venrick Laboratories,Tablets,Below 25C,40.0,2950.0,69384.0,B,B,0.47058823529411764,0.14460784313725492,Shelving pick bin,0,1,5.543050847457627,4
PH10037,Montelukast 10mg Tablets 100s,Dunmore Therapeutics,Tablets,Below 25C,18.0,1590.0,22927.8,C,C,0.21176470588235294,0.024356617647058824,Direct from reserve,0,0,7.313207547169811,2
PH10038,Pantoprazole 20mg Tablets 10x10,Marwick Pharmaceuticals,Tablets,Below 25C,56.0,3303.0,64507.590000000004,B,B,0.6588235294117647,0.07196078431372548,Shelving pick bin,0,1,5.471389645776567,4
PH10039,Atorvastatin 40mg Tablets 100s,Marwick Pharmaceuticals,Tablets,Below 25C,1.0,17.0,73.94999999999999,C,C,0.011764705882352941,0.0002314814814814815,Direct from reserve,0,0,12.470588235294118,2
PH10040,Warfarin 5mg Tablets 30s,Arcadine Pharma,Tablets,Below 25C,8.0,664.0,9196.4,C,C,0.09411764705882353,0.032549019607843135,Direct from reserve,0,0,19.06024096385542,2
PH10041,Amlodipine 5mg Tablets 30s,Venrick Laboratories,Tablets,Below 25C,46.0,2615.0,63962.9,B,B,0.5411764705882353,0.042728758169934634,Shelving pick bin,0,1,4.674569789674952,4
PH10042,Glimepiride 4mg Tablets 3x10,Venrick Laboratories,Tablets,Below 25C,1.0,178.0,1520.12,C,C,0.011764705882352941,0.00727124183006536,Direct from reserve,0,0,4.674157303370786,2
PH10043,Atorvastatin 10mg Tablets 100s,Corvane Pharma,Tablets,Below 25C,242.0,24592.0,65168.799999999996,A,B,2.847058823529412,0.17859114015976765,Ground pick face,1,0,4.573194534808068,4
PH10045,Atorvastatin 40mg Tablets 10x10,Corvane Pharma,Tablets,Below 25C,222.0,25468.0,504775.76,A,A,2.611764705882353,0.34678649237472764,Ground pick face,1,0,3.926653054813884,12
PH10046,Warfarin 1mg Tablets 3x10,Marwick Pharmaceuticals,Tablets,Below 25C,16.0,438.0,9049.08,C,C,0.18823529411764706,0.015336134453781512,Direct from reserve,0,0,7.424657534246576,2
PH10047,Metformin 850mg Tablets 2x14,Marwick Pharmaceuticals,Tablets,Below 25C,25.0,746.0,3088.4399999999996,C,C,0.29411764705882354,0.013060224089635853,Direct from reserve,0,0,4.305630026809651,2
PH10048,Simvastatin 40mg Tablets 3x10,Marwick Pharmaceuticals,Tablets,Below 25C,140.0,13323.0,43566.21,A,B,1.6470588235294117,0.27212009803921566,Ground pick face,1,0,4.388200855663139,4
PH10049,Amlodipine 5mg Tablets 2x14,Halvora Healthcare,Tablets,Below 25C,537.0,44223.0,382086.72000000003,A,A,6.317647058823529,1.8064950980392158,Ground pick face,1,0,6.6965153879203125,12
PH10050,Escitalopram 10mg Tablets 30s,Corvane Pharma,Tablets,Below 25C,135.0,18847.0,458170.56999999995,A,A,1.588235294117647,0.230968137254902,Ground pick face,1,0,5.006207884543959,12
PH10051,Escitalopram 10mg Tablets 3x10,Corvane Pharma,Tablets,Below 25C,78.0,7034.0,78851.14,A,B,0.9176470588235294,0.10775122549019607,Ground pick face,1,0,4.47483650838783,4
PH10053,Simvastatin 40mg Tablets 10x10,Halvora Healthcare,Tablets,Below 25C,123.0,9334.0,216268.78000000003,A,A,1.4470588235294117,0.45754901960784317,Ground pick face,1,0,1.4351832011999144,12
PH10054,Esomeprazole 40mg Tablets 30s,Marwick Pharmaceuticals,Tablets,Below 25C,0.0,0.0,0.0,D,D,0.0,0.0,No pick face,0,0,inf,1
PH10055,Ibuprofen 200mg Tablets 100s,Dunmore Therapeutics,Tablets,Below 25C,54.0,3345.0,69208.05,B,B,0.6352941176470588,0.03726604278074866,Shelving pick bin,0,1,3.353064275037369,4
PH10056,Allopurinol 100mg Tablets 10x10,Corvane Pharma,Tablets,Below 25C,29.0,3053.0,12028.82,B,C,0.3411764705882353,0.1108569353667393,Shelving pick bin,0,1,2.575827055355388,2
PH10057,Glimepiride 2mg Tablets 30s,Marwick Pharmaceuticals,Tablets,Below 25C,92.0,7051.0,151596.5,A,A,1.0823529411764705,0.34563725490196084,Ground pick face,1,0,6.378102396823146,12
PH10058,Pantoprazole 40mg Tablets 100s,Corvane Pharma,Tablets,Below 25C,95.0,6495.0,125028.75,A,A,1.1176470588235294,0.17687908496732024,Ground pick face,1,0,4.044341801385682,12
PH10059,Telmisartan 80mg Tablets 30s,Venrick Laboratories,Tablets,Below 25C,17.0,649.0,1616.0100000000002,C,C,0.2,0.010604575163398694,Direct from reserve,0,0,9.577812018489984,2
PH10060,Paracetamol 500mg Tablets 3x10,Corvane Pharma,Tablets,Below 25C,47.0,2169.0,23403.51,B,C,0.5529411764705883,0.050630252100840344,Shelving pick bin,0,1,6.935915168280314,2
PH10061,Simvastatin 40mg Tablets 30s,Arcadine Pharma,Tablets,Below 25C,8.0,202.0,4054.14,C,C,0.09411764705882353,0.0023576097105508873,Direct from reserve,0,0,14.732673267326733,2
PH10062,Amlodipine 5mg Tablets 100s,Arcadine Pharma,Tablets,Below 25C,86.0,4929.0,95425.44,A,B,1.011764705882353,0.10067401960784315,Ground pick face,1,0,4.8715763846622036,4
PH10063,Simvastatin 40mg Tablets 2x14,Marwick Pharmaceuticals,Tablets,Below 25C,33.0,5630.0,94133.59999999999,B,B,0.38823529411764707,0.06899509803921568,Shelving pick bin,0,1,4.228774422735347,4
PH10064,Telmisartan 80mg Tablets 3x10,Halvora Healthcare,Tablets,Below 25C,29.0,6013.0,48765.42999999999,B,B,0.3411764705882353,0.03684436274509804,Shelving pick bin,0,1,3.8104107766505906,4
PH10065,Rosuvastatin 20mg Tablets 2x14,Corvane Pharma,Tablets,Below 25C,247.0,22966.0,483893.62,A,A,2.9058823529411764,0.37526143790849675,Ground pick face,1,0,3.1773926674214055,12
PH10066,Atorvastatin 10mg Tablets 3x10,Venrick Laboratories,Tablets,Below 25C,98.0,11955.0,44233.5,A,B,1.1529411764705881,0.3255718954248366,Ground pick face,1,0,3.063822668339607,4
PH10067,Montelukast 10mg Tablets 3x10,Arcadine Pharma,Tablets,Below 25C,95.0,11366.0,265168.77999999997,A,A,1.1176470588235294,0.2321486928104575,Ground pick face,1,0,7.864508182298082,12
PH10068,Ciprofloxacin 250mg Tablets 10x10,Marwick Pharmaceuticals,Tablets,Below 25C,34.0,2323.0,35820.659999999996,B,B,0.4,0.07591503267973856,Shelving pick bin,0,1,6.448557899268188,4
PH10069,Amlodipine 10mg Tablets 3x10,Halvora Healthcare,Tablets,Below 25C,21.0,1972.0,37448.28,C,B,0.24705882352941178,0.06041666666666667,Direct from reserve,0,0,1.2373225152129816,4
PH10070,Sertraline 50mg Tablets 30s,Marwick Pharmaceuticals,Tablets,Below 25C,40.0,1928.0,16638.640000000003,B,C,0.47058823529411764,0.09450980392156864,Shelving pick bin,0,1,4.278008298755187,2
PH10071,Metformin 850mg Tablets 10x10,Corvane Pharma,Tablets,Below 25C,48.0,2870.0,38486.7,B,B,0.5647058823529412,0.07815904139433551,Shelving pick bin,0,1,1.9094076655052266,4
PH10072,Azithromycin 250mg Tablets 3x10,Venrick Laboratories,Tablets,Below 25C,46.0,3214.0,27447.559999999998,B,C,0.5411764705882353,0.11253501400560226,Shelving pick bin,0,1,1.7336652146857499,2
PH10073,Esomeprazole 40mg Tablets 3x10,Halvora Healthcare,Tablets,Below 25C,44.0,5387.0,102568.48,B,A,0.5176470588235295,0.11002859477124183,Shelving pick bin,0,1,6.900315574531279,12
PH10074,Paracetamol 500mg Tablets 2x14,Halvora Healthcare,Tablets,Below 25C,68.0,5693.0,12069.16,B,C,0.8,0.3488357843137255,Shelving pick bin,0,1,10.314421219040927,2
PH10075,Escitalopram 20mg Tablets 10x10,Corvane Pharma,Tablets,Below 25C,182.0,22487.0,421856.12000000005,A,A,2.1411764705882352,0.2296466503267974,Ground pick face,1,0,7.275314626228488,12
PH10076,Metformin 500mg Tablets 100s,Marwick Pharmaceuticals,Tablets,Below 25C,5.0,928.0,8732.48,C,C,0.058823529411764705,0.009477124183006537,Direct from reserve,0,0,6.870689655172414,2
PH10077,Prednisolone 5mg Tablets 2x14,Corvane Pharma,Tablets,Below 25C,12.0,484.0,10430.2,C,C,0.1411764705882353,0.007908496732026144,Direct from reserve,0,0,10.15702479338843,2
PH10078,Furosemide 40mg Tablets 100s,Marwick Pharmaceuticals,Tablets,Below 25C,1.0,17.0,305.66,C,C,0.011764705882352941,0.000462962962962963,Direct from reserve,0,0,9.411764705882353,2
PH10079,Allopurinol 100mg Tablets 3x10,Arcadine Pharma,Tablets,Below 25C,42.0,2826.0,68784.84,B,B,0.49411764705882355,0.23088235294117646,Shelving pick bin,0,1,8.284501061571126,4
PH10080,Loratadine 10mg Tablets 30s,Marwick Pharmaceuticals,Tablets,Below 25C,10.0,638.0,6890.400000000001,C,C,0.11764705882352941,0.026062091503267975,Direct from reserve,0,0,17.0846394984326,2
PH10081,Metformin 500mg Tablets 2x14,Marwick Pharmaceuticals,Tablets,Below 25C,1.0,80.0,1588.0,C,C,0.011764705882352941,0.0008169934640522875,Direct from reserve,0,0,6.6,2
PH10082,Ciprofloxacin 250mg Tablets 3x10,Venrick Laboratories,Tablets,Below 25C,34.0,1935.0,29644.2,B,B,0.4,0.021078431372549018,Shelving pick bin,0,1,3.4708010335917314,4
PH10083,Clopidogrel 75mg Tablets 2x14,Corvane Pharma,Tablets,Below 25C,6.0,2307.0,40718.549999999996,C,B,0.07058823529411765,0.03141339869281046,Direct from reserve,0,0,6.94234937147811,4
PH10084,Diclofenac 50mg Tablets 30s,Corvane Pharma,Tablets,Below 25C,129.0,17069.0,249207.4,A,A,1.5176470588235293,0.1743157679738562,Ground pick face,1,0,10.634717909660788,12
PH10085,Allopurinol 300mg Tablets 30s,Arcadine Pharma,Tablets,Below 25C,210.0,12755.0,316324.0,A,A,2.4705882352941178,0.3126225490196078,Ground pick face,1,0,3.792708741669933,12
PH10086,Losartan 100mg Tablets 100s,Marwick Pharmaceuticals,Tablets,Below 25C,99.0,11862.0,47092.14,A,B,1.1647058823529413,0.24227941176470588,Ground pick face,1,0,3.280053953802057,4
PH10087,Bisoprolol 5mg Tablets 3x10,Halvora Healthcare,Tablets,Below 25C,16.0,2340.0,17690.399999999998,C,C,0.18823529411764706,0.09558823529411764,Direct from reserve,0,0,4.105982905982906,2
PH10088,Glimepiride 2mg Tablets 3x10,Corvane Pharma,Tablets,Below 25C,6.0,751.0,15080.079999999998,C,C,0.07058823529411765,0.024542483660130718,Direct from reserve,0,0,4.1118508655126496,2
PH10089,Metoprolol 50mg Tablets 3x10,Arcadine Pharma,Tablets,Below 25C,6.0,175.0,651.0,C,C,0.07058823529411765,0.0023828976034858383,Direct from reserve,0,0,20.502857142857142,2
PH10090,Levothyroxine 50mcg Tablets 3x10,Halvora Healthcare,Tablets,Below 25C,4.0,125.0,845.0,C,C,0.047058823529411764,0.004084967320261438,Direct from reserve,0,0,3.552,2
PH10091,Atorvastatin 10mg Tablets 30s,Halvora Healthcare,Tablets,Below 25C,19.0,1501.0,36249.15,C,B,0.2235294117647059,0.07357843137254903,Direct from reserve,0,0,4.290473017988008,4
PH10092,Bisoprolol 5mg Tablets 2x14,Corvane Pharma,Tablets,Below 25C,23.0,1875.0,15206.249999999998,C,C,0.27058823529411763,0.025531045751633983,Direct from reserve,0,0,4.597333333333333,2
PH10093,Pantoprazole 20mg Tablets 2x14,Marwick Pharmaceuticals,Tablets,Below 25C,487.0,23574.0,452620.8,A,A,5.729411764705882,0.48149509803921564,Ground pick face,1,0,5.12785271909731,12
PH10094,Loratadine 10mg Tablets 3x10,Venrick Laboratories,Tablets,Below 25C,134.0,13985.0,343611.45,A,A,1.576470588235294,0.11425653594771241,Ground pick face,1,0,4.055488022881659,12
PH10095,Amlodipine 10mg Tablets 100s,Arcadine Pharma,Tablets,Below 25C,613.0,29372.0,592433.2400000001,A,A,7.211764705882353,1.1998366013071895,Ground pick face,1,0,6.692904807299469,12
PH10096,Cetirizine 10mg Tablets 100s,Halvora Healthcare,Tablets,Below 25C,44.0,1952.0,33457.28,B,B,0.5176470588235295,0.053159041394335506,Shelving pick bin,0,1,3.3565573770491803,4
PH10097,Rosuvastatin 5mg Tablets 2x14,Corvane Pharma,Tablets,Below 25C,6.0,431.0,2211.0299999999997,C,C,0.07058823529411765,0.012676470588235293,Direct from reserve,0,0,18.43155452436195,2
PH10098,Warfarin 1mg Tablets 2x14,Halvora Healthcare,Tablets,Below 25C,17.0,2871.0,15101.46,C,C,0.2,0.04397977941176471,Direct from reserve,0,0,2.963427377220481,2
PH10099,Simvastatin 40mg Tablets 100s,Corvane Pharma,Tablets,Below 25C,34.0,2230.0,9410.599999999999,B,C,0.4,0.03036492374727669,Shelving pick bin,0,1,4.663677130044843,2
PH10100,Carvedilol 6.25mg Tablets 10x10,Corvane Pharma,Tablets,Below 25C,58.0,6793.0,15012.53,B,C,0.6823529411764706,0.1849945533769063,Shelving pick bin,0,1,4.9851317532754305,2
PH10101,Azithromycin 500mg Tablets 2x14,Arcadine Pharma,Tablets,Below 25C,216.0,11154.0,180360.18000000002,A,A,2.541176470588235,0.3645098039215686,Ground pick face,1,0,5.84113322574861,12
PH10102,Montelukast 10mg Tablets 2x14,Halvora Healthcare,Tablets,Below 25C,15.0,696.0,5317.44,C,C,0.17647058823529413,0.025272331154684097,Direct from reserve,0,0,2.954022988505747,2
PH10103,Gliclazide 80mg Tablets 2x14,Dunmore Therapeutics,Tablets,Below 25C,18.0,714.0,11352.6,C,C,0.21176470588235294,0.009999999999999998,Direct from reserve,0,0,4.9299719887955185,2
PH10104,Azithromycin 500mg Tablets 100s,Venrick Laboratories,Tablets,Below 25C,42.0,4866.0,41652.96,B,B,0.49411764705882355,0.044172113289760354,Shelving pick bin,0,1,4.248253185367859,4
PH10105,Carvedilol 6.25mg Tablets 30s,Venrick Laboratories,Tablets,Below 25C,264.0,13268.0,197958.56,A,A,3.1058823529411765,1.083986928104575,Ground pick face,1,0,7.233041905336147,12
PH10106,Bisoprolol 2.5mg Tablets 10x10,Corvane Pharma,Tablets,Below 25C,14.0,773.0,7227.549999999999,C,C,0.16470588235294117,0.025261437908496734,Direct from reserve,0,0,8.005174644243208,2
PH10107,Diclofenac 50mg Tablets 2x14,Corvane Pharma,Tablets,Below 25C,84.0,13047.0,276204.99000000005,A,A,0.9882352941176471,0.17765522875816994,Ground pick face,1,0,2.9849007434659307,12
PH10108,Esomeprazole 20mg Tablets 3x10,Arcadine Pharma,Tablets,Below 25C,9.0,504.0,7887.6,C,C,0.10588235294117647,0.041176470588235294,Direct from reserve,0,0,14.674603174603174,2
PH10109,Carvedilol 25mg Tablets 30s,Venrick Laboratories,Tablets,Below 25C,69.0,3589.0,37720.39,B,B,0.8117647058823529,0.1172875816993464,Shelving pick bin,0,1,2.5511284480356644,4
PH10110,Rosuvastatin 10mg Tablets 10x10,Dunmore Therapeutics,Tablets,Below 25C,72.0,5799.0,19484.64,B,C,0.8470588235294118,0.039481209150326796,Shelving pick bin,0,1,2.123124676668391,2
PH10111,Gliclazide 80mg Tablets 30s,Corvane Pharma,Tablets,Below 25C,69.0,3394.0,35569.12,B,B,0.8117647058823529,0.0693218954248366,Shelving pick bin,0,1,4.8697701826753095,4
PH10112,Bisoprolol 5mg Tablets 30s,Halvora Healthcare,Tablets,Below 25C,235.0,24284.0,79408.68000000001,A,B,2.764705882352941,0.2645315904139433,Ground pick face,1,0,2.837588535661341,4
PH10113,Rosuvastatin 5mg Tablets 30s,Arcadine Pharma,Tablets,Below 25C,35.0,1638.0,16822.26,B,C,0.4117647058823529,0.08029411764705882,Shelving pick bin,0,1,4.068376068376068,2
PH10114,Telmisartan 40mg Tablets 2x14,Arcadine Pharma,Tablets,Below 25C,86.0,10203.0,191000.15999999997,A,A,1.011764705882353,0.092619825708061,Ground pick face,1,0,1.9041458394589827,12
PH10115,Metoprolol 100mg Tablets 100s,Marwick Pharmaceuticals,Tablets,Below 25C,7.0,513.0,1677.51,C,C,0.08235294117647059,0.0062867647058823545,Direct from reserve,0,0,9.910331384015594,2
PH10116,Atorvastatin 10mg Tablets 10x10,Corvane Pharma,Tablets,Below 25C,4.0,148.0,1968.4,C,C,0.047058823529411764,0.0024183006535947716,Direct from reserve,0,0,8.432432432432432,2
PH10117,Sertraline 100mg Tablets 30s,Venrick Laboratories,Tablets,Below 25C,18.0,2129.0,32914.340000000004,C,B,0.21176470588235294,0.026090686274509806,Direct from reserve,0,0,4.193518083607327,4
PH10118,Amlodipine 5mg Tablets 10x10,Corvane Pharma,Tablets,Below 25C,23.0,1134.0,21682.08,C,C,0.27058823529411763,0.04169117647058823,Direct from reserve,0,0,2.578483245149912,2
PH10119,Ciprofloxacin 250mg Tablets 30s,Halvora Healthcare,Tablets,Below 25C,448.0,63749.0,1121344.91,A,A,5.270588235294118,0.7812377450980392,Ground pick face,1,0,3.389355127139249,12
PH10120,Cetirizine 10mg Tablets 3x10,Corvane Pharma,Tablets,Below 25C,95.0,10655.0,132441.65,A,A,1.1176470588235294,0.38689179375453886,Ground pick face,1,0,4.86569685593618,12
PH10121,Pantoprazole 40mg Tablets 2x14,Corvane Pharma,Tablets,Below 25C,248.0,18499.0,176295.47,A,A,2.9176470588235293,0.2518927015250545,Ground pick face,1,0,3.93751013568301,12
PH10122,Allopurinol 300mg Tablets 2x14,Marwick Pharmaceuticals,Tablets,Below 25C,68.0,5181.0,89631.3,B,B,0.8,0.12698529411764706,Shelving pick bin,0,1,16.82146303802355,4
PH10123,Sertraline 50mg Tablets 10x10,Corvane Pharma,Tablets,Below 25C,92.0,14143.0,270697.02,A,A,1.0823529411764705,0.11554738562091503,Ground pick face,1,0,7.383157745881355,12
PH10124,Prednisolone 25mg Tablets 2x14,Halvora Healthcare,Tablets,Below 25C,24.0,2409.0,13249.5,C,C,0.2823529411764706,0.03936274509803921,Direct from reserve,0,0,7.913657119136571,2
PH10125,Carvedilol 25mg Tablets 2x14,Corvane Pharma,Tablets,Below 25C,90.0,4905.0,52924.95,A,B,1.0588235294117647,0.06411764705882353,Ground pick face,1,0,6.188786952089704,4
PH10126,Ibuprofen 200mg Tablets 2x14,Halvora Healthcare,Tablets,Below 25C,8.0,109.0,774.99,C,C,0.09411764705882353,0.0004947349310094408,Direct from reserve,0,0,5.651376146788991,2
PH10127,Sertraline 50mg Tablets 2x14,Halvora Healthcare,Tablets,Below 25C,16.0,2937.0,72690.75,C,B,0.18823529411764706,0.02399509803921569,Direct from reserve,0,0,3.3217568947906027,4
PH10128,Rosuvastatin 5mg Tablets 3x10,Corvane Pharma,Tablets,Below 25C,0.0,0.0,0.0,D,D,0.0,0.0,No pick face,0,0,inf,1
PH10129,Rosuvastatin 20mg Tablets 100s,Halvora Healthcare,Tablets,Below 25C,64.0,3811.0,70998.93,B,B,0.7529411764705882,0.18681372549019606,Shelving pick bin,0,1,2.048806087641039,4
PH10130,Atorvastatin 20mg Tablets 2x14,Marwick Pharmaceuticals,Tablets,Below 25C,136.0,9016.0,99176.0,A,A,1.6,0.1473202614379085,Ground pick face,1,0,6.158828748890861,12
PH10131,Diclofenac 50mg Tablets 3x10,Halvora Healthcare,Tablets,Below 25C,110.0,4606.0,95436.31999999999,A,B,1.2941176470588236,0.10751633986928104,Ground pick face,1,0,4.257924446374294,4
PH10132,Paracetamol 500mg Tablets 30s,Arcadine Pharma,Tablets,Below 25C,46.0,2827.0,54137.049999999996,B,B,0.5411764705882353,0.23096405228758168,Shelving pick bin,0,1,3.5146798726565263,4
PH10133,Telmisartan 80mg Tablets 100s,Marwick Pharmaceuticals,Tablets,Below 25C,22.0,1548.0,21424.32,C,C,0.25882352941176473,0.04742647058823529,Direct from reserve,0,0,2.8242894056847545,2
PH10134,Escitalopram 20mg Tablets 100s,Dunmore Therapeutics,Tablets,Below 25C,2.0,128.0,584.96,C,C,0.023529411764705882,0.00261437908496732,Direct from reserve,0,0,6.5625,2
PH10135,Rosuvastatin 20mg Tablets 30s,Venrick Laboratories,Tablets,Below 25C,13.0,484.0,1785.96,C,C,0.15294117647058825,0.02372549019607843,Direct from reserve,0,0,7.347107438016529,2
PH10136,Metoprolol 100mg Tablets 2x14,Venrick Laboratories,Tablets,Below 25C,22.0,1720.0,28810.0,C,B,0.25882352941176473,0.03747276688453159,Direct from reserve,0,0,4.583720930232558,4
PH10137,Ibuprofen 400mg Tablets 10x10,Halvora Healthcare,Tablets,Below 25C,87.0,7398.0,135679.32,A,A,1.0235294117647058,0.5439705882352942,Ground pick face,1,0,2.2508786158421197,12
PH10138,Loratadine 10mg Tablets 10x10,Halvora Healthcare,Tablets,Below 25C,230.0,24182.0,384493.8,A,A,2.7058823529411766,0.43903413217138704,Ground pick face,1,0,3.350756761227359,12
PH10139,Prednisolone 25mg Tablets 30s,Marwick Pharmaceuticals,Tablets,Below 25C,152.0,9691.0,230355.07,A,A,1.7882352941176471,0.197937091503268,Ground pick face,1,0,3.9236404911773812,12
PH10140,Sertraline 50mg Tablets 100s,Dunmore Therapeutics,Tablets,Below 25C,6.0,72.0,661.68,C,C,0.07058823529411765,0.0058823529411764705,Direct from reserve,0,0,25.61111111111111,2
PH10141,Clopidogrel 75mg Tablets 10x10,Halvora Healthcare,Tablets,Below 25C,21.0,1314.0,7778.88,C,C,0.24705882352941178,0.06441176470588235,Direct from reserve,0,0,1.7503805175038052,2
PH10142,Rosuvastatin 10mg Tablets 30s,Halvora Healthcare,Tablets,Below 25C,4.0,131.0,3066.71,C,C,0.047058823529411764,0.0026756535947712414,Direct from reserve,0,0,3.9389312977099236,2
PH10143,Ciprofloxacin 250mg Tablets 100s,Marwick Pharmaceuticals,Tablets,Below 25C,2.0,7.0,147.07000000000002,C,C,0.023529411764705882,0.00028594771241830067,Direct from reserve,0,0,11.428571428571429,2
PH10144,Losartan 100mg Tablets 2x14,Marwick Pharmaceuticals,Tablets,Below 25C,6.0,224.0,1774.08,C,C,0.07058823529411765,0.004575163398692811,Direct from reserve,0,0,7.839285714285714,2
PH10145,Metformin 850mg Tablets 3x10,Halvora Healthcare,Tablets,Below 25C,14.0,2728.0,33936.32,C,B,0.16470588235294117,0.029716775599128543,Direct from reserve,0,0,4.926686217008798,4
PH10146,Cetirizine 10mg Tablets 10x10,Corvane Pharma,Tablets,Below 25C,4.0,93.0,731.91,C,C,0.047058823529411764,0.0015196078431372548,Direct from reserve,0,0,36.0,2
PH10148,Ibuprofen 200mg Tablets 10x10,Arcadine Pharma,Tablets,Below 25C,331.0,36991.0,342166.75,A,A,3.8941176470588235,0.37776756535947714,Ground pick face,1,0,2.1337081992917195,12
PH10149,Simvastatin 20mg Tablets 2x14,Marwick Pharmaceuticals,Tablets,Below 25C,13.0,792.0,13305.6,C,C,0.15294117647058825,0.032352941176470584,Direct from reserve,0,0,4.96969696969697,2
PH10150,Bisoprolol 2.5mg Tablets 3x10,Halvora Healthcare,Tablets,Below 25C,432.0,28177.0,353903.12,A,A,5.08235294117647,0.3946358543417367,Ground pick face,1,0,6.243106079426482,12
PH10151,Pantoprazole 40mg Tablets 3x10,Arcadine Pharma,Tablets,Below 25C,0.0,0.0,0.0,D,D,0.0,0.0,No pick face,0,0,inf,1
PH10152,Clopidogrel 75mg Tablets 3x10,Venrick Laboratories,Tablets,Below 25C,60.0,5663.0,116714.43,B,A,0.7058823529411765,0.07711056644880175,Shelving pick bin,0,1,3.802931308493731,12
PH10153,Esomeprazole 40mg Tablets 100s,Corvane Pharma,Tablets,Below 25C,85.0,10412.0,89230.84,A,B,1.0,0.17013071895424836,Ground pick face,1,0,9.973876296580869,4
PH10154,Amlodipine 10mg Tablets 10x10,Corvane Pharma,Tablets,Below 25C,2.0,278.0,4673.179999999999,C,C,0.023529411764705882,0.0037854030501089327,Direct from reserve,0,0,6.633093525179856,2
PH10155,Telmisartan 40mg Tablets 10x10,Arcadine Pharma,Tablets,Below 25C,162.0,7698.0,98688.36,A,A,1.9058823529411764,0.2515686274509804,Ground pick face,1,0,3.2803325539101067,12
PH10156,Metformin 500mg Tablets 10x10,Dunmore Therapeutics,Tablets,Below 25C,20.0,1800.0,40662.0,C,B,0.23529411764705882,0.03676470588235294,Direct from reserve,0,0,4.233333333333333,4
PH10157,Levothyroxine 100mcg Tablets 30s,Corvane Pharma,Tablets,Below 25C,50.0,7575.0,100368.75,B,A,0.5882352941176471,0.10314542483660132,Shelving pick bin,0,1,4.408712871287129,12
PH10158,Losartan 50mg Tablets 2x14,Corvane Pharma,Tablets,Below 25C,165.0,13213.0,226602.94999999998,A,A,1.9411764705882353,0.1799155773420479,Ground pick face,1,0,6.5901763414818735,12
PH10159,Glimepiride 2mg Tablets 100s,Arcadine Pharma,Tablets,Below 25C,83.0,6052.0,109420.15999999999,A,A,0.9764705882352941,0.29666666666666663,Ground pick face,1,0,4.886979510905486,12
PH10160,Ibuprofen 400mg Tablets 3x10,Arcadine Pharma,Tablets,Below 25C,22.0,922.0,3263.88,C,C,0.25882352941176473,0.007532679738562091,Direct from reserve,0,0,2.7505422993492408,2
PH10161,Escitalopram 20mg Tablets 30s,Halvora Healthcare,Tablets,Below 25C,36.0,1265.0,3301.6499999999996,B,C,0.4235294117647059,0.012918709150326795,Shelving pick bin,0,1,5.454545454545454,2
PH10162,Levothyroxine 50mcg Tablets 100s,Marwick Pharmaceuticals,Tablets,Below 25C,440.0,67804.0,1061810.64,A,A,5.176470588235294,0.4616285403050109,Ground pick face,1,0,3.6215562503687098,12
PH10163,Telmisartan 40mg Tablets 30s,Venrick Laboratories,Tablets,Below 25C,1.0,43.0,89.44,C,C,0.011764705882352941,0.003161764705882353,Direct from reserve,0,0,6.511627906976744,2
PH10164,Simvastatin 20mg Tablets 3x10,Corvane Pharma,Tablets,Below 25C,136.0,14627.0,183861.39,A,A,1.6,0.265559186637618,Ground pick face,1,0,8.738634032952758,12
PH10165,Losartan 50mg Tablets 30s,Venrick Laboratories,Tablets,Below 25C,152.0,11883.0,33628.89,A,B,1.7882352941176471,0.18203125,Ground pick face,1,0,13.338045947992931,4
PH10166,Clopidogrel 75mg Tablets 30s,Corvane Pharma,Tablets,Below 25C,580.0,43791.0,905597.88,A,A,6.823529411764706,0.8944240196078431,Ground pick face,1,0,6.351442077139138,12
PH10167,Esomeprazole 20mg Tablets 30s,Marwick Pharmaceuticals,Tablets,Below 25C,235.0,21624.0,509461.43999999994,A,A,2.764705882352941,0.2523809523809523,Ground pick face,1,0,4.589530151683315,12
PH10168,Carvedilol 6.25mg Tablets 100s,Corvane Pharma,Tablets,Below 25C,5.0,343.0,3251.6400000000003,C,C,0.058823529411764705,0.03362745098039216,Direct from reserve,0,0,7.26530612244898,2
PH10169,Allopurinol 300mg Tablets 100s,Venrick Laboratories,Tablets,Below 25C,98.0,4649.0,43003.25,A,B,1.1529411764705881,0.11394607843137255,Ground pick face,1,0,5.99612819961282,4
PH10170,Ciprofloxacin 500mg Tablets 10x10,Halvora Healthcare,Tablets,Below 25C,50.0,2610.0,39045.600000000006,B,B,0.5882352941176471,0.21323529411764705,Shelving pick bin,0,1,2.4122605363984673,4
PH10171,Sertraline 100mg Tablets 10x10,Marwick Pharmaceuticals,Tablets,Below 25C,117.0,8309.0,90485.01000000001,A,B,1.3764705882352941,0.06034132171387074,Ground pick face,1,0,3.6009146708388493,4
PH10172,Pantoprazole 20mg Tablets 100s,Marwick Pharmaceuticals,Tablets,Below 25C,532.0,66176.0,478452.48000000004,A,A,6.258823529411765,0.5406535947712418,Ground pick face,1,0,5.363938588007737,12
PH10173,Carvedilol 25mg Tablets 10x10,Venrick Laboratories,Tablets,Below 25C,60.0,4967.0,32980.88,B,B,0.7058823529411765,0.033816721132897604,Shelving pick bin,0,1,4.8214213811153614,4
PH10174,Glimepiride 4mg Tablets 2x14,Corvane Pharma,Tablets,Below 25C,32.0,1978.0,12085.58,B,C,0.3764705882352941,0.013466775599128542,Shelving pick bin,0,1,13.015166835187058,2
PH10175,Ciprofloxacin 500mg Tablets 100s,Venrick Laboratories,Tablets,Below 25C,38.0,2127.0,48453.060000000005,B,B,0.4470588235294118,0.10426470588235295,Shelving pick bin,0,1,3.05594734367654,4
PH10176,Ibuprofen 400mg Tablets 100s,Halvora Healthcare,Tablets,Below 25C,176.0,10046.0,87902.5,A,B,2.070588235294118,0.32830065359477123,Ground pick face,1,0,2.7927533346605613,4
PH10177,Allopurinol 100mg Tablets 2x14,Arcadine Pharma,Tablets,Below 25C,6.0,302.0,5034.34,C,C,0.07058823529411765,0.024673202614379084,Direct from reserve,0,0,26.211920529801326,2
PH10178,Losartan 100mg Tablets 3x10,Marwick Pharmaceuticals,Tablets,Below 25C,90.0,8113.0,178080.35,A,A,1.0588235294117647,0.220942265795207,Ground pick face,1,0,2.764945149759645,12
PH10179,Warfarin 1mg Tablets 30s,Halvora Healthcare,Tablets,Below 25C,55.0,2632.0,11212.32,B,C,0.6470588235294118,0.10751633986928105,Shelving pick bin,0,1,2.5045592705167175,2
PH10180,Paracetamol 500mg Tablets 10x10,Venrick Laboratories,Tablets,Below 25C,2.0,22.0,416.68,C,C,0.023529411764705882,0.00029956427015250545,Direct from reserve,0,0,14.181818181818182,2
PH10181,Azithromycin 250mg Tablets 100s,Dunmore Therapeutics,Tablets,Below 25C,70.0,5539.0,45198.24,B,B,0.8235294117647058,0.08484987745098038,Shelving pick bin,0,1,14.19389781549016,4
PH10182,Allopurinol 100mg Tablets 100s,Halvora Healthcare,Tablets,Below 25C,9.0,449.0,10834.369999999999,C,C,0.10588235294117647,0.036683006535947714,Direct from reserve,0,0,19.48329621380846,2
PH10183,Metoprolol 100mg Tablets 10x10,Dunmore Therapeutics,Tablets,Below 25C,672.0,31566.0,244005.18000000002,A,A,7.905882352941177,1.2894607843137254,Ground pick face,1,0,3.5957675980485333,12
PH10184,Levothyroxine 50mcg Tablets 10x10,Halvora Healthcare,Tablets,Below 25C,15.0,824.0,17493.52,C,C,0.17647058823529413,0.004986686032437666,Direct from reserve,0,0,3.4757281553398056,2
PH10185,Atorvastatin 20mg Tablets 30s,Corvane Pharma,Tablets,Below 25C,135.0,9365.0,85034.2,A,B,1.588235294117647,0.21860410830999066,Ground pick face,1,0,7.89749065670048,4
PH10186,Levothyroxine 50mcg Tablets 30s,Corvane Pharma,Tablets,Below 25C,26.0,920.0,5768.4,B,C,0.3058823529411765,0.018790849673202614,Shelving pick bin,0,1,2.508695652173913,2
PH10187,Prednisolone 25mg Tablets 10x10,Halvora Healthcare,Tablets,Below 25C,7.0,939.0,20967.87,C,C,0.08235294117647059,0.009589460784313726,Direct from reserve,0,0,5.682641107561236,2
PH10188,Atorvastatin 10mg Tablets 2x14,Marwick Pharmaceuticals,Tablets,Below 25C,72.0,7014.0,83045.76,B,B,0.8470588235294118,0.14325980392156865,Shelving pick bin,0,1,3.0886797832905617,4
PH10189,Atorvastatin 40mg Tablets 30s,Corvane Pharma,Tablets,Below 25C,5.0,71.0,572.97,C,C,0.058823529411764705,0.0011601307189542482,Direct from reserve,0,0,16.0,2
PH10190,Atorvastatin 20mg Tablets 3x10,Venrick Laboratories,Tablets,Below 25C,29.0,2761.0,20624.67,B,C,0.3411764705882353,0.02255718954248366,Shelving pick bin,0,1,5.292285403839188,2
PH10191,Allopurinol 300mg Tablets 3x10,Corvane Pharma,Tablets,Below 25C,274.0,30433.0,342371.25,A,A,3.223529411764706,0.6215890522875817,Ground pick face,1,0,6.751881181612066,12
PH10192,Cetirizine 10mg Tablets 30s,Halvora Healthcare,Tablets,Below 25C,20.0,247.0,4581.85,C,C,0.23529411764705882,0.0032287581699346406,Direct from reserve,0,0,14.607287449392713,2
PH10193,Montelukast 10mg Tablets 10x10,Corvane Pharma,Tablets,Below 25C,913.0,68347.0,1086717.3,A,A,10.741176470588234,0.9306508714596949,Ground pick face,1,0,4.775454665164528,12
PH10194,Ciprofloxacin 250mg Tablets 2x14,Corvane Pharma,Tablets,Below 25C,158.0,11868.0,186446.28,A,A,1.8588235294117648,0.323202614379085,Ground pick face,1,0,3.3033367037411527,12
PH10195,Pantoprazole 20mg Tablets 30s,Corvane Pharma,Tablets,Below 25C,3.0,743.0,14102.14,C,C,0.03529411764705882,0.04552696078431373,Direct from reserve,0,0,4.403768506056528,2
PH10196,Warfarin 5mg Tablets 100s,Marwick Pharmaceuticals,Tablets,Below 25C,975.0,46735.0,790756.2000000001,A,A,11.470588235294118,1.272739651416122,Ground pick face,1,0,6.032823365785814,12
PH10197,Warfarin 1mg Tablets 100s,Venrick Laboratories,Tablets,Below 25C,429.0,22022.0,246426.18,A,A,5.047058823529412,0.7996368917937546,Ground pick face,1,0,6.999364272091545,12
PH10198,Bisoprolol 2.5mg Tablets 30s,Dunmore Therapeutics,Tablets,Below 25C,1.0,114.0,394.44,C,C,0.011764705882352941,0.0011642156862745098,Direct from reserve,0,0,16.87719298245614,2
PH10199,Levothyroxine 100mcg Tablets 10x10,Arcadine Pharma,Tablets,Below 25C,27.0,2041.0,47330.79,B,B,0.3176470588235294,0.055582788671023974,Shelving pick bin,0,1,5.203331700146987,4
PH10200,Escitalopram 20mg Tablets 2x14,Halvora Healthcare,Tablets,Below 25C,543.0,40340.0,479239.2,A,A,6.3882352941176475,0.9887254901960784,Ground pick face,1,0,4.958552305404066,12
PH10201,Montelukast 10mg Tablets 30s,Corvane Pharma,Tablets,Below 25C,38.0,2293.0,5824.22,B,C,0.4470588235294118,0.046834150326797386,Shelving pick bin,0,1,4.038377671173135,2
PH10202,Telmisartan 40mg Tablets 100s,Halvora Healthcare,Tablets,Below 25C,40.0,3154.0,47909.26,B,B,0.47058823529411764,0.028631082062454613,Shelving pick bin,0,1,2.163601775523145,4
PH10203,Atorvastatin 40mg Tablets 2x14,Marwick Pharmaceuticals,Tablets,Below 25C,11.0,386.0,3273.28,C,C,0.12941176470588237,0.01261437908496732,Direct from reserve,0,0,7.803108808290156,2
PH10204,Warfarin 5mg Tablets 2x14,Venrick Laboratories,Tablets,Below 25C,33.0,4729.0,34143.38,B,B,0.38823529411764707,0.03863562091503268,Shelving pick bin,0,1,3.266652569253542,4
PH10205,Glimepiride 2mg Tablets 10x10,Arcadine Pharma,Tablets,Below 25C,74.0,9465.0,214287.6,B,A,0.8705882352941177,0.1031045751633987,Shelving pick bin,0,1,14.215319598520866,12
PH10206,Glimepiride 4mg Tablets 10x10,Venrick Laboratories,Tablets,Below 25C,659.0,41353.0,437928.27,A,A,7.752941176470588,1.520330882352941,Ground pick face,1,0,2.342175900176529,12
PH10207,Sertraline 100mg Tablets 2x14,Corvane Pharma,Tablets,Below 25C,7.0,219.0,3817.17,C,C,0.08235294117647059,0.004473039215686274,Direct from reserve,0,0,2.9406392694063928,2
PH10208,Allopurinol 100mg Tablets 30s,Venrick Laboratories,Tablets,Below 25C,45.0,3591.0,41583.78,B,B,0.5294117647058824,0.14669117647058824,Shelving pick bin,0,1,10.197716513505988,4
PH10209,Losartan 50mg Tablets 3x10,Halvora Healthcare,Tablets,Below 25C,445.0,55173.0,840836.52,A,A,5.235294117647059,0.751266339869281,Ground pick face,1,0,4.159135809182027,12
PH10210,Losartan 100mg Tablets 10x10,Halvora Healthcare,Tablets,Below 25C,81.0,3637.0,18366.85,A,C,0.9529411764705882,0.0660312273057371,Ground pick face,1,0,2.674731921913665,2
PH10211,Esomeprazole 20mg Tablets 10x10,Marwick Pharmaceuticals,Tablets,Below 25C,5.0,135.0,1290.6000000000001,C,C,0.058823529411764705,0.003676470588235294,Direct from reserve,0,0,6.42962962962963,2
PH10212,Esomeprazole 20mg Tablets 2x14,Venrick Laboratories,Tablets,Below 25C,129.0,6515.0,108083.85,A,A,1.5176470588235293,0.399203431372549,Ground pick face,1,0,17.65955487336915,12
PH10213,Rosuvastatin 5mg Tablets 10x10,Halvora Healthcare,Tablets,Below 25C,67.0,3153.0,42943.86,B,B,0.788235294117647,0.1030392156862745,Shelving pick bin,0,1,4.483349191246432,4
PH10214,Furosemide 40mg Tablets 10x10,Corvane Pharma,Tablets,Below 25C,5.0,215.0,5170.75,C,C,0.058823529411764705,0.0065870098039215695,Direct from reserve,0,0,10.902325581395349,2
PH10215,Bisoprolol 5mg Tablets 10x10,Halvora Healthcare,Tablets,Below 25C,299.0,23867.0,462542.45999999996,A,A,3.5176470588235293,1.462438725490196,Ground pick face,1,0,2.4478987723635144,12
PH10216,Metoprolol 50mg Tablets 30s,Corvane Pharma,Tablets,Below 25C,5.0,1000.0,19170.0,C,C,0.058823529411764705,0.013616557734204794,Direct from reserve,0,0,4.836,2
PH10217,Paracetamol 500mg Tablets 100s,Halvora Healthcare,Tablets,Below 25C,231.0,21872.0,351483.04,A,A,2.7176470588235295,0.13401960784313727,Ground pick face,1,0,6.937637161667886,12
PH10218,Ibuprofen 400mg Tablets 2x14,Venrick Laboratories,Tablets,Below 25C,61.0,4177.0,83748.85,B,B,0.7176470588235294,0.22750544662309366,Shelving pick bin,0,1,6.45918123054824,4
PH10219,Warfarin 1mg Tablets 10x10,Venrick Laboratories,Tablets,Below 25C,90.0,6982.0,119112.92,A,A,1.0588235294117647,0.09507080610021788,Ground pick face,1,0,6.056717272987683,12
PH10220,Metformin 500mg Tablets 3x10,Venrick Laboratories,Tablets,Below 25C,7.0,1000.0,3610.0,C,C,0.08235294117647059,0.016339869281045753,Direct from reserve,0,0,1.668,2
PH10221,Rosuvastatin 10mg Tablets 100s,Arcadine Pharma,Tablets,Below 25C,14.0,753.0,5783.04,C,C,0.16470588235294117,0.009227941176470588,Direct from reserve,0,0,5.6414342629482075,2
PH10222,Escitalopram 10mg Tablets 100s,Arcadine Pharma,Tablets,Below 25C,33.0,2428.0,45355.04,B,B,0.38823529411764707,0.02204066811909949,Shelving pick bin,0,1,4.115321252059308,4
PH10223,Metformin 850mg Tablets 100s,Marwick Pharmaceuticals,Tablets,Below 25C,13.0,307.0,3248.06,C,C,0.15294117647058825,0.025081699346405226,Direct from reserve,0,0,20.977198697068403,2
PH10224,Telmisartan 80mg Tablets 2x14,Halvora Healthcare,Tablets,Below 25C,5.0,331.0,5504.53,C,C,0.058823529411764705,0.010816993464052287,Direct from reserve,0,0,8.290030211480362,2
PH10225,Metoprolol 100mg Tablets 30s,Venrick Laboratories,Tablets,Below 25C,18.0,695.0,3746.0499999999997,C,C,0.21176470588235294,0.006083683473389356,Direct from reserve,0,0,7.516546762589928,2
PH10226,Esomeprazole 40mg Tablets 2x14,Corvane Pharma,Tablets,Below 25C,11.0,489.0,5134.5,C,C,0.12941176470588237,0.003995098039215686,Direct from reserve,0,0,10.977505112474438,2
PH10227,Metformin 850mg Tablets 30s,Corvane Pharma,Tablets,Below 25C,42.0,6559.0,123046.84000000001,B,A,0.49411764705882355,0.05954066811909949,Shelving pick bin,0,1,13.491690806525385,12
PH10228,Metformin 500mg Tablets 30s,Marwick Pharmaceuticals,Tablets,Below 25C,6.0,280.0,4684.400000000001,C,C,0.07058823529411765,0.001525054466230937,Direct from reserve,0,0,3.4571428571428573,2
PH10229,Loratadine 10mg Tablets 100s,Venrick Laboratories,Tablets,Below 25C,0.0,0.0,0.0,D,D,0.0,0.0,No pick face,0,0,inf,1
PH10230,Losartan 50mg Tablets 100s,Dunmore Therapeutics,Tablets,Below 25C,514.0,26889.0,668729.43,A,A,6.047058823529412,0.9414915966386556,Ground pick face,1,0,10.005132210197479,12
PH10231,Furosemide 40mg Tablets 30s,Corvane Pharma,Tablets,Below 25C,34.0,2006.0,7382.08,B,C,0.4,0.032777777777777774,Shelving pick bin,0,1,4.372881355932203,2
PH10232,Azithromycin 500mg Tablets 3x10,Venrick Laboratories,Tablets,Below 25C,91.0,15084.0,319479.12,A,A,1.0705882352941176,0.13203781512605042,Ground pick face,1,0,3.758154335719968,12
PH10233,Azithromycin 250mg Tablets 30s,Dunmore Therapeutics,Tablets,Below 25C,0.0,0.0,0.0,D,D,0.0,0.0,No pick face,0,0,inf,1
PH10234,Atorvastatin 20mg Tablets 100s,Corvane Pharma,Tablets,Below 25C,4.0,823.0,9727.86,C,C,0.047058823529411764,0.022412854030501087,Direct from reserve,0,0,7.922235722964763,2
PH10235,Amlodipine 10mg Tablets 2x14,Venrick Laboratories,Tablets,Below 25C,38.0,1639.0,12948.1,B,C,0.4470588235294118,0.05951343500363108,Shelving pick bin,0,1,7.829164124466138,2
PH10236,Losartan 100mg Tablets 30s,Corvane Pharma,Tablets,Below 25C,1074.0,129778.0,1151130.8599999999,A,A,12.635294117647058,1.7671296296296295,Ground pick face,1,0,5.812171554500763,12
PH10237,Ciprofloxacin 500mg Tablets 30s,Venrick Laboratories,Tablets,Below 25C,63.0,7370.0,74584.4,B,B,0.7411764705882353,0.07526552287581699,Shelving pick bin,0,1,12.733785617367706,4
PH10238,Bisoprolol 2.5mg Tablets 100s,Venrick Laboratories,Tablets,Below 25C,16.0,2017.0,28943.95,C,B,0.18823529411764706,0.0411968954248366,Direct from reserve,0,0,14.687159147248389,4
PH10239,Esomeprazole 20mg Tablets 100s,Arcadine Pharma,Tablets,Below 25C,40.0,1995.0,31082.1,B,B,0.47058823529411764,0.03911764705882353,Shelving pick bin,0,1,6.540350877192982,4
PH10240,Esomeprazole 40mg Tablets 10x10,Corvane Pharma,Tablets,Below 25C,7.0,680.0,16904.8,C,C,0.08235294117647059,0.007936507936507938,Direct from reserve,0,0,11.211764705882352,2
PH10241,Escitalopram 10mg Tablets 10x10,Marwick Pharmaceuticals,Tablets,Below 25C,6.0,628.0,14871.039999999999,C,C,0.07058823529411765,0.04104575163398693,Direct from reserve,0,0,22.070063694267517,2
PH10242,Escitalopram 10mg Tablets 2x14,Corvane Pharma,Tablets,Below 25C,116.0,5091.0,112154.73000000001,A,A,1.3647058823529412,0.16637254901960785,Ground pick face,1,0,2.7138086819878215,12
PH10243,Azithromycin 250mg Tablets 2x14,Arcadine Pharma,Tablets,Below 25C,26.0,1135.0,6878.099999999999,B,C,0.3058823529411765,0.037091503267973856,Shelving pick bin,0,1,7.517180616740088,2
PH10244,Furosemide 40mg Tablets 2x14,Marwick Pharmaceuticals,Tablets,Below 25C,48.0,3545.0,54167.6,B,B,0.5647058823529412,0.04827069716775599,Shelving pick bin,0,1,4.477291960507757,4
PH10245,Warfarin 5mg Tablets 3x10,Marwick Pharmaceuticals,Tablets,Below 25C,232.0,22880.0,229028.8,A,A,2.7294117647058824,0.6230936819172114,Ground pick face,1,0,5.7816433566433565,12
PH10246,Metoprolol 100mg Tablets 3x10,Halvora Healthcare,Tablets,Below 25C,58.0,3324.0,25096.2,B,C,0.6823529411764706,0.048882352941176474,Shelving pick bin,0,1,5.879663056558363,2
PH10247,Prednisolone 5mg Tablets 30s,Arcadine Pharma,Tablets,Below 25C,1.0,6.0,93.24,C,C,0.011764705882352941,0.00019607843137254904,Direct from reserve,0,0,5.333333333333333,2
PH10248,Prednisolone 5mg Tablets 10x10,Halvora Healthcare,Tablets,Below 25C,439.0,58149.0,1453725.0,A,A,5.1647058823529415,0.7917892156862746,Ground pick face,1,0,4.123063165316687,12
PH10249,Sertraline 100mg Tablets 3x10,Venrick Laboratories,Tablets,Below 25C,86.0,4980.0,11653.199999999999,A,C,1.011764705882353,0.12205882352941176,Ground pick face,1,0,8.850602409638554,2
PH10250,Levothyroxine 100mcg Tablets 100s,Dunmore Therapeutics,Tablets,Below 25C,199.0,17700.0,390639.0,A,A,2.3411764705882354,0.1446078431372549,Ground pick face,1,0,2.512994350282486,12
PH10251,Rosuvastatin 5mg Tablets 100s,Marwick Pharmaceuticals,Tablets,Below 25C,14.0,1146.0,8789.82,C,C,0.16470588235294117,0.012483660130718952,Direct from reserve,0,0,7.214659685863874,2
PH10252,Amlodipine 5mg Tablets 3x10,Arcadine Pharma,Tablets,Below 25C,56.0,3277.0,33097.7,B,B,0.6588235294117647,0.06693218954248366,Shelving pick bin,0,1,5.501373207201709,4
PH10253,Metoprolol 50mg Tablets 10x10,Halvora Healthcare,Tablets,Below 25C,399.0,47839.0,1184493.6400000001,A,A,4.694117647058824,0.2931311274509804,Ground pick face,1,0,5.3453458475302575,12
PH10254,Gliclazide 80mg Tablets 100s,Marwick Pharmaceuticals,Tablets,Below 25C,20.0,684.0,11368.08,C,C,0.23529411764705882,0.013970588235294118,Direct from reserve,0,0,17.994152046783626,2
PH10255,Diclofenac 50mg Tablets 100s,Corvane Pharma,Tablets,Below 25C,119.0,10016.0,193709.44,A,A,1.4,0.16366013071895427,Ground pick face,1,0,4.926517571884984,12
PH10256,Telmisartan 80mg Tablets 10x10,Halvora Healthcare,Tablets,Below 25C,286.0,23966.0,239660.0,A,A,3.364705882352941,0.2797152194211018,Ground pick face,1,0,6.352165567887841,12
PH10257,Prednisolone 5mg Tablets 100s,Corvane Pharma,Tablets,Below 25C,663.0,82934.0,1373387.0399999998,A,A,7.8,0.635217524509804,Ground pick face,1,0,1.6119323799647913,12
PH10258,Carvedilol 6.25mg Tablets 2x14,Marwick Pharmaceuticals,Tablets,Below 25C,9.0,146.0,1652.72,C,C,0.10588235294117647,0.005964052287581699,Direct from reserve,0,0,18.08219178082192,2
PH10259,Glimepiride 2mg Tablets 2x14,Arcadine Pharma,Tablets,Below 25C,8.0,812.0,13056.96,C,C,0.09411764705882353,0.011056644880174292,Direct from reserve,0,0,5.719211822660099,2
PH10260,Clopidogrel 75mg Tablets 100s,Halvora Healthcare,Tablets,Below 25C,15.0,776.0,15892.48,C,C,0.17647058823529413,0.019019607843137252,Direct from reserve,0,0,7.88659793814433,2
PH10261,Fish Oil Omega-3 1000mg Capsules 10x10,Venrick Laboratories,Capsules,Below 25C,28.0,2655.0,56418.75,B,B,0.32941176470588235,0.04338235294117647,Shelving pick bin,0,1,3.328060263653484,4
PH10262,Itraconazole 100mg Capsules 2x14,Marwick Pharmaceuticals,Capsules,Below 25C,23.0,597.0,5713.29,C,C,0.27058823529411763,0.02438725490196078,Direct from reserve,0,0,16.482412060301506,2
PH10263,Fluoxetine 20mg Capsules 60s,Venrick Laboratories,Capsules,Below 25C,34.0,1425.0,39415.5,B,B,0.4,0.031045751633986925,Shelving pick bin,0,1,4.429473684210526,4
PH10264,Vitamin D3 1000IU Capsules 30s,Corvane Pharma,Capsules,Below 25C,59.0,4297.0,45548.2,B,B,0.6941176470588235,0.12036414565826328,Shelving pick bin,0,1,5.158017221317198,4
PH10265,Cefalexin 500mg Capsules 30s,Venrick Laboratories,Capsules,Below 25C,8.0,773.0,12769.96,C,C,0.09411764705882353,0.025261437908496734,Direct from reserve,0,0,9.148771021992237,2
PH10266,Itraconazole 100mg Capsules 60s,Venrick Laboratories,Capsules,Below 25C,46.0,3972.0,18032.88,B,C,0.5411764705882353,0.04867647058823529,Shelving pick bin,0,1,3.9506545820745216,2
PH10267,Pregabalin 150mg Capsules 2x14,Solandra Health,Capsules,Below 25C,5.0,27.0,557.82,C,C,0.058823529411764705,0.0008823529411764706,Direct from reserve,0,0,24.74074074074074,2
PH10268,Fluoxetine 20mg Capsules 30s,Venrick Laboratories,Capsules,Below 25C,18.0,1011.0,15963.689999999999,C,C,0.21176470588235294,0.12389705882352942,Direct from reserve,0,0,7.596439169139466,2
PH10269,Cefalexin 250mg Capsules 3x10,Corvane Pharma,Capsules,Below 25C,4.0,907.0,18774.899999999998,C,C,0.047058823529411764,0.005928104575163399,Direct from reserve,0,0,7.109151047409041,2
PH10270,Doxycycline 100mg Capsules 10x10,Corvane Pharma,Capsules,Below 25C,369.0,43101.0,1033992.99,A,A,4.341176470588235,0.2347549019607843,Ground pick face,1,0,6.643650959374493,12
PH10271,Vitamin D3 1000IU Capsules 10x10,Venrick Laboratories,Capsules,Below 25C,0.0,0.0,0.0,D,D,0.0,0.0,No pick face,0,0,inf,1
PH10272,Amoxicillin 500mg Capsules 10x10,Solandra Health,Capsules,Below 25C,15.0,1345.0,27021.05,C,C,0.17647058823529413,0.018314270152505446,Direct from reserve,0,0,4.5055762081784385,2
PH10273,Amoxicillin 250mg Capsules 30s,Corvane Pharma,Capsules,Below 25C,2.0,78.0,937.56,C,C,0.023529411764705882,0.001019607843137255,Direct from reserve,0,0,8.615384615384615,2
PH10274,Amoxicillin 250mg Capsules 2x14,Solandra Health,Capsules,Below 25C,64.0,9133.0,221749.24000000002,B,A,0.7529411764705882,0.0895392156862745,Shelving pick bin,0,1,3.1661009525895105,12
PH10275,Gabapentin 300mg Capsules 30s,Marwick Pharmaceuticals,Capsules,Below 25C,61.0,2812.0,53568.6,B,B,0.7176470588235294,0.1531590413943355,Shelving pick bin,0,1,3.9559032716927454,4
PH10276,Doxycycline 100mg Capsules 3x10,Corvane Pharma,Capsules,Below 25C,19.0,1113.0,30407.16,C,B,0.2235294117647059,0.021823529411764707,Direct from reserve,0,0,3.105121293800539,4
PH10277,Tamsulosin 400mcg Capsules 30s,Corvane Pharma,Capsules,Below 25C,5.0,505.0,6686.2,C,C,0.058823529411764705,0.008251633986928105,Direct from reserve,0,0,14.003960396039604,2
PH10278,Itraconazole 100mg Capsules 10x10,Marwick Pharmaceuticals,Capsules,Below 25C,1.0,6.0,51.480000000000004,C,C,0.011764705882352941,0.00014705882352941175,Direct from reserve,0,0,8.0,2
PH10279,Amoxicillin 500mg Capsules 3x10,Marwick Pharmaceuticals,Capsules,Below 25C,14.0,230.0,1414.5,C,C,0.16470588235294117,0.014093137254901961,Direct from reserve,0,0,18.121739130434783,2
PH10280,Tamsulosin 400mcg Capsules 60s,Venrick Laboratories,Capsules,Below 25C,32.0,2622.0,10173.36,B,C,0.3764705882352941,0.06426470588235293,Shelving pick bin,0,1,7.636918382913806,2
PH10281,Gabapentin 300mg Capsules 60s,Corvane Pharma,Capsules,Below 25C,204.0,11209.0,313067.37,A,A,2.4,0.6105119825708061,Ground pick face,1,0,4.483540012489963,12
PH10282,Omeprazole 40mg Capsules 3x10,Corvane Pharma,Capsules,Below 25C,67.0,4021.0,64215.37,B,B,0.788235294117647,0.054752178649237475,Shelving pick bin,0,1,4.9788609798557575,4
PH10283,Iron Folic 150mg Capsules 10x10,Corvane Pharma,Capsules,Below 25C,152.0,12043.0,207139.6,A,A,1.7882352941176471,0.18448223039215686,Ground pick face,1,0,4.608818400730715,12
PH10284,Iron Folic 150mg Capsules 60s,Venrick Laboratories,Capsules,Below 25C,18.0,892.0,10213.4,C,C,0.21176470588235294,0.02915032679738562,Direct from reserve,0,0,12.57847533632287,2
PH10285,Pregabalin 75mg Capsules 2x14,Venrick Laboratories,Capsules,Below 25C,26.0,1637.0,25062.47,B,C,0.3058823529411765,0.03343545751633987,Shelving pick bin,0,1,10.878436163714111,2
PH10286,Itraconazole 100mg Capsules 30s,Corvane Pharma,Capsules,Below 25C,57.0,5782.0,148886.5,B,A,0.6705882352941176,0.07558169934640523,Shelving pick bin,0,1,5.759252853683846,12
PH10287,Gabapentin 300mg Capsules 2x14,Venrick Laboratories,Capsules,Below 25C,42.0,5228.0,33302.36,B,B,0.49411764705882355,0.15376470588235294,Shelving pick bin,0,1,6.409334353481254,4
PH10288,Fluoxetine 20mg Capsules 3x10,Corvane Pharma,Capsules,Below 25C,12.0,524.0,1881.1599999999999,C,C,0.1411764705882353,0.008562091503267973,Direct from reserve,0,0,12.221374045801527,2
PH10289,Omeprazole 40mg Capsules 60s,Marwick Pharmaceuticals,Capsules,Below 25C,80.0,4168.0,42180.159999999996,A,B,0.9411764705882353,0.05837535014005602,Ground pick face,1,0,7.563339731285988,4
PH10290,Cefalexin 250mg Capsules 10x10,Corvane Pharma,Capsules,Below 25C,37.0,1688.0,15867.2,B,C,0.43529411764705883,0.062058823529411763,Shelving pick bin,0,1,3.5260663507109005,2
PH10291,Omeprazole 40mg Capsules 30s,Marwick Pharmaceuticals,Capsules,Below 25C,10.0,300.0,8547.0,C,C,0.11764705882352941,0.024509803921568627,Direct from reserve,0,0,5.786666666666667,2
PH10292,Iron Folic 150mg Capsules 3x10,Marwick Pharmaceuticals,Capsules,Below 25C,45.0,1837.0,26177.25,B,C,0.5294117647058824,0.02501361655773421,Shelving pick bin,0,1,4.875340228633642,2
PH10293,Itraconazole 100mg Capsules 3x10,Corvane Pharma,Capsules,Below 25C,10.0,1588.0,35142.439999999995,C,B,0.11764705882352941,0.011676470588235295,Direct from reserve,0,0,11.97984886649874,4
PH10294,Pregabalin 150mg Capsules 10x10,Corvane Pharma,Capsules,Below 25C,19.0,1564.0,24242.0,C,C,0.2235294117647059,0.007666666666666666,Direct from reserve,0,0,13.08695652173913,2
PH10295,Tamsulosin 400mcg Capsules 2x14,Venrick Laboratories,Capsules,Below 25C,16.0,2538.0,55734.48,C,B,0.18823529411764706,0.02488235294117647,Direct from reserve,0,0,9.241922773837667,4
PH10296,Vitamin D3 1000IU Capsules 3x10,Venrick Laboratories,Capsules,Below 25C,24.0,4109.0,85179.57,C,B,0.2823529411764706,0.12085294117647058,Direct from reserve,0,0,14.018009247992213,4
PH10297,Amoxicillin 500mg Capsules 30s,Corvane Pharma,Capsules,Below 25C,108.0,5379.0,17643.12,A,C,1.2705882352941176,0.11718954248366013,Ground pick face,1,0,11.078639152258784,2
PH10298,Tamsulosin 400mcg Capsules 10x10,Venrick Laboratories,Capsules,Below 25C,3.0,1322.0,25250.2,C,C,0.03529411764705882,0.05400326797385621,Direct from reserve,0,0,17.921331316187594,2
PH10299,Iron Folic 150mg Capsules 30s,Corvane Pharma,Capsules,Below 25C,49.0,3500.0,66150.0,B,B,0.5764705882352941,0.05718954248366012,Shelving pick bin,0,1,3.6685714285714286,4
PH10300,Iron Folic 150mg Capsules 2x14,Corvane Pharma,Capsules,Below 25C,20.0,823.0,5201.360000000001,C,C,0.23529411764705882,0.008965141612200436,Direct from reserve,0,0,5.32685297691373,2
PH10301,Doxycycline 100mg Capsules 2x14,Venrick Laboratories,Capsules,Below 25C,7.0,234.0,1691.8200000000002,C,C,0.08235294117647059,0.0032773109243697477,Direct from reserve,0,0,3.58974358974359,2
PH10302,Fish Oil Omega-3 1000mg Capsules 3x10,Corvane Pharma,Capsules,Below 25C,3.0,285.0,2280.0,C,C,0.03529411764705882,0.00931372549019608,Direct from reserve,0,0,19.29824561403509,2
PH10303,Omeprazole 40mg Capsules 2x14,Venrick Laboratories,Capsules,Below 25C,65.0,4391.0,94143.04000000001,B,B,0.7647058823529411,0.07174836601307188,Shelving pick bin,0,1,6.5160555682076975,4
PH10305,Pregabalin 75mg Capsules 60s,Solandra Health,Capsules,Below 25C,34.0,2232.0,30779.28,B,B,0.4,0.03907563025210085,Shelving pick bin,0,1,2.206093189964158,4
PH10306,Omeprazole 40mg Capsules 10x10,Corvane Pharma,Capsules,Below 25C,53.0,3989.0,59835.0,B,B,0.6235294117647059,0.12221200980392158,Shelving pick bin,0,1,6.741539232890449,4
PH10307,Vitamin D3 1000IU Capsules 2x14,Corvane Pharma,Capsules,Below 25C,248.0,22973.0,674257.55,A,A,2.9176470588235293,0.2111488970588235,Ground pick face,1,0,4.873373090149306,12
PH10308,Pregabalin 75mg Capsules 10x10,Marwick Pharmaceuticals,Capsules,Below 25C,276.0,21605.0,336389.85000000003,A,A,3.2470588235294118,0.7060457516339871,Ground pick face,1,0,3.86317981948623,12
PH10309,Fluoxetine 20mg Capsules 2x14,Venrick Laboratories,Capsules,Below 25C,108.0,5863.0,41334.15,A,B,1.2705882352941176,0.7185049019607843,Ground pick face,1,0,6.907726419921542,4
PH10310,Amoxicillin 500mg Capsules 60s,Venrick Laboratories,Capsules,Below 25C,110.0,6230.0,101175.2,A,A,1.2941176470588236,0.10179738562091503,Ground pick face,1,0,1.4253611556982344,12
PH10311,Gabapentin 300mg Capsules 3x10,Venrick Laboratories,Capsules,Below 25C,800.0,54251.0,572348.05,A,A,9.411764705882353,0.886454248366013,Ground pick face,1,0,4.840611232972664,12
PH10312,Amoxicillin 250mg Capsules 3x10,Corvane Pharma,Capsules,Below 25C,58.0,4552.0,56353.76,B,B,0.6823529411764706,0.08264342774146695,Shelving pick bin,0,1,4.304920913884007,4
PH10313,Cefalexin 250mg Capsules 30s,Venrick Laboratories,Capsules,Below 25C,89.0,6781.0,79676.75,A,B,1.0470588235294118,0.11396638655462185,Ground pick face,1,0,13.898834980091433,4
PH10314,Fish Oil Omega-3 1000mg Capsules 30s,Corvane Pharma,Capsules,Below 25C,70.0,4928.0,133598.08,B,A,0.8235294117647058,0.1207843137254902,Shelving pick bin,0,1,6.349025974025974,12
PH10315,Cefalexin 250mg Capsules 60s,Venrick Laboratories,Capsules,Below 25C,11.0,1396.0,16040.04,C,C,0.12941176470588237,0.013686274509803921,Direct from reserve,0,0,7.455587392550143,2
PH10316,Doxycycline 100mg Capsules 30s,Venrick Laboratories,Capsules,Below 25C,26.0,911.0,14648.88,B,C,0.3058823529411765,0.02977124183006536,Shelving pick bin,0,1,7.771679473106476,2
PH10317,Omeprazole 20mg Capsules 60s,Corvane Pharma,Capsules,Below 25C,42.0,4543.0,115619.34999999999,B,A,0.49411764705882355,0.021209150326797387,Shelving pick bin,0,1,3.487563284173454,12
PH10318,Cefalexin 500mg Capsules 10x10,Corvane Pharma,Capsules,Below 25C,33.0,1733.0,15735.64,B,C,0.38823529411764707,0.04247549019607843,Shelving pick bin,0,1,6.435083669936526,2
PH10319,Cefalexin 500mg Capsules 3x10,Corvane Pharma,Capsules,Below 25C,37.0,2447.0,42284.16,B,B,0.43529411764705883,0.1332788671023965,Shelving pick bin,0,1,3.5275847977114836,4
PH10320,Tamsulosin 400mcg Capsules 3x10,Venrick Laboratories,Capsules,Below 25C,14.0,444.0,3742.92,C,C,0.16470588235294117,0.014509803921568627,Direct from reserve,0,0,6.900900900900901,2
PH10321,Cefalexin 250mg Capsules 2x14,Venrick Laboratories,Capsules,Below 25C,81.0,5086.0,38348.44,A,B,0.9529411764705882,0.051940359477124186,Ground pick face,1,0,6.463232402674007,4
PH10322,Fluoxetine 20mg Capsules 10x10,Marwick Pharmaceuticals,Capsules,Below 25C,11.0,625.0,7843.75,C,C,0.12941176470588237,0.0025531045751633987,Direct from reserve,0,0,9.7024,2
PH10323,Amoxicillin 250mg Capsules 60s,Venrick Laboratories,Capsules,Below 25C,66.0,5221.0,141541.31,B,A,0.7764705882352941,0.09597426470588236,Shelving pick bin,0,1,9.388239800804444,12
PH10324,Omeprazole 20mg Capsules 3x10,Corvane Pharma,Capsules,Below 25C,9.0,235.0,2154.95,C,C,0.10588235294117647,0.005759803921568627,Direct from reserve,0,0,8.493617021276595,2
PH10325,Omeprazole 20mg Capsules 10x10,Venrick Laboratories,Capsules,Below 25C,0.0,0.0,0.0,D,D,0.0,0.0,No pick face,0,0,inf,1
PH10326,Cefalexin 500mg Capsules 60s,Solandra Health,Capsules,Below 25C,7.0,745.0,14803.150000000001,C,C,0.08235294117647059,0.012173202614379085,Direct from reserve,0,0,17.99194630872483,2
PH10327,Vitamin D3 1000IU Capsules 60s,Venrick Laboratories,Capsules,Below 25C,23.0,730.0,20615.199999999997,C,C,0.27058823529411763,0.05964052287581698,Direct from reserve,0,0,9.441095890410958,2
PH10328,Amoxicillin 250mg Capsules 10x10,Corvane Pharma,Capsules,Below 25C,92.0,4426.0,67540.76,A,B,1.0823529411764705,0.24106753812636164,Ground pick face,1,0,3.7921373700858565,4
PH10329,Pregabalin 150mg Capsules 60s,Venrick Laboratories,Capsules,Below 25C,18.0,689.0,17080.309999999998,C,C,0.21176470588235294,0.0062545388525780685,Direct from reserve,0,0,2.653120464441219,2
PH10330,Fish Oil Omega-3 1000mg Capsules 60s,Venrick Laboratories,Capsules,Below 25C,20.0,1212.0,9283.92,C,C,0.23529411764705882,0.0396078431372549,Direct from reserve,0,0,7.37953795379538,2
PH10331,Cetirizine 5mg/5ml Syrup 200ml,Solandra Health,Syrups,Below 25C,71.0,3658.0,25386.52,B,C,0.8352941176470589,0.24904684095860566,Shelving pick bin,0,1,6.40787315472936,2
PH10332,Paracetamol 120mg/5ml Syrup 100ml,Solandra Health,Syrups,Below 25C,21.0,1114.0,3631.64,C,C,0.24705882352941178,0.05572228891556622,Direct from reserve,0,0,2.8940754039497305,2
PH10333,Cough Expectorant Syrup 100ml,Halvora Healthcare,Syrups,Below 25C,76.0,2801.0,18122.469999999998,B,C,0.8941176470588236,0.17162990196078431,Shelving pick bin,0,1,3.8657622277757944,2
PH10334,Multivitamin Syrup 200ml,Halvora Healthcare,Syrups,Below 25C,239.0,8589.0,73779.51,A,B,2.8117647058823527,0.30073529411764705,Ground pick face,1,0,12.188147630690418,4
PH10335,Iron Tonic Syrup 200ml,Solandra Health,Syrups,Below 25C,190.0,8781.0,41182.89000000001,A,B,2.235294117647059,0.19927832244008714,Ground pick face,1,0,13.29370231180959,4
PH10336,Iron Tonic Syrup 60ml,Solandra Health,Syrups,Below 25C,11.0,452.0,2395.6,C,C,0.12941176470588237,0.013848039215686276,Direct from reserve,0,0,7.84070796460177,2
PH10338,Paracetamol 120mg/5ml Syrup 60ml,Halvora Healthcare,Syrups,Below 25C,611.0,30153.0,108550.8,A,A,7.188235294117647,0.5278886554621849,Ground pick face,1,0,2.9192451829005406,12
PH10339,Amoxicillin 125mg/5ml Dry Syrup 60ml,Halvora Healthcare,Syrups,Below 25C,203.0,8149.0,35855.600000000006,A,B,2.388235294117647,0.28532913165266105,Ground pick face,1,0,3.208737268376488,4
PH10340,Loratadine 5mg/5ml Syrup 200ml,Halvora Healthcare,Syrups,Below 25C,301.0,15665.0,107148.59999999999,A,A,3.541176470588235,0.3199550653594771,Ground pick face,1,0,10.341015001595915,12
PH10342,Ibuprofen 100mg/5ml Suspension 60ml,Halvora Healthcare,Syrups,Below 25C,13.0,739.0,4456.17,C,C,0.15294117647058825,0.030187908496732023,Direct from reserve,0,0,7.7347767253044655,2
PH10343,Cough Expectorant Syrup 60ml,Halvora Healthcare,Syrups,Below 25C,106.0,3525.0,29856.750000000004,A,B,1.2470588235294118,0.41141456582633057,Ground pick face,1,0,5.767943262411348,4
PH10344,Cetirizine 5mg/5ml Syrup 60ml,Halvora Healthcare,Syrups,Below 25C,6.0,244.0,2242.3599999999997,C,C,0.07058823529411765,0.007475490196078431,Direct from reserve,0,0,6.409836065573771,2
PH10345,Lactulose 3.3g/5ml Solution 100ml,Solandra Health,Syrups,Below 25C,21.0,712.0,3859.04,C,C,0.24705882352941178,0.0727124183006536,Direct from reserve,0,0,3.460674157303371,2
PH10346,Salbutamol 2mg/5ml Syrup 200ml,Solandra Health,Syrups,Below 25C,77.0,3345.0,28432.5,B,B,0.9058823529411765,0.09109477124183009,Shelving pick bin,0,1,5.861883408071749,4
PH10347,Iron Tonic Syrup 100ml,Solandra Health,Syrups,Below 25C,48.0,2275.0,26799.5,B,C,0.5647058823529412,0.12391067538126362,Shelving pick bin,0,1,5.35032967032967,2
PH10348,Cough Expectorant Syrup 200ml,Solandra Health,Syrups,Below 25C,15.0,677.0,6973.1,C,C,0.17647058823529413,0.04097070927136287,Direct from reserve,0,0,2.806499261447563,2
PH10349,Antacid Oral Suspension 100ml,Halvora Healthcare,Syrups,Below 25C,72.0,2348.0,10871.24,B,C,0.8470588235294118,0.07193627450980392,Shelving pick bin,0,1,5.459965928449744,2
PH10350,Amoxicillin 125mg/5ml Dry Syrup 200ml,Halvora Healthcare,Syrups,Below 25C,25.0,1125.0,12667.5,B,C,0.29411764705882354,0.02757352941176471,Shelving pick bin,0,1,6.001777777777778,2
PH10351,Antacid Oral Suspension 200ml,Solandra Health,Syrups,Below 25C,93.0,3571.0,13926.9,A,C,1.0941176470588236,0.36468545751633985,Ground pick face,1,0,5.5603472416690005,2
PH10352,Paracetamol 120mg/5ml Syrup 200ml,Halvora Healthcare,Syrups,Below 25C,17.0,318.0,1167.06,C,C,0.2,0.0051960784313725495,Direct from reserve,0,0,22.842767295597483,2
PH10353,Multivitamin Syrup 60ml,Halvora Healthcare,Syrups,Below 25C,36.0,2369.0,12839.98,B,C,0.4235294117647059,0.048386437908496734,Shelving pick bin,0,1,6.689742507387083,2
PH10354,Oral Rehydration Solution 200ml,Halvora Healthcare,Syrups,Below 25C,5.0,211.0,2515.12,C,C,0.058823529411764705,0.004596949891067539,Direct from reserve,0,0,7.090047393364929,2
PH10355,Loratadine 5mg/5ml Syrup 100ml,Solandra Health,Syrups,Below 25C,563.0,22528.0,236994.56,A,A,6.623529411764705,0.6816751391914792,Ground pick face,1,0,3.2308238636363638,12
PH10356,Azithromycin 200mg/5ml Suspension 200ml,Solandra Health,Syrups,Below 25C,352.0,18564.0,185083.08000000002,A,A,4.141176470588236,0.4739583333333333,Ground pick face,1,0,4.352725705666882,12
PH10357,Amoxicillin 125mg/5ml Dry Syrup 100ml,Solandra Health,Syrups,Below 25C,8.0,339.0,1549.23,C,C,0.09411764705882353,0.01107843137254902,Direct from reserve,0,0,3.752212389380531,2
PH10358,Oral Rehydration Solution 60ml,Halvora Healthcare,Syrups,Below 25C,16.0,323.0,3472.25,C,C,0.18823529411764706,0.007916666666666667,Direct from reserve,0,0,5.758513931888545,2
PH10359,Salbutamol 2mg/5ml Syrup 60ml,Solandra Health,Syrups,Below 25C,182.0,10416.0,109368.0,A,A,2.1411764705882352,0.1891067538126362,Ground pick face,1,0,3.0844854070660523,12
PH10360,Cetirizine 5mg/5ml Syrup 100ml,Halvora Healthcare,Syrups,Below 25C,7.0,286.0,3291.86,C,C,0.08235294117647059,0.006230936819172113,Direct from reserve,0,0,11.146853146853147,2
PH10361,Antacid Oral Suspension 60ml,Halvora Healthcare,Syrups,Below 25C,139.0,5813.0,39005.23,A,B,1.6352941176470588,0.15830610021786493,Ground pick face,1,0,2.8597970067091003,4
PH10362,Salbutamol 2mg/5ml Syrup 100ml,Halvora Healthcare,Syrups,Below 25C,128.0,6080.0,32041.6,A,B,1.5058823529411764,0.24836601307189543,Ground pick face,1,0,4.363815789473684,4
PH10363,Multivitamin Syrup 100ml,Solandra Health,Syrups,Below 25C,17.0,731.0,7953.280000000001,C,C,0.2,0.01990740740740741,Direct from reserve,0,0,2.971272229822161,2
PH10364,Loratadine 5mg/5ml Syrup 60ml,Halvora Healthcare,Syrups,Below 25C,183.0,8619.0,32062.68,A,B,2.152941176470588,0.1467013888888889,Ground pick face,1,0,3.613412228796844,4
PH10365,Ibuprofen 100mg/5ml Suspension 100ml,Solandra Health,Syrups,Below 25C,52.0,2276.0,15613.36,B,C,0.611764705882353,0.2066085693536674,Shelving pick bin,0,1,5.253075571177504,2
PH10366,Lactulose 3.3g/5ml Solution 60ml,Halvora Healthcare,Syrups,Below 25C,45.0,1652.0,14735.84,B,C,0.5294117647058824,0.05998547567175017,Shelving pick bin,0,1,5.174334140435835,2
PH10367,Zinc Sulfate Syrup 200ml,Solandra Health,Syrups,Below 25C,55.0,2848.0,18284.16,B,C,0.6470588235294118,0.08725490196078432,Shelving pick bin,0,1,11.47191011235955,2
PH10368,Lactulose 3.3g/5ml Solution 200ml,Solandra Health,Syrups,Below 25C,49.0,2535.0,26110.5,B,C,0.5764705882352941,0.09708180147058823,Shelving pick bin,0,1,9.598422090729784,2
PH10369,Ibuprofen 100mg/5ml Suspension 200ml,Solandra Health,Syrups,Below 25C,1.0,20.0,62.400000000000006,C,C,0.011764705882352941,0.002334267040149393,Direct from reserve,0,0,10.0,2
PH10370,Zinc Sulfate Syrup 60ml,Halvora Healthcare,Syrups,Below 25C,40.0,1455.0,10796.1,B,C,0.47058823529411764,0.03714767156862745,Shelving pick bin,0,1,10.081099656357388,2
PH10371,Glucose 4% + NaCl 0.18% IV 250ml Bag,Clearford Infusions,IV Fluids,Below 25C,46.0,1789.0,10161.519999999999,B,C,0.5411764705882353,0.5481004901960785,Shelving pick bin,0,1,6.403577417551705,2
PH10372,Glucose 4% + NaCl 0.18% IV 1000ml Bag,Clearford Infusions,IV Fluids,Below 25C,43.0,1876.0,3676.96,B,C,0.5058823529411764,0.5108932461873639,Shelving pick bin,0,1,5.963752665245202,2
PH10373,Compound Sodium Lactate IV 1000ml Bottle,Clearford Infusions,IV Fluids,Below 25C,118.0,3775.0,19101.5,A,C,1.388235294117647,1.8504901960784312,Ground pick face,1,0,3.104635761589404,2
PH10374,Sodium Chloride 0.45% IV 1000ml Bottle,Clearford Infusions,IV Fluids,Below 25C,27.0,613.0,1526.3700000000001,B,C,0.3176470588235294,0.08346949891067539,Shelving pick bin,0,1,6.309951060358891,2
PH10375,Dextrose 5% IV 1000ml Bag,Clearford Infusions,IV Fluids,Below 25C,85.0,2784.0,15033.6,A,C,1.0,0.3411764705882353,Ground pick face,1,0,6.517241379310345,2
PH10376,Sodium Chloride 0.9% IV 1000ml Bottle,Clearford Infusions,IV Fluids,Below 25C,146.0,5957.0,23113.16,A,C,1.7176470588235293,0.9733660130718955,Ground pick face,1,0,3.334564378042639,2
PH10377,Dextrose 10% IV 250ml Bag,Clearford Infusions,IV Fluids,Below 25C,18.0,412.0,1779.8400000000001,C,C,0.21176470588235294,0.06732026143790851,Direct from reserve,0,0,6.524271844660194,2
PH10378,Sodium Chloride 0.9% IV 1000ml Bag,Clearford Infusions,IV Fluids,Below 25C,57.0,1197.0,5877.27,B,C,0.6705882352941176,0.3667279411764706,Shelving pick bin,0,1,10.990810359231412,2
PH10379,Glucose 4% + NaCl 0.18% IV 500ml Bag,Clearford Infusions,IV Fluids,Below 25C,17.0,779.0,4284.5,C,C,0.2,0.3818627450980392,Direct from reserve,0,0,6.197689345314505,2
PH10380,Compound Sodium Lactate IV 1000ml Bag,Clearford Infusions,IV Fluids,Below 25C,51.0,2010.0,6512.400000000001,B,C,0.6,0.7882352941176471,Shelving pick bin,0,1,3.000995024875622,2
PH10381,Dextrose 5% IV 500ml Bag,Clearford Infusions,IV Fluids,Below 25C,174.0,6090.0,13946.1,A,C,2.0470588235294116,0.7463235294117648,Ground pick face,1,0,5.042364532019705,2
PH10382,Glucose 4% + NaCl 0.18% IV 1000ml Bottle,Clearford Infusions,IV Fluids,Below 25C,114.0,4009.0,15715.279999999999,A,C,1.3411764705882352,1.3101307189542482,Ground pick face,1,0,3.35445248191569,2
PH10383,Sodium Chloride 0.45% IV 250ml Bag,Clearford Infusions,IV Fluids,Below 25C,3.0,167.0,257.18,C,C,0.03529411764705882,0.027287581699346405,Direct from reserve,0,0,17.580838323353294,2
PH10384,Compound Sodium Lactate IV 250ml Bag,Clearford Infusions,IV Fluids,Below 25C,11.0,503.0,900.37,C,C,0.12941176470588237,0.12328431372549019,Direct from reserve,0,0,4.882703777335984,2
PH10385,Glucose 4% + NaCl 0.18% IV 500ml Bottle,Clearford Infusions,IV Fluids,Below 25C,102.0,4500.0,25020.0,A,C,1.2,0.6617647058823529,Ground pick face,1,0,3.080888888888889,2
PH10386,Dextrose 10% IV 1000ml Bottle,Clearford Infusions,IV Fluids,Below 25C,3.0,205.0,707.25,C,C,0.03529411764705882,0.10049019607843136,Direct from reserve,0,0,12.429268292682927,2
PH10387,Dextrose 10% IV 500ml Bottle,Clearford Infusions,IV Fluids,Below 25C,34.0,1186.0,4684.7,B,C,0.4,0.38758169934640524,Shelving pick bin,0,1,6.350758853288364,2
PH10388,Dextrose 10% IV 1000ml Bag,Clearford Infusions,IV Fluids,Below 25C,13.0,279.0,485.46,C,C,0.15294117647058825,0.08547794117647059,Direct from reserve,0,0,8.716845878136201,2
PH10389,Sodium Chloride 0.45% IV 500ml Bag,Clearford Infusions,IV Fluids,Below 25C,58.0,1459.0,2903.41,B,C,0.6823529411764706,0.572156862745098,Shelving pick bin,0,1,9.527073337902673,2
PH10390,Compound Sodium Lactate IV 500ml Bag,Clearford Infusions,IV Fluids,Below 25C,0.0,0.0,0.0,D,D,0.0,0.0,No pick face,0,0,inf,1
PH10391,Compound Sodium Lactate IV 500ml Bottle,Clearford Infusions,IV Fluids,Below 25C,29.0,1841.0,6811.700000000001,B,C,0.3411764705882353,0.3760212418300653,Shelving pick bin,0,1,4.2020640956002175,2
PH10392,Sodium Chloride 0.9% IV 500ml Bottle,Clearford Infusions,IV Fluids,Below 25C,39.0,1275.0,3468.0000000000005,B,C,0.4588235294117647,0.3125,Shelving pick bin,0,1,2.5819607843137256,2
PH10393,Dextrose 5% IV 500ml Bottle,Clearford Infusions,IV Fluids,Below 25C,2.0,290.0,623.5,C,C,0.023529411764705882,0.07897603485838779,Direct from reserve,0,0,10.303448275862069,2
PH10394,Dextrose 10% IV 500ml Bag,Clearford Infusions,IV Fluids,Below 25C,113.0,5283.0,21290.49,A,C,1.3294117647058823,0.863235294117647,Ground pick face,1,0,3.994699981071361,2
PH10395,Dextrose 5% IV 250ml Bag,Clearford Infusions,IV Fluids,Below 25C,96.0,3165.0,13229.699999999999,A,C,1.1294117647058823,1.2928921568627452,Ground pick face,1,0,3.8913112164297,2
PH10396,Hydrocortisone 100mg Vial 1s,Dunmore Therapeutics,Injections,2-8C,78.0,2926.0,65249.8,B,B,0.9176470588235294,0.09562091503267973,Shelving pick bin,0,1,8.630211893369788,4
PH10397,Pantoprazole 40mg Vial 10s,Tessaline Biologics,Injections,Below 25C,5.0,275.0,3038.75,C,C,0.058823529411764705,0.003851540616246499,Direct from reserve,0,0,10.705454545454545,2
PH10398,Heparin 5000IU/ml 5ml Vial 10s,Tessaline Biologics,Injections,2-8C,31.0,5970.0,37372.2,B,B,0.36470588235294116,0.02787114845938375,Shelving pick bin,0,1,10.702177554438862,4
PH10399,Enoxaparin 40mg Prefilled Syringe 1s,Clearford Infusions,Injections,Below 25C,17.0,1150.0,42653.50000000001,C,B,0.2,0.009395424836601307,Direct from reserve,0,0,12.486956521739131,4
PH10400,Pantoprazole 40mg Vial 1s,Dunmore Therapeutics,Injections,Below 25C,94.0,9854.0,173430.40000000002,A,A,1.1058823529411765,0.04025326797385621,Ground pick face,1,0,13.52668966916988,12
PH10401,Lidocaine 2% 5ml Ampoule 10s,Dunmore Therapeutics,Injections,Below 25C,77.0,4712.0,180281.12,B,A,0.9058823529411765,0.06929411764705883,Shelving pick bin,0,1,3.5993208828522922,12
PH10402,Cefuroxime 750mg Vial 10s,Clearford Infusions,Injections,Below 25C,14.0,515.0,14589.949999999999,C,C,0.16470588235294117,0.002103758169934641,Direct from reserve,0,0,5.770873786407767,2
PH10403,Amikacin 500mg/2ml Vial 5s,Tessaline Biologics,Injections,Below 25C,33.0,2090.0,81092.0,B,B,0.38823529411764707,0.054640522875816985,Shelving pick bin,0,1,7.203827751196172,4
PH10404,Tramadol 100mg/2ml Ampoule 1s,Dunmore Therapeutics,Injections,Below 25C,73.0,2847.0,48228.18,B,B,0.8588235294117647,0.03044919786096257,Shelving pick bin,0,1,6.724271162627327,4
PH10405,Metoclopramide 10mg/2ml Ampoule 5s,Dunmore Therapeutics,Injections,2-8C,26.0,1629.0,11859.12,B,C,0.3058823529411765,0.043556149732620314,Shelving pick bin,0,1,10.025782688766114,2
PH10406,Dexamethasone 4mg/ml Ampoule 5s,Dunmore Therapeutics,Injections,2-8C,73.0,4465.0,94970.55,B,B,0.8588235294117647,0.14591503267973857,Shelving pick bin,0,1,5.627771556550952,4
PH10407,Pantoprazole 40mg Vial 5s,Dunmore Therapeutics,Injections,Below 25C,35.0,2059.0,33561.700000000004,B,B,0.4117647058823529,0.0756985294117647,Shelving pick bin,0,1,5.952404079650315,4
PH10408,Tramadol 100mg/2ml Ampoule 5s,Tessaline Biologics,Injections,Below 25C,25.0,2131.0,59923.72,B,B,0.29411764705882354,0.03482026143790849,Shelving pick bin,0,1,3.36931018301267,4
PH10409,Lidocaine 2% 5ml Ampoule 5s,Clearford Infusions,Injections,Below 25C,11.0,1615.0,33123.65,C,B,0.12941176470588237,0.009895833333333331,Direct from reserve,0,0,6.563467492260062,4
PH10410,Ondansetron 4mg/2ml Ampoule 10s,Tessaline Biologics,Injections,Below 25C,7.0,254.0,2687.32,C,C,0.08235294117647059,0.002766884531590414,Direct from reserve,0,0,5.165354330708661,2
PH10411,Cefuroxime 750mg Vial 5s,Dunmore Therapeutics,Injections,2-8C,4.0,142.0,4227.34,C,C,0.047058823529411764,0.003037433155080214,Direct from reserve,0,0,8.112676056338028,2
PH10412,Lidocaine 2% 5ml Ampoule 1s,Dunmore Therapeutics,Injections,Below 25C,0.0,0.0,0.0,D,D,0.0,0.0,No pick face,0,0,inf,1
PH10413,Metoclopramide 10mg/2ml Ampoule 1s,Dunmore Therapeutics,Injections,Below 25C,2.0,174.0,3852.36,C,C,0.023529411764705882,0.001599264705882353,Direct from reserve,0,0,11.126436781609195,2
PH10414,Furosemide 20mg/2ml Ampoule 5s,Tessaline Biologics,Injections,Below 25C,28.0,2098.0,52617.84,B,B,0.32941176470588235,0.03085294117647059,Shelving pick bin,0,1,8.945662535748331,4
PH10415,Metoclopramide 10mg/2ml Ampoule 10s,Clearford Infusions,Injections,2-8C,5.0,505.0,18518.350000000002,C,C,0.058823529411764705,0.009901960784313725,Direct from reserve,0,0,10.542574257425743,2
PH10416,Heparin 5000IU/ml 5ml Vial 1s,Tessaline Biologics,Injections,Below 25C,15.0,1308.0,39985.56,C,B,0.17647058823529413,0.008549019607843137,Direct from reserve,0,0,4.960244648318043,4
PH10417,Ketorolac 30mg/ml Ampoule 1s,Dunmore Therapeutics,Injections,2-8C,37.0,2136.0,68181.12000000001,B,B,0.43529411764705883,0.06980392156862746,Shelving pick bin,0,1,2.5786516853932584,4
PH10418,Ketorolac 30mg/ml Ampoule 10s,Tessaline Biologics,Injections,Below 25C,0.0,0.0,0.0,D,D,0.0,0.0,No pick face,0,0,inf,1
PH10419,Dexamethasone 4mg/ml Ampoule 10s,Clearford Infusions,Injections,Below 25C,19.0,1630.0,17946.3,C,C,0.2235294117647059,0.02130718954248366,Direct from reserve,0,0,6.539877300613497,2
PH10420,Enoxaparin 40mg Prefilled Syringe 10s,Tessaline Biologics,Injections,Below 25C,428.0,25371.0,500316.12,A,A,5.035294117647059,0.1554595588235294,Ground pick face,1,0,5.504710102085058,12
PH10421,Heparin 5000IU/ml 5ml Vial 5s,Tessaline Biologics,Injections,Below 25C,21.0,522.0,6519.78,C,C,0.24705882352941178,0.002558823529411765,Direct from reserve,0,0,19.0727969348659,2
PH10422,Amikacin 500mg/2ml Vial 10s,Dunmore Therapeutics,Injections,Below 25C,4.0,630.0,24318.0,C,C,0.047058823529411764,0.006862745098039215,Direct from reserve,0,0,3.0476190476190474,2
PH10423,Enoxaparin 40mg Prefilled Syringe 5s,Dunmore Therapeutics,Injections,Below 25C,11.0,723.0,13180.29,C,C,0.12941176470588237,0.008860294117647058,Direct from reserve,0,0,6.423236514522822,2
PH10424,Furosemide 20mg/2ml Ampoule 10s,Dunmore Therapeutics,Injections,Below 25C,4.0,41.0,175.07,C,C,0.047058823529411764,0.0002679738562091503,Direct from reserve,0,0,1.6585365853658536,2
PH10425,Dexamethasone 4mg/ml Ampoule 1s,Dunmore Therapeutics,Injections,2-8C,34.0,3175.0,15398.749999999998,B,C,0.4,0.0778186274509804,Shelving pick bin,0,1,8.14236220472441,2
PH10426,Ketorolac 30mg/ml Ampoule 5s,Clearford Infusions,Injections,2-8C,542.0,33340.0,537440.8,A,A,6.376470588235295,0.5447712418300653,Ground pick face,1,0,3.355608878224355,12
PH10427,Amikacin 500mg/2ml Vial 1s,Dunmore Therapeutics,Injections,Below 25C,492.0,45447.0,930754.56,A,A,5.788235294117647,0.3712990196078432,Ground pick face,1,0,4.920456795828107,12
PH10428,Hydrocortisone 100mg Vial 5s,Tessaline Biologics,Injections,2-8C,3.0,103.0,1988.9299999999998,C,C,0.03529411764705882,0.0012622549019607845,Direct from reserve,0,0,4.854368932038835,2
PH10429,Furosemide 20mg/2ml Ampoule 1s,Dunmore Therapeutics,Injections,Below 25C,10.0,317.0,12014.3,C,C,0.11764705882352941,0.010359477124183007,Direct from reserve,0,0,17.665615141955836,2
PH10430,Tramadol 100mg/2ml Ampoule 10s,Tessaline Biologics,Injections,Below 25C,68.0,9779.0,212302.09,B,A,0.8,0.044940257352941174,Shelving pick bin,0,1,1.8014111872379588,12
PH10431,Ceftriaxone 1g Vial 10s,Dunmore Therapeutics,Injections,Below 25C,15.0,1700.0,36346.0,C,B,0.17647058823529413,0.011111111111111112,Direct from reserve,0,0,1.6588235294117648,4
PH10432,Cefuroxime 750mg Vial 1s,Dunmore Therapeutics,Injections,Below 25C,553.0,50604.0,645707.04,A,A,6.5058823529411764,0.8268627450980393,Ground pick face,1,0,3.080151766658762,12
PH10433,Ceftriaxone 1g Vial 5s,Tessaline Biologics,Injections,Below 25C,2.0,16.0,270.24,C,C,0.023529411764705882,0.0005228758169934641,Direct from reserve,0,0,5.25,2
PH10434,Ceftriaxone 1g Vial 1s,Tessaline Biologics,Injections,2-8C,80.0,6212.0,102932.84,A,A,0.9411764705882353,0.05709558823529411,Ground pick face,1,0,6.473277527366387,12
PH10435,Ondansetron 4mg/2ml Ampoule 5s,Dunmore Therapeutics,Injections,Below 25C,15.0,1860.0,35544.6,C,B,0.17647058823529413,0.011397058823529413,Direct from reserve,0,0,11.389247311827956,4
PH10436,Insulin Biphasic 30/70 100IU/ml 10ml Vial,Tessaline Biologics,Cold Chain,2-8C,7.0,262.0,21696.22,C,C,0.08235294117647059,0.005504201680672269,Direct from reserve,0,0,4.931297709923665,2
PH10437,Hepatitis B Vaccine 10mcg Vial,Tessaline Biologics,Cold Chain,2-8C,0.0,0.0,0.0,D,D,0.0,0.0,No pick face,0,0,inf,1
PH10438,Insulin Isophane 100IU/ml 10ml Vial,Tessaline Biologics,Cold Chain,2-8C,27.0,2365.0,91478.2,B,B,0.3176470588235294,0.08431372549019607,Shelving pick bin,0,1,6.107399577167019,4
PH10439,Insulin Lispro 100IU/ml 1x3ml Pen,Tessaline Biologics,Cold Chain,2-8C,65.0,2829.0,210647.34,B,A,0.7647058823529411,0.05547058823529412,Shelving pick bin,0,1,3.2661717921527043,12
PH10440,Insulin Aspart 100IU/ml 5x3ml Pen,Tessaline Biologics,Cold Chain,2-8C,64.0,2553.0,272047.68,B,A,0.7529411764705882,0.046930147058823535,Shelving pick bin,0,1,7.692910301605954,12
PH10441,Rabies Vaccine 1ml Vial,Tessaline Biologics,Cold Chain,2-8C,60.0,1737.0,51554.159999999996,B,B,0.7058823529411765,0.17029411764705882,Shelving pick bin,0,1,2.9545192861255036,4
PH10442,Insulin Lispro 100IU/ml 10ml Vial,Tessaline Biologics,Cold Chain,2-8C,26.0,996.0,63096.6,B,B,0.3058823529411765,0.3254901960784313,Shelving pick bin,0,1,12.317269076305221,4
PH10443,Insulin Isophane 100IU/ml 5x3ml Cartridge,Tessaline Biologics,Cold Chain,2-8C,21.0,1017.0,70305.20999999999,C,B,0.24705882352941178,0.023929411764705883,Direct from reserve,0,0,8.869223205506392,4
PH10444,Influenza Vaccine 0.5ml PFS,Tessaline Biologics,Cold Chain,2-8C,156.0,5995.0,395969.75,A,A,1.8352941176470587,0.11754901960784313,Ground pick face,1,0,8.539783152627189,12
PH10445,Insulin Glargine 100IU/ml 5x3ml Pen,Tessaline Biologics,Cold Chain,2-8C,3.0,80.0,6523.200000000001,C,C,0.03529411764705882,0.0032679738562091504,Direct from reserve,0,0,2.05,2
PH10446,Insulin Glargine 100IU/ml 5x3ml Cartridge,Tessaline Biologics,Cold Chain,2-8C,113.0,4643.0,143654.42,A,A,1.3294117647058823,0.10267580716497125,Ground pick face,1,0,8.447124703855266,12
PH10447,Insulin Aspart 100IU/ml 10ml Vial,Tessaline Biologics,Cold Chain,2-8C,23.0,1093.0,90773.65,C,B,0.27058823529411763,0.04464869281045752,Direct from reserve,0,0,3.809698078682525,4
PH10448,Erythropoietin 4000IU PFS,Tessaline Biologics,Cold Chain,2-8C,2.0,97.0,10242.23,C,C,0.023529411764705882,0.0008915441176470587,Direct from reserve,0,0,13.731958762886597,2
PH10449,Insulin Aspart 100IU/ml 5x3ml Cartridge,Tessaline Biologics,Cold Chain,2-8C,22.0,1618.0,80851.45999999999,C,B,0.25882352941176473,0.013596638655462186,Direct from reserve,0,0,10.907292954264523,4
PH10450,Insulin Glargine 100IU/ml 1x3ml Pen,Tessaline Biologics,Cold Chain,2-8C,1.0,54.0,4236.839999999999,C,C,0.011764705882352941,0.0013931888544891642,Direct from reserve,0,0,14.074074074074074,2
PH10451,Insulin Aspart 100IU/ml 1x3ml Pen,Tessaline Biologics,Cold Chain,2-8C,61.0,2044.0,173392.52,B,A,0.7176470588235294,0.14313725490196078,Shelving pick bin,0,1,6.3209393346379645,12
PH10452,Insulin Lispro 100IU/ml 5x3ml Cartridge,Tessaline Biologics,Cold Chain,2-8C,13.0,544.0,25100.16,C,C,0.15294117647058825,0.004,Direct from reserve,0,0,9.198529411764707,2
PH10453,Insulin Biphasic 30/70 100IU/ml 1x3ml Pen,Tessaline Biologics,Cold Chain,2-8C,5.0,105.0,2241.75,C,C,0.058823529411764705,0.005147058823529412,Direct from reserve,0,0,11.961904761904762,2
PH10455,Tetanus Toxoid Vaccine 0.5ml,Tessaline Biologics,Cold Chain,2-8C,0.0,0.0,0.0,D,D,0.0,0.0,No pick face,0,0,inf,1
PH10456,Fusidic Acid 2% Cream 30g,Halvora Healthcare,Topicals,Below 25C,231.0,12877.0,175513.51,A,A,2.7176470588235295,0.5844680464778504,Ground pick face,1,0,12.109342238098936,12
PH10457,Miconazole 2% Cream 30g,Solandra Health,Topicals,Below 25C,108.0,5625.0,24468.749999999996,A,C,1.2705882352941176,0.0861672794117647,Ground pick face,1,0,11.773866666666667,2
PH10458,Hydrocortisone 1% Cream 30g,Pellaro Eye & Skin,Topicals,Below 25C,4.0,27.0,165.51,C,C,0.047058823529411764,0.00044117647058823526,Direct from reserve,0,0,8.296296296296296,2
PH10459,Fusidic Acid 2% Cream 50g,Pellaro Eye & Skin,Topicals,Below 25C,19.0,817.0,8603.01,C,C,0.2235294117647059,0.008343545751633987,Direct from reserve,0,0,6.854345165238678,2
PH10460,Emollient Cream 15g,Halvora Healthcare,Topicals,Below 25C,4.0,36.0,532.0799999999999,C,C,0.047058823529411764,0.00024509803921568627,Direct from reserve,0,0,13.0,2
PH10461,Clotrimazole 1% Cream 15g,Pellaro Eye & Skin,Topicals,Below 25C,3.0,516.0,3328.2000000000003,C,C,0.03529411764705882,0.0065870098039215695,Direct from reserve,0,0,9.426356589147288,2
PH10462,Betamethasone 0.1% Ointment 15g,Solandra Health,Topicals,Below 25C,968.0,46849.0,458183.22,A,A,11.388235294117647,0.7456232492997199,Ground pick face,1,0,5.004845354223143,12
PH10463,Diclofenac 1% Gel 15g,Pellaro Eye & Skin,Topicals,Below 25C,12.0,528.0,7867.2,C,C,0.1411764705882353,0.004493464052287582,Direct from reserve,0,0,5.181818181818182,2
PH10464,Clotrimazole 1% Cream 30g,Solandra Health,Topicals,Below 25C,24.0,1648.0,19364.0,C,C,0.2823529411764706,0.025245098039215687,Direct from reserve,0,0,2.371359223300971,2
PH10465,Calamine Lotion 50g,Pellaro Eye & Skin,Topicals,Below 25C,100.0,4015.0,42438.55,A,B,1.1764705882352942,0.05857551353874883,Ground pick face,1,0,5.023163138231632,4
PH10466,Aciclovir 5% Cream 50g,Pellaro Eye & Skin,Topicals,Below 25C,15.0,1177.0,7109.08,C,C,0.17647058823529413,0.010684458968772693,Direct from reserve,0,0,2.5012744265080715,2
PH10467,Calamine Lotion 15g,Pellaro Eye & Skin,Topicals,Below 25C,6.0,1044.0,10283.4,C,C,0.07058823529411765,0.023692810457516342,Direct from reserve,0,0,10.931034482758621,2
PH10468,Diclofenac 1% Gel 30g,Solandra Health,Topicals,Below 25C,31.0,1138.0,4859.259999999999,B,C,0.36470588235294116,0.007263582516339869,Shelving pick bin,0,1,3.0650263620386644,2
PH10469,Diclofenac 1% Gel 50g,Solandra Health,Topicals,Below 25C,25.0,535.0,3894.8,B,C,0.29411764705882354,0.009713144517066086,Shelving pick bin,0,1,12.91214953271028,2
PH10470,Salicylic Acid Ointment 30g,Solandra Health,Topicals,Below 25C,6.0,896.0,7669.76,C,C,0.07058823529411765,0.01715686274509804,Direct from reserve,0,0,16.40625,2
PH10471,Mupirocin 2% Ointment 50g,Solandra Health,Topicals,Below 25C,31.0,2959.0,33347.93,B,B,0.36470588235294116,0.01678808097312999,Shelving pick bin,0,1,2.8104089219330857,4
PH10472,Miconazole 2% Cream 50g,Pellaro Eye & Skin,Topicals,Below 25C,5.0,106.0,1055.76,C,C,0.058823529411764705,0.00173202614379085,Direct from reserve,0,0,8.075471698113208,2
PH10475,Betamethasone 0.1% Ointment 30g,Pellaro Eye & Skin,Topicals,Below 25C,120.0,4719.0,34779.03,A,B,1.411764705882353,0.24096200980392157,Ground pick face,1,0,5.633396906124179,4
PH10476,Betamethasone 0.1% Ointment 50g,Solandra Health,Topicals,Below 25C,9.0,164.0,910.1999999999999,C,C,0.10588235294117647,0.005024509803921568,Direct from reserve,0,0,7.487804878048781,2
PH10477,Salicylic Acid Ointment 15g,Pellaro Eye & Skin,Topicals,Below 25C,1.0,8.0,46.96,C,C,0.011764705882352941,9.077705156136529e-05,Direct from reserve,0,0,12.0,2
PH10478,Emollient Cream 30g,Pellaro Eye & Skin,Topicals,Below 25C,25.0,1275.0,16090.499999999998,C,C,0.29411764705882354,0.032552083333333336,Direct from reserve,0,0,5.311372549019608,2
PH10479,Emollient Cream 50g,Solandra Health,Topicals,Below 25C,52.0,4176.0,58296.96000000001,B,B,0.611764705882353,0.05686274509803921,Shelving pick bin,0,1,10.46168582375479,4
PH10480,Calamine Lotion 30g,Solandra Health,Topicals,Below 25C,89.0,4290.0,63105.9,A,B,1.0470588235294118,0.08762254901960785,Ground pick face,1,0,11.057342657342657,4
PH10481,Mupirocin 2% Ointment 15g,Pellaro Eye & Skin,Topicals,Below 25C,29.0,1382.0,19417.100000000002,B,C,0.3411764705882353,0.028227124183006536,Shelving pick bin,0,1,4.570188133140376,2
PH10482,Silver Sulfadiazine 1% Cream 30g,Pellaro Eye & Skin,Topicals,Below 25C,3.0,138.0,1811.94,C,C,0.03529411764705882,0.002562388591800356,Direct from reserve,0,0,22.3768115942029,2
PH10483,Silver Sulfadiazine 1% Cream 15g,Halvora Healthcare,Topicals,Below 25C,6.0,38.0,503.88,C,C,0.07058823529411765,0.0025871459694989107,Direct from reserve,0,0,16.31578947368421,2
PH10484,Hydrocortisone 1% Cream 50g,Solandra Health,Topicals,Below 25C,6.0,117.0,1611.09,C,C,0.07058823529411765,0.0014935661764705884,Direct from reserve,0,0,6.017094017094017,2
PH10485,Hydrocortisone 1% Cream 15g,Solandra Health,Topicals,Below 25C,17.0,670.0,9011.5,C,C,0.2,0.012164124909222949,Direct from reserve,0,0,6.931343283582089,2
PH10486,Artificial Tears Eye Drops 5ml,Pellaro Eye & Skin,Eye Drops,Below 25C,8.0,1487.0,20535.47,C,C,0.09411764705882353,0.005206582633053221,Direct from reserve,0,0,3.470073974445192,2
PH10487,Timolol 0.5% Eye Drops 5ml,Pellaro Eye & Skin,Eye Drops,Below 25C,10.0,374.0,6182.22,C,C,0.11764705882352941,0.002291666666666667,Direct from reserve,0,0,11.668449197860962,2
PH10489,Ketorolac 0.5% Eye Drops 5ml,Pellaro Eye & Skin,Eye Drops,Below 25C,13.0,3374.0,90085.8,C,B,0.15294117647058825,0.015751633986928103,Direct from reserve,0,0,14.518079430942501,4
PH10490,Artificial Tears Eye Drops 10ml,Pellaro Eye & Skin,Eye Drops,Below 25C,19.0,1524.0,10607.039999999999,C,C,0.2235294117647059,0.0036891793754538853,Direct from reserve,0,0,6.666666666666667,2
PH10491,Ciprofloxacin 0.3% Eye Drops 10ml,Arcadine Pharma,Eye Drops,Below 25C,26.0,4353.0,77091.63,B,B,0.3058823529411765,0.004849598930481283,Shelving pick bin,0,1,6.385481277280037,4
PH10492,Prednisolone Acetate 1% Eye Drops 5ml,Pellaro Eye & Skin,Eye Drops,Below 25C,6.0,123.0,2511.6600000000003,C,C,0.07058823529411765,0.00025122549019607844,Direct from reserve,0,0,8.747967479674797,2
PH10493,Prednisolone Acetate 1% Eye Drops 10ml,Pellaro Eye & Skin,Eye Drops,Below 25C,11.0,212.0,4437.16,C,C,0.12941176470588237,0.0006495098039215687,Direct from reserve,0,0,19.566037735849058,2
PH10494,Timolol 0.5% Eye Drops 10ml,Pellaro Eye & Skin,Eye Drops,Below 25C,42.0,3308.0,47833.68,B,B,0.49411764705882355,0.03243137254901961,Shelving pick bin,0,1,5.596130592503023,4
PH10495,Chloramphenicol 0.5% Eye Drops 10ml,Pellaro Eye & Skin,Eye Drops,Below 25C,2.0,75.0,1053.75,C,C,0.023529411764705882,0.00045018007202881147,Direct from reserve,0,0,5.173333333333333,2
PH10496,Olopatadine 0.1% Eye Drops 5ml,Pellaro Eye & Skin,Eye Drops,Below 25C,136.0,7896.0,176870.4,A,A,1.6,0.02748346675948486,Ground pick face,1,0,3.982776089159068,12
PH10497,Latanoprost 0.005% Eye Drops 10ml,Pellaro Eye & Skin,Eye Drops,Below 25C,61.0,4806.0,78626.16,B,B,0.7176470588235294,0.028270588235294117,Shelving pick bin,0,1,15.042863087806907,4
PH10498,Brimonidine 0.2% Eye Drops 5ml,Pellaro Eye & Skin,Eye Drops,Below 25C,77.0,5260.0,56071.6,B,B,0.9058823529411765,0.0386764705882353,Shelving pick bin,0,1,10.05703422053232,4
PH10499,Brimonidine 0.2% Eye Drops 10ml,Pellaro Eye & Skin,Eye Drops,Below 25C,8.0,368.0,10911.199999999999,C,C,0.09411764705882353,0.001336238198983297,Direct from reserve,0,0,12.380434782608695,2
PH10500,Ketorolac 0.5% Eye Drops 10ml,Pellaro Eye & Skin,Eye Drops,Below 25C,13.0,490.0,2288.3,C,C,0.15294117647058825,0.0013344226579520698,Direct from reserve,0,0,10.310204081632653,2
PH10501,Ciprofloxacin 0.3% Eye Drops 5ml,Pellaro Eye & Skin,Eye Drops,Below 25C,40.0,2278.0,56380.5,B,B,0.47058823529411764,0.022333333333333334,Shelving pick bin,0,1,9.262510974539069,4
PH10502,Moxifloxacin 0.5% Eye Drops 10ml,Pellaro Eye & Skin,Eye Drops,Below 25C,548.0,57913.0,334158.00999999995,A,A,6.447058823529412,0.20277661064425773,Ground pick face,1,0,3.3854229620292506,12
PH10503,Olopatadine 0.1% Eye Drops 10ml,Arcadine Pharma,Eye Drops,Below 25C,82.0,9889.0,258992.91,A,A,0.9647058823529412,0.035907770515613655,Ground pick face,1,0,5.3857821822226715,12
PH10504,Tobramycin 0.3% Eye Drops 10ml,Pellaro Eye & Skin,Eye Drops,Below 25C,5.0,72.0,316.08,C,C,0.058823529411764705,0.00025210084033613445,Direct from reserve,0,0,4.944444444444445,2
PH10505,Latanoprost 0.005% Eye Drops 5ml,Arcadine Pharma,Eye Drops,Below 25C,2.0,120.0,2094.0,C,C,0.023529411764705882,0.0002941176470588235,Direct from reserve,0,0,5.733333333333333,2
PH10506,Beclometasone 100mcg Inhaler 120 Dose,Marwick Pharmaceuticals,Inhalers,Below 25C,23.0,770.0,11927.3,C,C,0.27058823529411763,0.018872549019607842,Direct from reserve,0,0,2.3896103896103895,2
PH10507,Budesonide 200mcg Inhaler 120 Dose,Marwick Pharmaceuticals,Inhalers,Below 25C,10.0,1176.0,29141.280000000002,C,B,0.11764705882352941,0.03458823529411765,Direct from reserve,0,0,8.591836734693878,4
PH10508,Salbutamol 100mcg Inhaler 200 Dose,Marwick Pharmaceuticals,Inhalers,Below 25C,6.0,122.0,3523.3599999999997,C,C,0.07058823529411765,0.0017941176470588234,Direct from reserve,0,0,10.59016393442623,2
PH10509,Budesonide/Formoterol 200/6mcg Inhaler 120 Dose,Marwick Pharmaceuticals,Inhalers,Below 25C,7.0,195.0,5311.799999999999,C,C,0.08235294117647059,0.006372549019607844,Direct from reserve,0,0,5.3538461538461535,2
PH10510,Salbutamol 100mcg Inhaler 120 Dose,Marwick Pharmaceuticals,Inhalers,Below 25C,158.0,12377.0,154588.73,A,A,1.8588235294117648,0.3033578431372549,Ground pick face,1,0,15.899167811262826,12
PH10511,Budesonide 200mcg Inhaler 200 Dose,Marwick Pharmaceuticals,Inhalers,Below 25C,3.0,194.0,2452.1600000000003,C,C,0.03529411764705882,0.010868347338935573,Direct from reserve,0,0,5.690721649484536,2
PH10512,Budesonide/Formoterol 200/6mcg Inhaler 200 Dose,Marwick Pharmaceuticals,Inhalers,Below 25C,37.0,2708.0,66616.8,B,B,0.43529411764705883,0.037927170868347335,Shelving pick bin,0,1,6.930576070901034,4
PH10513,Fluticasone 125mcg Inhaler 200 Dose,Marwick Pharmaceuticals,Inhalers,Below 25C,111.0,5297.0,95610.85,A,A,1.3058823529411765,0.6231764705882353,Ground pick face,1,0,2.7003964508212195,12
PH10514,Tiotropium 18mcg Inhaler 200 Dose,Marwick Pharmaceuticals,Inhalers,Below 25C,108.0,5997.0,181169.37,A,A,1.2705882352941176,0.11023897058823529,Ground pick face,1,0,3.67717191929298,12
PH10515,Beclometasone 100mcg Inhaler 200 Dose,Marwick Pharmaceuticals,Inhalers,Below 25C,75.0,3406.0,46968.74,B,B,0.8823529411764706,0.11130718954248366,Shelving pick bin,0,1,8.315913094539049,4
PH10516,Ipratropium 20mcg Inhaler 200 Dose,Marwick Pharmaceuticals,Inhalers,Below 25C,3.0,57.0,634.98,C,C,0.03529411764705882,0.0027941176470588232,Direct from reserve,0,0,9.964912280701755,2
PH10517,Ipratropium 20mcg Inhaler 120 Dose,Marwick Pharmaceuticals,Inhalers,Below 25C,45.0,1592.0,24739.68,B,C,0.5294117647058824,0.06243137254901961,Shelving pick bin,0,1,3.0351758793969847,2
PH10518,Growing-Up Milk Stage 3 800g Tin,Kinloch Nutrition,Nutrition,Below 25C,1.0,54.0,2142.72,C,C,0.011764705882352941,0.004411764705882353,Direct from reserve,0,0,11.037037037037036,2
PH10519,Diabetic Nutrition Powder 400g Tin,Kinloch Nutrition,Nutrition,Ambient,2.0,14.0,242.33999999999997,C,C,0.023529411764705882,0.007625272331154685,Direct from reserve,0,0,11.714285714285714,2
PH10520,Adult Complete Nutrition Powder 400g Tin,Kinloch Nutrition,Nutrition,Ambient,66.0,2113.0,62058.810000000005,B,B,0.7764705882352941,1.1508714596949892,Shelving pick bin,0,1,5.027922385234264,4
PH10521,Infant Formula Stage 1 800g Tin,Kinloch Nutrition,Nutrition,Below 25C,83.0,3049.0,48509.590000000004,A,B,0.9764705882352941,1.6606753812636166,Ground pick face,1,0,5.397179403082978,4
PH10522,Infant Formula Stage 1 400g Tin,Kinloch Nutrition,Nutrition,Below 25C,81.0,3497.0,71968.26,A,B,0.9529411764705882,0.2678462009803922,Ground pick face,1,0,4.515870746354017,4
PH10523,Weight Gain Powder 800g Tin,Kinloch Nutrition,Nutrition,Ambient,31.0,1397.0,53882.29,B,B,0.36470588235294116,0.06340777051561365,Shelving pick bin,0,1,7.3614889047959915,4
PH10524,Diabetic Nutrition Powder 800g Tin,Kinloch Nutrition,Nutrition,Ambient,63.0,1781.0,63403.600000000006,B,B,0.7411764705882353,0.24251089324618733,Shelving pick bin,0,1,1.940482874789444,4
PH10525,Senior Nutrition Powder 400g Tin,Kinloch Nutrition,Nutrition,Ambient,14.0,868.0,28296.800000000003,C,C,0.16470588235294117,0.1772875816993464,Direct from reserve,0,0,2.834101382488479,2
PH10526,Infant Formula Stage 2 800g Tin,Kinloch Nutrition,Nutrition,Ambient,3.0,41.0,1835.98,C,C,0.03529411764705882,0.008374183006535947,Direct from reserve,0,0,12.585365853658537,2
PH10527,Weight Gain Powder 400g Tin,Kinloch Nutrition,Nutrition,Ambient,46.0,2060.0,79680.8,B,B,0.5411764705882353,0.21037581699346405,Shelving pick bin,0,1,2.8155339805825244,4
PH10528,High Protein Supplement 800g Tin,Kinloch Nutrition,Nutrition,Below 25C,170.0,5571.0,122172.03,A,A,2.0,0.4551470588235294,Ground pick face,1,0,4.07108239095315,12
PH10529,Senior Nutrition Powder 800g Tin,Kinloch Nutrition,Nutrition,Ambient,290.0,8683.0,184774.24000000002,A,A,3.411764705882353,0.9458605664488019,Ground pick face,1,0,4.7605666244385585,12
PH10530,Adult Complete Nutrition Powder 800g Tin,Kinloch Nutrition,Nutrition,Below 25C,68.0,2437.0,62484.68,B,B,0.8,0.3318355119825708,Shelving pick bin,0,1,8.46942962659007,4
PH10531,Growing-Up Milk Stage 3 400g Tin,Kinloch Nutrition,Nutrition,Ambient,3.0,144.0,4560.4800000000005,C,C,0.03529411764705882,0.0784313725490196,Direct from reserve,0,0,15.833333333333334,2
PH10532,High Protein Supplement 400g Tin,Kinloch Nutrition,Nutrition,Below 25C,32.0,1877.0,70274.87999999999,B,B,0.3764705882352941,0.12779139433551198,Shelving pick bin,0,1,8.590303676078848,4
SG20001,IV Cannula 18G x50,Aldermoor Medical,Surgical,Ambient,19.0,660.0,4158.0,C,C,0.2235294117647059,0.2426470588235294,Direct from reserve,0,0,9.084848484848484,2
SG20002,Syringe Luer Lock 3ml x50,Aldermoor Medical,Surgical,Ambient,9.0,155.0,336.34999999999997,C,C,0.10588235294117647,0.009117647058823529,Direct from reserve,0,0,7.483870967741935,2
SG20003,Syringe Luer Lock 10ml x100,Aldermoor Medical,Surgical,Ambient,33.0,2018.0,3612.2200000000003,B,C,0.38823529411764707,0.29676470588235293,Shelving pick bin,0,1,1.916749256689792,2
SG20004,Adhesive Wound Dressing 9x10cm x100,Aldermoor Medical,Surgical,Ambient,10.0,314.0,2194.86,C,C,0.11764705882352941,0.10261437908496732,Direct from reserve,0,0,25.821656050955415,2
SG20005,Adhesive Wound Dressing 6x7cm x50,Aldermoor Medical,Surgical,Ambient,19.0,774.0,5650.2,C,C,0.2235294117647059,0.14227941176470588,Direct from reserve,0,0,4.27906976744186,2
SG20006,Latex Surgical Gloves Size 7 x100,Aldermoor Medical,Surgical,Ambient,115.0,5875.0,40772.5,A,B,1.3529411764705883,0.1919934640522876,Ground pick face,1,0,6.324425531914893,4
SG20007,Infusion Set Standard x50,Aldermoor Medical,Surgical,Ambient,5.0,283.0,1112.19,C,C,0.058823529411764705,0.06936274509803922,Direct from reserve,0,0,20.551236749116608,2
SG20008,Urinary Catheter 16Fr x100,Aldermoor Medical,Surgical,Ambient,107.0,5419.0,2926.26,A,C,1.2588235294117647,0.6375294117647059,Ground pick face,1,0,6.001107215353386,2
SG20009,Nitrile Examination Gloves Size M x50,Aldermoor Medical,Surgical,Ambient,16.0,1688.0,1130.96,C,C,0.18823529411764706,0.05516339869281046,Direct from reserve,0,0,12.445497630331754,2
SG20010,Hypodermic Needle 21G x100,Aldermoor Medical,Surgical,Ambient,48.0,2670.0,15405.9,B,C,0.5647058823529412,0.10470588235294116,Shelving pick bin,0,1,17.998501872659176,2
SG20011,Hypodermic Needle 21G x50,Aldermoor Medical,Surgical,Ambient,443.0,16035.0,84825.15,A,B,5.211764705882353,7.860294117647058,Ground pick face,2,0,2.861989398191456,4
SG20012,Surgical Mask 3-Ply Standard x100,Aldermoor Medical,Surgical,Ambient,11.0,426.0,2892.54,C,C,0.12941176470588237,0.2088235294117647,Direct from reserve,0,0,19.802816901408452,2
SG20013,Syringe Luer Lock 5ml x100,Aldermoor Medical,Surgical,Ambient,32.0,1492.0,1924.68,B,C,0.3764705882352941,0.3656862745098039,Shelving pick bin,0,1,6.1474530831099194,2
SG20014,IV Cannula 22G x100,Aldermoor Medical,Surgical,Ambient,95.0,3933.0,6804.09,A,C,1.1176470588235294,0.5141176470588236,Ground pick face,1,0,4.449529621154335,2
SG20015,Gauze Swab 10x10cm x100,Aldermoor Medical,Surgical,Ambient,72.0,2605.0,5783.1,B,C,0.8470588235294118,0.9577205882352942,Shelving pick bin,0,1,4.469865642994242,2
SG20016,Urinary Catheter 16Fr x50,Aldermoor Medical,Surgical,Ambient,1179.0,54400.0,36992.0,A,B,13.870588235294118,8.0,Ground pick face,2,0,0.978014705882353,4
SG20017,Syringe Luer Lock 3ml x100,Aldermoor Medical,Surgical,Ambient,90.0,3115.0,10746.75,A,C,1.0588235294117647,1.5269607843137256,Ground pick face,1,0,9.462600321027287,2
SG20018,Latex Surgical Gloves Size 7.5 x50,Aldermoor Medical,Surgical,Ambient,31.0,1292.0,9690.0,B,C,0.36470588235294116,0.4749999999999999,Shelving pick bin,0,1,3.693498452012384,2
SG20019,Nitrile Examination Gloves Size L x50,Aldermoor Medical,Surgical,Ambient,8.0,361.0,660.63,C,C,0.09411764705882353,0.0353921568627451,Direct from reserve,0,0,13.728531855955678,2
SG20020,Adhesive Wound Dressing 9x10cm x50,Aldermoor Medical,Surgical,Ambient,58.0,3417.0,26960.129999999997,B,C,0.6823529411764706,0.1675,Shelving pick bin,0,1,12.431957857769973,2
SG20021,Crepe Bandage 10cm x100,Aldermoor Medical,Surgical,Ambient,792.0,26285.0,21553.699999999997,A,C,9.31764705882353,19.327205882352942,Ground pick face,2,0,7.82895187369222,2
SG20022,Crepe Bandage 7.5cm x100,Aldermoor Medical,Surgical,Ambient,57.0,2686.0,10421.68,B,C,0.6705882352941176,0.49375,Shelving pick bin,0,1,9.049888309754282,2
SG20023,Blood Administration Set 20 drops/ml x100,Aldermoor Medical,Surgical,Ambient,5.0,227.0,156.63,C,C,0.058823529411764705,0.08901960784313726,Direct from reserve,0,0,16.792951541850222,2
SG20024,Crepe Bandage 7.5cm x50,Aldermoor Medical,Surgical,Ambient,19.0,640.0,4140.8,C,C,0.2235294117647059,0.020915032679738564,Direct from reserve,0,0,7.525,2
SG20025,Syringe Luer Lock 5ml x50,Aldermoor Medical,Surgical,Ambient,15.0,548.0,1276.8400000000001,C,C,0.17647058823529413,0.13431372549019607,Direct from reserve,0,0,6.182481751824818,2
SG20026,Latex Surgical Gloves Size 7.5 x100,Aldermoor Medical,Surgical,Ambient,42.0,2274.0,8027.219999999999,B,C,0.49411764705882355,0.16720588235294115,Shelving pick bin,0,1,5.642919964819701,2
SG20027,Gauze Swab 10x10cm x50,Aldermoor Medical,Surgical,Ambient,33.0,1900.0,4104.0,B,C,0.38823529411764707,0.12418300653594772,Shelving pick bin,0,1,2.166315789473684,2
SG20028,IV Cannula 20G x100,Aldermoor Medical,Surgical,Ambient,9.0,261.0,1735.65,C,C,0.10588235294117647,0.07676470588235294,Direct from reserve,0,0,15.187739463601533,2
SG20029,Infusion Set Standard x100,Aldermoor Medical,Surgical,Ambient,4.0,18.0,74.16,C,C,0.047058823529411764,0.0013235294117647058,Direct from reserve,0,0,9.555555555555555,2
SG20030,IV Cannula 18G x100,Aldermoor Medical,Surgical,Ambient,22.0,871.0,5905.38,C,C,0.25882352941176473,0.21348039215686274,Direct from reserve,0,0,3.793340987370838,2
SG20031,Urinary Catheter 14Fr x50,Aldermoor Medical,Surgical,Ambient,53.0,4581.0,16858.08,B,C,0.6235294117647059,0.22455882352941178,Shelving pick bin,0,1,2.078148875791312,2
SG20032,Hypodermic Needle 23G x100,Aldermoor Medical,Surgical,Ambient,149.0,8032.0,49316.479999999996,A,B,1.7529411764705882,2.3623529411764705,Ground pick face,1,0,3.856075697211155,4
SG20033,Crepe Bandage 10cm x50,Aldermoor Medical,Surgical,Ambient,8.0,352.0,1981.76,C,C,0.09411764705882353,0.12941176470588237,Direct from reserve,0,0,11.545454545454545,2
SG20034,IV Cannula 20G x50,Aldermoor Medical,Surgical,Ambient,152.0,8582.0,24716.16,A,C,1.7882352941176471,0.4206862745098039,Ground pick face,1,0,12.700536005593102,2
SG20035,Gauze Swab 7.5x7.5cm x50,Aldermoor Medical,Surgical,Ambient,1.0,8.0,60.96,C,C,0.011764705882352941,0.0023529411764705885,Direct from reserve,0,0,13.5,2
SG20036,Gauze Swab 7.5x7.5cm x100,Aldermoor Medical,Surgical,Ambient,362.0,20487.0,126199.92,A,A,4.258823529411765,0.7531985294117648,Ground pick face,1,0,2.869917508664031,12
SG20037,Surgical Mask 3-Ply Standard x50,Aldermoor Medical,Surgical,Ambient,2.0,11.0,78.65,C,C,0.023529411764705882,0.005392156862745099,Direct from reserve,0,0,12.0,2
SG20038,Nitrile Examination Gloves Size L x100,Aldermoor Medical,Surgical,Ambient,17.0,659.0,2207.65,C,C,0.2,0.4845588235294118,Direct from reserve,0,0,24.127465857359635,2
SG20039,Latex Surgical Gloves Size 8 x50,Aldermoor Medical,Surgical,Ambient,30.0,3826.0,17217.0,B,C,0.35294117647058826,0.25006535947712416,Shelving pick bin,0,1,4.355462624150549,2
SG20040,Latex Surgical Gloves Size 8 x100,Aldermoor Medical,Surgical,Ambient,19.0,995.0,3840.7,C,C,0.2235294117647059,0.3658088235294118,Direct from reserve,0,0,3.429145728643216,2
SG20041,Nitrile Examination Gloves Size M x100,Aldermoor Medical,Surgical,Ambient,627.0,29528.0,21260.16,A,C,7.376470588235295,2.171176470588235,Ground pick face,1,0,9.730967217556218,2
SG20042,Urinary Catheter 14Fr x100,Aldermoor Medical,Surgical,Ambient,7.0,192.0,416.64,C,C,0.08235294117647059,0.12549019607843137,Direct from reserve,0,0,10.604166666666666,2
SG20043,Latex Surgical Gloves Size 7 x50,Aldermoor Medical,Surgical,Ambient,500.0,25479.0,71850.78,A,B,5.882352941176471,4.995882352941177,Ground pick face,1,0,4.089956434710938,4
SG20044,Nitrile Examination Gloves Size S x100,Aldermoor Medical,Surgical,Ambient,0.0,0.0,0.0,D,D,0.0,0.0,No pick face,0,0,inf,1
SG20045,Hypodermic Needle 23G x50,Aldermoor Medical,Surgical,Ambient,1.0,6.0,7.26,C,C,0.011764705882352941,0.0008823529411764705,Direct from reserve,0,0,16.0,2
SG20046,Adhesive Wound Dressing 6x7cm x100,Aldermoor Medical,Surgical,Ambient,34.0,1177.0,6697.13,B,C,0.4,0.08654411764705883,Shelving pick bin,0,1,5.355989804587935,2
SG20047,Syringe Luer Lock 10ml x50,Aldermoor Medical,Surgical,Ambient,3.0,14.0,26.88,C,C,0.03529411764705882,0.005147058823529411,Direct from reserve,0,0,5.142857142857143,2
SG20048,Blood Administration Set 20 drops/ml x50,Aldermoor Medical,Surgical,Ambient,2.0,40.0,134.0,C,C,0.023529411764705882,0.0029411764705882357,Direct from reserve,0,0,14.3,2
SG20049,Hepatitis B Surface Antigen Test 25 Tests,Quintessa Diagnostics,Diagnostics,2-8C,4.0,31.0,8510.74,C,C,0.047058823529411764,0.0033769063180827887,Direct from reserve,0,0,5.806451612903226,2
SG20051,Dengue NS1 Rapid Test 100 Tests,Quintessa Diagnostics,Diagnostics,2-8C,4.0,105.0,22626.45,C,C,0.047058823529411764,0.03676470588235294,Direct from reserve,0,0,35.96190476190476,2
SG20052,Blood Glucose Test Strips 25 Tests,Quintessa Diagnostics,Diagnostics,2-8C,4.0,182.0,14683.760000000002,C,C,0.047058823529411764,0.006691176470588235,Direct from reserve,0,0,22.395604395604394,2
SG20053,TSH Reagent Kit 25 Tests,Quintessa Diagnostics,Diagnostics,Ambient,14.0,524.0,141731.52000000002,C,A,0.16470588235294117,0.03424836601307189,Direct from reserve,0,0,11.083969465648854,12
SG20054,Pregnancy Test Strips 25 Tests,Quintessa Diagnostics,Diagnostics,2-8C,21.0,704.0,100714.24,C,A,0.24705882352941178,0.08282352941176471,Direct from reserve,0,0,14.039772727272727,12
SG20055,Urine Test Strips 10-Parameter 100 Tests,Quintessa Diagnostics,Diagnostics,2-8C,37.0,1293.0,196406.7,B,A,0.43529411764705883,0.03457219251336899,Shelving pick bin,0,1,8.860015467904098,12
SG20056,Urine Test Strips 10-Parameter 25 Tests,Quintessa Diagnostics,Diagnostics,Ambient,22.0,560.0,130429.59999999999,C,A,0.25882352941176473,0.1830065359477124,Direct from reserve,0,0,12.985714285714286,12
SG20057,HIV 1/2 Rapid Test 25 Tests,Quintessa Diagnostics,Diagnostics,2-8C,0.0,0.0,0.0,D,D,0.0,0.0,No pick face,0,0,inf,1
SG20058,Troponin Rapid Test 25 Tests,Quintessa Diagnostics,Diagnostics,2-8C,4.0,495.0,23626.35,C,C,0.047058823529411764,0.2310924369747899,Direct from reserve,0,0,8.145454545454545,2
SG20059,Malaria Antigen Test 100 Tests,Quintessa Diagnostics,Diagnostics,2-8C,6.0,118.0,13128.68,C,C,0.07058823529411765,0.008676470588235294,Direct from reserve,0,0,22.915254237288135,2
SG20060,Blood Glucose Test Strips 100 Tests,Quintessa Diagnostics,Diagnostics,Ambient,53.0,1375.0,179932.50000000003,B,A,0.6235294117647059,0.5616830065359477,Shelving pick bin,0,1,3.624727272727273,12
SG20061,Dengue NS1 Rapid Test 25 Tests,Quintessa Diagnostics,Diagnostics,2-8C,0.0,0.0,0.0,D,D,0.0,0.0,No pick face,0,0,inf,1
SG20062,CRP Reagent Kit 100 Tests,Quintessa Diagnostics,Diagnostics,2-8C,77.0,2833.0,708646.62,B,A,0.9058823529411765,0.1983893557422969,Shelving pick bin,0,1,2.9001058948111544,12
SG20063,Hepatitis B Surface Antigen Test 100 Tests,Quintessa Diagnostics,Diagnostics,2-8C,3.0,78.0,10122.060000000001,C,C,0.03529411764705882,0.004411764705882353,Direct from reserve,0,0,8.820512820512821,2
SG20064,HbA1c Reagent Kit 25 Tests,Quintessa Diagnostics,Diagnostics,2-8C,16.0,329.0,18453.61,C,C,0.18823529411764706,0.25803921568627447,Direct from reserve,0,0,25.617021276595743,2
SG20065,Cholesterol Reagent Kit 100 Tests,Quintessa Diagnostics,Diagnostics,2-8C,13.0,159.0,31836.57,C,B,0.15294117647058825,0.007794117647058824,Direct from reserve,0,0,10.062893081761006,4
SG20066,HIV 1/2 Rapid Test 100 Tests,Quintessa Diagnostics,Diagnostics,2-8C,29.0,636.0,39756.36,B,B,0.3411764705882353,0.013361344537815126,Shelving pick bin,0,1,6.427672955974843,4
SG20067,TSH Reagent Kit 100 Tests,Quintessa Diagnostics,Diagnostics,2-8C,80.0,2153.0,92191.46,A,B,0.9411764705882353,0.12061624649859945,Ground pick face,1,0,4.27124941941477,4
SG20068,HbA1c Reagent Kit 100 Tests,Quintessa Diagnostics,Diagnostics,Ambient,14.0,420.0,94857.0,C,B,0.16470588235294117,0.15441176470588236,Direct from reserve,0,0,12.876190476190477,4
