sku,batch,expiry_date,stock_type,qty_units,snapshot_date,description,principal,category,product_group,storage_condition,units_per_case,case_length_cm,case_width_cm,case_height_cm,case_cbm,case_weight_kg,unit_cost_nzd,ti,hi,cases_per_pallet,pallet_height_cm,pallet_weight_kg,pallet_cbm,cases,cbm,pallets,value_nzd,positions_naive,zone,positions,shelf_bins,months_to_expiry
PH10001,118545,2029-02-11,Saleable,6128,2026-02-28,Sertraline 100mg Tablets 100s,Venrick Laboratories,Pharma,Tablets,Below 25C,120.0,59.6,35.1,23.8,0.04979,8.97,13.84,4.0,6.0,24.0,157.8,240.28000000000003,1.19496,51.06666666666667,2.5426093333333335,2.1277777777777778,84811.52,3.0,Pallet racking,3.0,0,35.49342105263158
PH10002,280879,2028-02-22,Saleable,299,2026-02-28,Pantoprazole 40mg Tablets 30s,Corvane Pharma,Pharma,Tablets,Below 25C,120.0,30.5,42.5,25.8,0.03344,8.72,11.92,6.0,5.0,30.0,144.0,286.6,1.0032,2.4916666666666667,0.08332133333333333,0.08305555555555556,3564.08,1.0,Shelving,0.0,1,23.815789473684212
PH10002,229227,2028-06-10,Saleable,60,2026-02-28,Pantoprazole 40mg Tablets 30s,Corvane Pharma,Pharma,Tablets,Below 25C,120.0,30.5,42.5,25.8,0.03344,8.72,11.92,6.0,5.0,30.0,144.0,286.6,1.0032,0.5,0.01672,0.016666666666666666,715.2,1.0,Shelving,0.0,1,27.401315789473685
PH10002,278838,2027-06-05,Sample,7,2026-02-28,Pantoprazole 40mg Tablets 30s,Corvane Pharma,Pharma,Tablets,Below 25C,120.0,30.5,42.5,25.8,0.03344,8.72,11.92,6.0,5.0,30.0,144.0,286.6,1.0032,0.058333333333333334,0.0019506666666666665,0.0019444444444444444,83.44,1.0,Shelving,0.0,1,15.197368421052632
PH10003,355153,2026-06-22,Saleable,1550,2026-02-28,Ibuprofen 200mg Tablets 30s,Halvora Healthcare,Pharma,Tablets,Below 25C,240.0,47.7,25.2,17.2,0.02068,5.45,5.93,8.0,5.0,40.0,101.0,243.0,0.8272,6.458333333333333,0.13355833333333333,0.16145833333333331,9191.5,1.0,Shelving,0.0,1,3.75
PH10003,395836,2026-08-30,FOC,77,2026-02-28,Ibuprofen 200mg Tablets 30s,Halvora Healthcare,Pharma,Tablets,Below 25C,240.0,47.7,25.2,17.2,0.02068,5.45,5.93,8.0,5.0,40.0,101.0,243.0,0.8272,0.32083333333333336,0.006634833333333334,0.008020833333333335,456.60999999999996,1.0,Shelving,0.0,1,6.019736842105264
PH10004,486720,2028-12-07,Saleable,5039,2026-02-28,Azithromycin 250mg Tablets 10x10,Arcadine Pharma,Pharma,Tablets,Below 25C,100.0,33.5,38.9,32.8,0.04274,9.76,19.81,4.0,2.0,8.0,80.6,103.08,0.34192,50.39,2.1536686,6.29875,99822.59,7.0,Pallet racking,7.0,0,33.32236842105263
PH10004,411549,2026-06-14,Saleable,4298,2026-02-28,Azithromycin 250mg Tablets 10x10,Arcadine Pharma,Pharma,Tablets,Below 25C,100.0,33.5,38.9,32.8,0.04274,9.76,19.81,4.0,2.0,8.0,80.6,103.08,0.34192,42.98,1.8369651999999999,5.3725,85143.37999999999,6.0,Pallet racking,6.0,0,3.486842105263158
PH10005,546711,2026-08-10,Saleable,1,2026-02-28,Rosuvastatin 10mg Tablets 2x14,Halvora Healthcare,Pharma,Tablets,Below 25C,240.0,42.5,32.1,33.2,0.04529,10.17,4.58,6.0,2.0,12.0,81.4,147.04,0.54348,0.004166666666666667,0.00018870833333333332,0.00034722222222222224,4.58,1.0,Shelving,0.0,1,5.361842105263158
PH10005,563083,2026-09-25,Saleable,3,2026-02-28,Rosuvastatin 10mg Tablets 2x14,Halvora Healthcare,Pharma,Tablets,Below 25C,240.0,42.5,32.1,33.2,0.04529,10.17,4.58,6.0,2.0,12.0,81.4,147.04,0.54348,0.0125,0.000566125,0.0010416666666666667,13.74,1.0,Shelving,0.0,1,6.875
PH10005,530395,2028-06-15,Saleable,33,2026-02-28,Rosuvastatin 10mg Tablets 2x14,Halvora Healthcare,Pharma,Tablets,Below 25C,240.0,42.5,32.1,33.2,0.04529,10.17,4.58,6.0,2.0,12.0,81.4,147.04,0.54348,0.1375,0.006227375,0.011458333333333334,151.14000000000001,1.0,Shelving,0.0,1,27.565789473684212
PH10005,593576,2026-10-17,FOC,1,2026-02-28,Rosuvastatin 10mg Tablets 2x14,Halvora Healthcare,Pharma,Tablets,Below 25C,240.0,42.5,32.1,33.2,0.04529,10.17,4.58,6.0,2.0,12.0,81.4,147.04,0.54348,0.004166666666666667,0.00018870833333333332,0.00034722222222222224,4.58,1.0,Shelving,0.0,1,7.598684210526316
PH10006,670419,2026-06-15,Saleable,233,2026-02-28,Glimepiride 4mg Tablets 100s,Venrick Laboratories,Pharma,Tablets,Below 25C,240.0,33.8,35.2,29.2,0.03474,7.99,6.36,6.0,5.0,30.0,161.0,264.70000000000005,1.0422,0.9708333333333333,0.03372675,0.03236111111111111,1481.88,1.0,Shelving,0.0,1,3.5197368421052633
PH10006,626190,2027-11-15,Saleable,8,2026-02-28,Glimepiride 4mg Tablets 100s,Venrick Laboratories,Pharma,Tablets,Below 25C,240.0,33.8,35.2,29.2,0.03474,7.99,6.36,6.0,5.0,30.0,161.0,264.70000000000005,1.0422,0.03333333333333333,0.001158,0.0011111111111111111,50.88,1.0,Shelving,0.0,1,20.55921052631579
PH10007,771337,2028-04-08,Saleable,4768,2026-02-28,Carvedilol 25mg Tablets 3x10,Halvora Healthcare,Pharma,Tablets,Below 25C,60.0,39.6,36.3,22.8,0.03277,5.82,21.36,5.0,4.0,20.0,106.2,141.4,0.6554,79.46666666666667,2.6041226666666666,3.9733333333333336,101844.48,4.0,Pallet racking,4.0,0,25.328947368421055
PH10008,866658,2027-10-20,Saleable,484,2026-02-28,Carvedilol 6.25mg Tablets 3x10,Corvane Pharma,Pharma,Tablets,Below 25C,180.0,45.4,42.7,32.1,0.06223,10.24,3.96,4.0,4.0,16.0,143.4,188.84,0.99568,2.688888888888889,0.16732955555555556,0.16805555555555557,1916.6399999999999,1.0,Shelving,0.0,1,19.703947368421055
PH10008,827176,2026-09-06,Saleable,55,2026-02-28,Carvedilol 6.25mg Tablets 3x10,Corvane Pharma,Pharma,Tablets,Below 25C,180.0,45.4,42.7,32.1,0.06223,10.24,3.96,4.0,4.0,16.0,143.4,188.84,0.99568,0.3055555555555556,0.019014722222222225,0.019097222222222224,217.8,1.0,Shelving,0.0,1,6.25
PH10009,960839,2026-08-06,Saleable,13354,2026-02-28,Rosuvastatin 20mg Tablets 3x10,Venrick Laboratories,Pharma,Tablets,Below 25C,120.0,55.2,41.5,22.7,0.052,13.63,9.25,3.0,5.0,15.0,128.5,229.45,0.7799999999999999,111.28333333333333,5.786733333333333,7.418888888888889,123524.5,8.0,Pallet racking,8.0,0,5.230263157894737
PH10010,1020797,2026-07-29,Saleable,13371,2026-02-28,Carvedilol 25mg Tablets 100s,Halvora Healthcare,Pharma,Tablets,Below 25C,100.0,44.2,42.9,31.3,0.05935,14.98,18.36,2.0,4.0,8.0,140.2,144.84,0.4748,133.71,7.9356885,16.71375,245491.56,17.0,Pallet racking,17.0,0,4.967105263157895
PH10010,1098788,2027-05-14,FOC,668,2026-02-28,Carvedilol 25mg Tablets 100s,Halvora Healthcare,Pharma,Tablets,Below 25C,100.0,44.2,42.9,31.3,0.05935,14.98,18.36,2.0,4.0,8.0,140.2,144.84,0.4748,6.68,0.396458,0.835,12264.48,1.0,Pallet racking,1.0,0,14.473684210526317
PH10011,1180325,2026-10-10,Saleable,1209,2026-02-28,Loratadine 10mg Tablets 2x14,Dunmore Therapeutics,Pharma,Tablets,Below 25C,100.0,42.1,41.5,24.3,0.04246,12.1,22.89,4.0,5.0,20.0,136.5,267.0,0.8492,12.09,0.5133414,0.6045,27674.010000000002,1.0,Pallet racking,1.0,0,7.36842105263158
PH10011,1156073,2028-02-27,Saleable,561,2026-02-28,Loratadine 10mg Tablets 2x14,Dunmore Therapeutics,Pharma,Tablets,Below 25C,100.0,42.1,41.5,24.3,0.04246,12.1,22.89,4.0,5.0,20.0,136.5,267.0,0.8492,5.61,0.2382006,0.2805,12841.29,1.0,Shelving,0.0,1,23.980263157894736
PH10011,1173545,2028-06-20,Saleable,1183,2026-02-28,Loratadine 10mg Tablets 2x14,Dunmore Therapeutics,Pharma,Tablets,Below 25C,100.0,42.1,41.5,24.3,0.04246,12.1,22.89,4.0,5.0,20.0,136.5,267.0,0.8492,11.83,0.5023018,0.5915,27078.87,1.0,Pallet racking,1.0,0,27.73026315789474
PH10012,1240331,2028-11-11,Saleable,1939,2026-02-28,Levothyroxine 100mcg Tablets 2x14,Marwick Pharmaceuticals,Pharma,Tablets,Below 25C,120.0,34.4,38.0,29.8,0.03895,6.78,20.01,6.0,4.0,24.0,134.2,187.72,0.9348,16.158333333333335,0.6293670833333334,0.673263888888889,38799.39,1.0,Pallet racking,1.0,0,32.4671052631579
PH10012,1243722,2026-07-03,Saleable,3524,2026-02-28,Levothyroxine 100mcg Tablets 2x14,Marwick Pharmaceuticals,Pharma,Tablets,Below 25C,120.0,34.4,38.0,29.8,0.03895,6.78,20.01,6.0,4.0,24.0,134.2,187.72,0.9348,29.366666666666667,1.1438316666666666,1.2236111111111112,70515.24,2.0,Pallet racking,2.0,0,4.111842105263158
PH10012,1289185,2027-03-05,Saleable,935,2026-02-28,Levothyroxine 100mcg Tablets 2x14,Marwick Pharmaceuticals,Pharma,Tablets,Below 25C,120.0,34.4,38.0,29.8,0.03895,6.78,20.01,6.0,4.0,24.0,134.2,187.72,0.9348,7.791666666666667,0.3034854166666667,0.3246527777777778,18709.350000000002,1.0,Pallet racking,1.0,0,12.171052631578949
PH10013,1312874,2026-12-31,Saleable,133,2026-02-28,Rosuvastatin 10mg Tablets 3x10,Halvora Healthcare,Pharma,Tablets,Below 25C,100.0,34.5,39.6,16.5,0.02254,5.61,8.74,6.0,6.0,36.0,114.0,226.96,0.81144,1.33,0.029978200000000003,0.036944444444444446,1162.42,1.0,Shelving,0.0,1,10.06578947368421
PH10013,1339782,2026-11-16,Saleable,194,2026-02-28,Rosuvastatin 10mg Tablets 3x10,Halvora Healthcare,Pharma,Tablets,Below 25C,100.0,34.5,39.6,16.5,0.02254,5.61,8.74,6.0,6.0,36.0,114.0,226.96,0.81144,1.94,0.0437276,0.05388888888888889,1695.56,1.0,Shelving,0.0,1,8.585526315789474
PH10013,1314757,2026-05-29,Saleable,113,2026-02-28,Rosuvastatin 10mg Tablets 3x10,Halvora Healthcare,Pharma,Tablets,Below 25C,100.0,34.5,39.6,16.5,0.02254,5.61,8.74,6.0,6.0,36.0,114.0,226.96,0.81144,1.13,0.0254702,0.03138888888888888,987.62,1.0,Shelving,0.0,1,2.960526315789474
PH10013,1397932,2027-11-06,Saleable,462,2026-02-28,Rosuvastatin 10mg Tablets 3x10,Halvora Healthcare,Pharma,Tablets,Below 25C,100.0,34.5,39.6,16.5,0.02254,5.61,8.74,6.0,6.0,36.0,114.0,226.96,0.81144,4.62,0.10413480000000001,0.12833333333333333,4037.88,1.0,Shelving,0.0,1,20.263157894736842
PH10013,1374421,2028-09-06,Saleable,14,2026-02-28,Rosuvastatin 10mg Tablets 3x10,Halvora Healthcare,Pharma,Tablets,Below 25C,100.0,34.5,39.6,16.5,0.02254,5.61,8.74,6.0,6.0,36.0,114.0,226.96,0.81144,0.14,0.0031556000000000006,0.003888888888888889,122.36,1.0,Shelving,0.0,1,30.29605263157895
PH10013,1345760,2025-08-26,Expired,73,2026-02-28,Rosuvastatin 10mg Tablets 3x10,Halvora Healthcare,Pharma,Tablets,Below 25C,100.0,34.5,39.6,16.5,0.02254,5.61,8.74,6.0,6.0,36.0,114.0,226.96,0.81144,0.73,0.0164542,0.020277777777777777,638.02,1.0,Quarantine,0.0,0,-6.11842105263158
PH10014,1494518,2026-11-14,Saleable,300,2026-02-28,Pantoprazole 20mg Tablets 3x10,Marwick Pharmaceuticals,Pharma,Tablets,Below 25C,100.0,44.0,30.7,25.3,0.03418,9.14,23.67,6.0,2.0,12.0,65.6,134.68,0.41016,3.0,0.10254,0.25,7101.000000000001,1.0,Shelving,0.0,1,8.519736842105264
PH10015,1599636,2028-07-12,Saleable,4172,2026-02-28,Atorvastatin 40mg Tablets 3x10,Dunmore Therapeutics,Pharma,Tablets,Below 25C,180.0,41.4,42.5,16.9,0.02974,6.13,4.15,4.0,7.0,28.0,133.29999999999998,196.64,0.83272,23.177777777777777,0.6893071111111111,0.8277777777777777,17313.800000000003,1.0,Pallet racking,1.0,0,28.453947368421055
PH10016,1629872,2027-09-23,Saleable,820,2026-02-28,Prednisolone 25mg Tablets 3x10,Corvane Pharma,Pharma,Tablets,Below 25C,100.0,55.1,34.7,34.2,0.06539,12.13,17.11,4.0,3.0,12.0,117.6,170.56,0.78468,8.2,0.536198,0.6833333333333332,14030.199999999999,1.0,Pallet racking,1.0,0,18.815789473684212
PH10016,1640014,2028-04-18,Saleable,189,2026-02-28,Prednisolone 25mg Tablets 3x10,Corvane Pharma,Pharma,Tablets,Below 25C,100.0,55.1,34.7,34.2,0.06539,12.13,17.11,4.0,3.0,12.0,117.6,170.56,0.78468,1.89,0.1235871,0.1575,3233.79,1.0,Shelving,0.0,1,25.657894736842106
PH10017,1749501,2028-01-24,Saleable,4045,2026-02-28,Furosemide 40mg Tablets 3x10,Corvane Pharma,Pharma,Tablets,Below 25C,100.0,30.9,35.5,24.5,0.02688,5.26,7.72,9.0,6.0,54.0,162.0,309.04,1.45152,40.45,1.087296,0.7490740740740741,31227.399999999998,1.0,Pallet racking,1.0,0,22.861842105263158
PH10018,1852576,2027-08-01,Saleable,5104,2026-02-28,Simvastatin 20mg Tablets 10x10,Venrick Laboratories,Pharma,Tablets,Below 25C,100.0,57.9,37.0,18.1,0.03878,8.03,16.69,3.0,7.0,21.0,141.70000000000002,193.63,0.81438,51.04,1.9793312,2.4304761904761905,85185.76000000001,3.0,Pallet racking,3.0,0,17.072368421052634
PH10018,1885324,2027-09-17,Saleable,11249,2026-02-28,Simvastatin 20mg Tablets 10x10,Venrick Laboratories,Pharma,Tablets,Below 25C,100.0,57.9,37.0,18.1,0.03878,8.03,16.69,3.0,7.0,21.0,141.70000000000002,193.63,0.81438,112.49,4.3623622,5.3566666666666665,187745.81000000003,6.0,Pallet racking,6.0,0,18.61842105263158
PH10019,1933128,2028-04-23,Saleable,3726,2026-02-28,Ibuprofen 400mg Tablets 30s,Marwick Pharmaceuticals,Pharma,Tablets,Below 25C,120.0,50.5,30.7,31.6,0.04899,8.95,7.84,4.0,3.0,12.0,109.8,132.39999999999998,0.58788,31.05,1.5211395,2.5875,29211.84,3.0,Pallet racking,3.0,0,25.822368421052634
PH10020,2046426,2027-09-25,Saleable,31300,2026-02-28,Ciprofloxacin 500mg Tablets 3x10,Marwick Pharmaceuticals,Pharma,Tablets,Below 25C,180.0,41.9,25.7,16.1,0.017336963,2.8,19.02,6.0,6.0,36.0,111.6,125.8,0.624130668,173.88888888888889,3.0147052327777777,4.830246913580247,595326.0,5.0,Pallet racking,5.0,0,18.88157894736842
PH10020,2025224,2025-04-07,Expired,2504,2026-02-28,Ciprofloxacin 500mg Tablets 3x10,Marwick Pharmaceuticals,Pharma,Tablets,Below 25C,180.0,41.9,25.7,16.1,0.017336963,2.8,19.02,6.0,6.0,36.0,111.6,125.8,0.624130668,13.911111111111111,0.24117641862222222,0.38641975308641974,47626.08,1.0,Quarantine,0.0,0,-10.756578947368421
PH10021,2157690,2028-03-07,Saleable,747,2026-02-28,Prednisolone 5mg Tablets 3x10,Venrick Laboratories,Pharma,Tablets,Below 25C,180.0,36.4,42.4,33.1,0.05109,7.86,19.51,6.0,3.0,18.0,114.3,166.48000000000002,0.91962,4.15,0.21202350000000003,0.23055555555555557,14573.970000000001,1.0,Shelving,0.0,1,24.276315789473685
PH10022,2294665,2028-05-05,Saleable,10094,2026-02-28,Escitalopram 20mg Tablets 3x10,Corvane Pharma,Pharma,Tablets,Below 25C,240.0,46.9,26.6,26.4,0.03294,8.91,8.68,7.0,4.0,28.0,120.6,274.48,0.92232,42.05833333333333,1.3854014999999997,1.5020833333333332,87615.92,2.0,Pallet racking,2.0,0,26.217105263157897
PH10022,2294355,2028-08-29,Saleable,28287,2026-02-28,Escitalopram 20mg Tablets 3x10,Corvane Pharma,Pharma,Tablets,Below 25C,240.0,46.9,26.6,26.4,0.03294,8.91,8.68,7.0,4.0,28.0,120.6,274.48,0.92232,117.8625,3.8823907499999994,4.209375,245531.16,5.0,Pallet racking,5.0,0,30.032894736842106
PH10022,2218228,2027-11-26,FOC,1919,2026-02-28,Escitalopram 20mg Tablets 3x10,Corvane Pharma,Pharma,Tablets,Below 25C,240.0,46.9,26.6,26.4,0.03294,8.91,8.68,7.0,4.0,28.0,120.6,274.48,0.92232,7.995833333333334,0.26338275,0.2855654761904762,16656.92,1.0,Pallet racking,1.0,0,20.92105263157895
PH10023,2377402,2028-03-12,Saleable,19124,2026-02-28,Gliclazide 80mg Tablets 10x10,Arcadine Pharma,Pharma,Tablets,Below 25C,180.0,37.0,31.6,16.2,0.01894,4.55,3.72,9.0,8.0,72.0,144.6,352.6,1.36368,106.24444444444444,2.0122697777777776,1.4756172839506172,71141.28,2.0,Pallet racking,2.0,0,24.440789473684212
PH10023,2368230,2028-06-26,Saleable,17531,2026-02-28,Gliclazide 80mg Tablets 10x10,Arcadine Pharma,Pharma,Tablets,Below 25C,180.0,37.0,31.6,16.2,0.01894,4.55,3.72,9.0,8.0,72.0,144.6,352.6,1.36368,97.39444444444445,1.8446507777777776,1.3527006172839506,65215.32000000001,2.0,Pallet racking,2.0,0,27.92763157894737
PH10024,2483821,2029-02-06,Saleable,1337,2026-02-28,Ciprofloxacin 500mg Tablets 2x14,Corvane Pharma,Pharma,Tablets,Below 25C,60.0,32.5,43.6,17.5,0.0248,5.25,11.43,6.0,6.0,36.0,120.0,214.0,0.8927999999999999,22.283333333333335,0.5526266666666667,0.6189814814814816,15281.91,1.0,Pallet racking,1.0,0,35.328947368421055
PH10024,2410635,2026-10-29,Saleable,364,2026-02-28,Ciprofloxacin 500mg Tablets 2x14,Corvane Pharma,Pharma,Tablets,Below 25C,60.0,32.5,43.6,17.5,0.0248,5.25,11.43,6.0,6.0,36.0,120.0,214.0,0.8927999999999999,6.066666666666666,0.15045333333333333,0.1685185185185185,4160.5199999999995,1.0,Shelving,0.0,1,7.99342105263158
PH10024,2430349,2028-06-07,Saleable,757,2026-02-28,Ciprofloxacin 500mg Tablets 2x14,Corvane Pharma,Pharma,Tablets,Below 25C,60.0,32.5,43.6,17.5,0.0248,5.25,11.43,6.0,6.0,36.0,120.0,214.0,0.8927999999999999,12.616666666666667,0.31289333333333336,0.350462962962963,8652.51,1.0,Pallet racking,1.0,0,27.30263157894737
PH10025,2546343,2028-05-31,Saleable,7196,2026-02-28,Diclofenac 50mg Tablets 10x10,Halvora Healthcare,Pharma,Tablets,Below 25C,100.0,51.0,34.4,31.2,0.05474,9.81,19.37,4.0,3.0,12.0,108.6,142.72,0.6568799999999999,71.96,3.9390903999999995,5.996666666666666,139386.52000000002,6.0,Pallet racking,6.0,0,27.072368421052634
PH10025,2597730,2028-05-26,Saleable,2727,2026-02-28,Diclofenac 50mg Tablets 10x10,Halvora Healthcare,Pharma,Tablets,Below 25C,100.0,51.0,34.4,31.2,0.05474,9.81,19.37,4.0,3.0,12.0,108.6,142.72,0.6568799999999999,27.27,1.4927598,2.2725,52821.990000000005,3.0,Pallet racking,3.0,0,26.907894736842106
PH10026,2672897,2026-07-15,Saleable,1942,2026-02-28,Cetirizine 10mg Tablets 2x14,Dunmore Therapeutics,Pharma,Tablets,Below 25C,240.0,36.6,37.2,27.0,0.03676,9.16,9.61,5.0,4.0,20.0,123.0,208.2,0.7352000000000001,8.091666666666667,0.29744966666666667,0.40458333333333335,18662.62,1.0,Pallet racking,1.0,0,4.506578947368421
PH10026,2661573,2027-04-08,Saleable,1177,2026-02-28,Cetirizine 10mg Tablets 2x14,Dunmore Therapeutics,Pharma,Tablets,Below 25C,240.0,36.6,37.2,27.0,0.03676,9.16,9.61,5.0,4.0,20.0,123.0,208.2,0.7352000000000001,4.904166666666667,0.18027716666666668,0.24520833333333333,11310.97,1.0,Shelving,0.0,1,13.289473684210527
PH10026,2685838,2028-06-22,Saleable,2420,2026-02-28,Cetirizine 10mg Tablets 2x14,Dunmore Therapeutics,Pharma,Tablets,Below 25C,240.0,36.6,37.2,27.0,0.03676,9.16,9.61,5.0,4.0,20.0,123.0,208.2,0.7352000000000001,10.083333333333334,0.37066333333333334,0.5041666666666667,23256.199999999997,1.0,Pallet racking,1.0,0,27.79605263157895
PH10026,2621191,2027-08-30,Sample,110,2026-02-28,Cetirizine 10mg Tablets 2x14,Dunmore Therapeutics,Pharma,Tablets,Below 25C,240.0,36.6,37.2,27.0,0.03676,9.16,9.61,5.0,4.0,20.0,123.0,208.2,0.7352000000000001,0.4583333333333333,0.016848333333333333,0.022916666666666665,1057.1,1.0,Shelving,0.0,1,18.026315789473685
PH10027,2769882,2028-05-26,Saleable,558,2026-02-28,Simvastatin 20mg Tablets 100s,Corvane Pharma,Pharma,Tablets,Below 25C,100.0,33.9,42.9,29.6,0.04305,11.9,15.11,6.0,3.0,18.0,103.8,239.2,0.7748999999999999,5.58,0.240219,0.31,8431.38,1.0,Shelving,0.0,1,26.907894736842106
PH10027,2781728,2026-12-07,FOC,27,2026-02-28,Simvastatin 20mg Tablets 100s,Corvane Pharma,Pharma,Tablets,Below 25C,100.0,33.9,42.9,29.6,0.04305,11.9,15.11,6.0,3.0,18.0,103.8,239.2,0.7748999999999999,0.27,0.0116235,0.015000000000000001,407.96999999999997,1.0,Shelving,0.0,1,9.276315789473685
PH10028,2814267,2028-05-22,Saleable,80,2026-02-28,Bisoprolol 5mg Tablets 100s,Corvane Pharma,Pharma,Tablets,Below 25C,100.0,57.9,35.3,19.6,0.04006,6.03,11.09,4.0,4.0,16.0,93.4,121.48,0.64096,0.8,0.032048,0.05,887.2,1.0,Shelving,0.0,1,26.776315789473685
PH10028,2822566,2027-01-01,Saleable,10,2026-02-28,Bisoprolol 5mg Tablets 100s,Corvane Pharma,Pharma,Tablets,Below 25C,100.0,57.9,35.3,19.6,0.04006,6.03,11.09,4.0,4.0,16.0,93.4,121.48,0.64096,0.1,0.004006,0.00625,110.9,1.0,Shelving,0.0,1,10.098684210526317
PH10028,2882740,2028-07-22,Saleable,284,2026-02-28,Bisoprolol 5mg Tablets 100s,Corvane Pharma,Pharma,Tablets,Below 25C,100.0,57.9,35.3,19.6,0.04006,6.03,11.09,4.0,4.0,16.0,93.4,121.48,0.64096,2.84,0.1137704,0.1775,3149.56,1.0,Shelving,0.0,1,28.782894736842106
PH10028,2851009,2028-01-13,Saleable,6,2026-02-28,Bisoprolol 5mg Tablets 100s,Corvane Pharma,Pharma,Tablets,Below 25C,100.0,57.9,35.3,19.6,0.04006,6.03,11.09,4.0,4.0,16.0,93.4,121.48,0.64096,0.06,0.0024035999999999997,0.00375,66.53999999999999,1.0,Shelving,0.0,1,22.5
PH10029,2986257,2027-11-19,Saleable,1568,2026-02-28,Gliclazide 80mg Tablets 3x10,Arcadine Pharma,Pharma,Tablets,Below 25C,180.0,42.1,38.4,18.9,0.03055,8.37,21.04,5.0,4.0,20.0,90.6,192.4,0.611,8.71111111111111,0.26612444444444444,0.43555555555555553,32990.72,1.0,Pallet racking,1.0,0,20.690789473684212
PH10030,3021002,2026-11-11,Saleable,155,2026-02-28,Allopurinol 300mg Tablets 10x10,Corvane Pharma,Pharma,Tablets,Below 25C,60.0,56.5,30.2,31.8,0.05426,12.08,3.73,6.0,2.0,12.0,78.6,169.96,0.65112,2.5833333333333335,0.1401716666666667,0.2152777777777778,578.15,1.0,Shelving,0.0,1,8.421052631578947
PH10030,3062791,2027-10-02,Saleable,198,2026-02-28,Allopurinol 300mg Tablets 10x10,Corvane Pharma,Pharma,Tablets,Below 25C,60.0,56.5,30.2,31.8,0.05426,12.08,3.73,6.0,2.0,12.0,78.6,169.96,0.65112,3.3,0.179058,0.27499999999999997,738.54,1.0,Shelving,0.0,1,19.111842105263158
PH10032,3227303,2027-05-11,Saleable,31808,2026-02-28,Pantoprazole 40mg Tablets 10x10,Venrick Laboratories,Pharma,Tablets,Below 25C,100.0,52.7,39.0,31.5,0.06474,10.75,5.77,4.0,4.0,16.0,141.0,197.0,1.03584,318.08,20.592499200000002,19.88,183532.15999999997,20.0,Pallet racking,20.0,0,14.375
PH10032,3291038,2027-09-05,Saleable,8429,2026-02-28,Pantoprazole 40mg Tablets 10x10,Venrick Laboratories,Pharma,Tablets,Below 25C,100.0,52.7,39.0,31.5,0.06474,10.75,5.77,4.0,4.0,16.0,141.0,197.0,1.03584,84.29,5.456934600000001,5.268125,48635.329999999994,6.0,Pallet racking,6.0,0,18.223684210526315
PH10033,3377490,2027-12-11,Saleable,575,2026-02-28,Simvastatin 20mg Tablets 30s,Halvora Healthcare,Pharma,Tablets,Below 25C,100.0,56.1,30.3,32.9,0.05592,10.82,10.85,6.0,3.0,18.0,113.7,219.76,1.00656,5.75,0.32154,0.3194444444444444,6238.75,1.0,Pallet racking,1.0,0,21.414473684210527
PH10034,3421654,2028-03-03,Saleable,489,2026-02-28,Ibuprofen 200mg Tablets 3x10,Halvora Healthcare,Pharma,Tablets,Below 25C,60.0,33.1,33.6,31.0,0.03448,6.29,14.51,9.0,2.0,18.0,77.0,138.22,0.62064,8.15,0.281012,0.4527777777777778,7095.39,1.0,Pallet racking,1.0,0,24.144736842105264
PH10034,3435042,2027-01-14,Saleable,855,2026-02-28,Ibuprofen 200mg Tablets 3x10,Halvora Healthcare,Pharma,Tablets,Below 25C,60.0,33.1,33.6,31.0,0.03448,6.29,14.51,9.0,2.0,18.0,77.0,138.22,0.62064,14.25,0.49133999999999994,0.7916666666666666,12406.05,1.0,Pallet racking,1.0,0,10.526315789473685
PH10035,3589637,2028-08-23,Saleable,52057,2026-02-28,Metoprolol 50mg Tablets 100s,Marwick Pharmaceuticals,Pharma,Tablets,Below 25C,240.0,59.6,34.9,26.8,0.05575,14.35,22.98,2.0,2.0,4.0,68.6,82.4,0.223,216.90416666666667,12.092407291666667,54.22604166666667,1196269.86,55.0,Pallet racking,55.0,0,29.835526315789476
PH10036,3612184,2028-02-26,Saleable,4088,2026-02-28,Bisoprolol 2.5mg Tablets 2x14,Venrick Laboratories,Pharma,Tablets,Below 25C,100.0,57.8,36.7,22.1,0.04688,9.02,23.52,4.0,3.0,12.0,81.30000000000001,133.24,0.56256,40.88,1.9164544000000001,3.4066666666666667,96149.76,4.0,Pallet racking,4.0,0,23.947368421052634
PH10037,3768544,2027-07-29,Saleable,2907,2026-02-28,Montelukast 10mg Tablets 100s,Dunmore Therapeutics,Pharma,Tablets,Below 25C,240.0,51.9,42.4,18.3,0.04027,7.05,14.42,4.0,4.0,16.0,88.2,137.8,0.64432,12.1125,0.48777037500000003,0.75703125,41918.94,1.0,Pallet racking,1.0,0,16.973684210526315
PH10037,3727160,2028-02-17,Sample,58,2026-02-28,Montelukast 10mg Tablets 100s,Dunmore Therapeutics,Pharma,Tablets,Below 25C,240.0,51.9,42.4,18.3,0.04027,7.05,14.42,4.0,4.0,16.0,88.2,137.8,0.64432,0.24166666666666667,0.009731916666666666,0.015104166666666667,836.36,1.0,Shelving,0.0,1,23.651315789473685
PH10038,3842489,2027-06-26,Saleable,4518,2026-02-28,Pantoprazole 20mg Tablets 10x10,Marwick Pharmaceuticals,Pharma,Tablets,Below 25C,60.0,33.3,39.5,26.9,0.03538,5.79,19.53,9.0,5.0,45.0,149.5,285.55,1.5921,75.3,2.664114,1.6733333333333333,88236.54000000001,2.0,Pallet racking,2.0,0,15.888157894736842
PH10039,3976009,2026-09-22,Saleable,31,2026-02-28,Atorvastatin 40mg Tablets 100s,Marwick Pharmaceuticals,Pharma,Tablets,Below 25C,180.0,46.2,28.8,21.9,0.02914,8.23,4.35,8.0,3.0,24.0,80.69999999999999,222.52,0.69936,0.17222222222222222,0.005018555555555556,0.007175925925925926,134.85,1.0,Shelving,0.0,1,6.776315789473685
PH10039,3970961,2028-05-29,Saleable,19,2026-02-28,Atorvastatin 40mg Tablets 100s,Marwick Pharmaceuticals,Pharma,Tablets,Below 25C,180.0,46.2,28.8,21.9,0.02914,8.23,4.35,8.0,3.0,24.0,80.69999999999999,222.52,0.69936,0.10555555555555556,0.003075888888888889,0.004398148148148148,82.64999999999999,1.0,Shelving,0.0,1,27.00657894736842
PH10039,3998321,2027-03-14,Saleable,3,2026-02-28,Atorvastatin 40mg Tablets 100s,Marwick Pharmaceuticals,Pharma,Tablets,Below 25C,180.0,46.2,28.8,21.9,0.02914,8.23,4.35,8.0,3.0,24.0,80.69999999999999,222.52,0.69936,0.016666666666666666,0.00048566666666666664,0.0006944444444444445,13.049999999999999,1.0,Shelving,0.0,1,12.467105263157896
PH10040,4070258,2026-08-26,Saleable,1227,2026-02-28,Warfarin 5mg Tablets 30s,Arcadine Pharma,Pharma,Tablets,Below 25C,100.0,43.3,41.9,27.0,0.04899,11.04,13.85,4.0,3.0,12.0,96.0,157.48,0.58788,12.27,0.6011073,1.0225,16993.95,2.0,Pallet racking,2.0,0,5.8881578947368425
PH10040,4035649,2026-12-24,Saleable,1171,2026-02-28,Warfarin 5mg Tablets 30s,Arcadine Pharma,Pharma,Tablets,Below 25C,100.0,43.3,41.9,27.0,0.04899,11.04,13.85,4.0,3.0,12.0,96.0,157.48,0.58788,11.71,0.5736729,0.9758333333333334,16218.35,1.0,Pallet racking,1.0,0,9.835526315789474
PH10040,4015537,2028-10-01,Saleable,746,2026-02-28,Warfarin 5mg Tablets 30s,Arcadine Pharma,Pharma,Tablets,Below 25C,100.0,43.3,41.9,27.0,0.04899,11.04,13.85,4.0,3.0,12.0,96.0,157.48,0.58788,7.46,0.3654654,0.6216666666666667,10332.1,1.0,Pallet racking,1.0,0,31.11842105263158
PH10040,4067088,2028-02-27,Saleable,20,2026-02-28,Warfarin 5mg Tablets 30s,Arcadine Pharma,Pharma,Tablets,Below 25C,100.0,43.3,41.9,27.0,0.04899,11.04,13.85,4.0,3.0,12.0,96.0,157.48,0.58788,0.2,0.009798000000000001,0.016666666666666666,277.0,1.0,Shelving,0.0,1,23.980263157894736
PH10041,4148052,2027-08-09,Saleable,3056,2026-02-28,Amlodipine 5mg Tablets 30s,Venrick Laboratories,Pharma,Tablets,Below 25C,100.0,56.8,32.1,19.7,0.03592,8.0,24.46,6.0,6.0,36.0,133.2,313.0,1.29312,30.56,1.0977152,0.8488888888888888,74749.76000000001,1.0,Pallet racking,1.0,0,17.335526315789476
PH10042,4213670,2028-12-24,Saleable,208,2026-02-28,Glimepiride 4mg Tablets 3x10,Venrick Laboratories,Pharma,Tablets,Below 25C,180.0,50.2,38.4,33.7,0.06496,15.47,8.54,2.0,4.0,8.0,149.8,148.76,0.51968,1.1555555555555554,0.07506488888888889,0.14444444444444443,1776.3199999999997,1.0,Shelving,0.0,1,33.881578947368425
PH10043,4345363,2027-08-15,Saleable,22116,2026-02-28,Atorvastatin 10mg Tablets 100s,Corvane Pharma,Pharma,Tablets,Below 25C,180.0,36.9,35.6,16.2,0.02128,5.36,2.65,5.0,9.0,45.0,160.79999999999998,266.20000000000005,0.9576,122.86666666666666,2.6146026666666664,2.73037037037037,58607.4,3.0,Pallet racking,3.0,0,17.532894736842106
PH10043,4339744,2027-11-11,Saleable,6000,2026-02-28,Atorvastatin 10mg Tablets 100s,Corvane Pharma,Pharma,Tablets,Below 25C,180.0,36.9,35.6,16.2,0.02128,5.36,2.65,5.0,9.0,45.0,160.79999999999998,266.20000000000005,0.9576,33.333333333333336,0.7093333333333334,0.7407407407407408,15900.0,1.0,Pallet racking,1.0,0,20.42763157894737
PH10045,4593078,2028-05-24,Saleable,6416,2026-02-28,Atorvastatin 40mg Tablets 10x10,Corvane Pharma,Pharma,Tablets,Below 25C,240.0,43.5,36.9,34.6,0.05554,9.54,19.82,6.0,3.0,18.0,118.8,196.72,0.99972,26.733333333333334,1.4847693333333334,1.4851851851851852,127165.12,2.0,Pallet racking,2.0,0,26.842105263157897
PH10045,4514452,2028-07-04,Saleable,13852,2026-02-28,Atorvastatin 40mg Tablets 10x10,Corvane Pharma,Pharma,Tablets,Below 25C,240.0,43.5,36.9,34.6,0.05554,9.54,19.82,6.0,3.0,18.0,118.8,196.72,0.99972,57.71666666666667,3.2055836666666666,3.2064814814814815,274546.64,4.0,Pallet racking,4.0,0,28.190789473684212
PH10045,4549077,2028-07-02,Saleable,3543,2026-02-28,Atorvastatin 40mg Tablets 10x10,Corvane Pharma,Pharma,Tablets,Below 25C,240.0,43.5,36.9,34.6,0.05554,9.54,19.82,6.0,3.0,18.0,118.8,196.72,0.99972,14.7625,0.8199092499999999,0.8201388888888889,70222.26,1.0,Pallet racking,1.0,0,28.125
PH10045,4569970,2027-09-10,FOC,1190,2026-02-28,Atorvastatin 40mg Tablets 10x10,Corvane Pharma,Pharma,Tablets,Below 25C,240.0,43.5,36.9,34.6,0.05554,9.54,19.82,6.0,3.0,18.0,118.8,196.72,0.99972,4.958333333333333,0.27538583333333333,0.27546296296296297,23585.8,1.0,Pallet racking,1.0,0,18.388157894736842
PH10046,4661778,2028-12-15,Saleable,712,2026-02-28,Warfarin 1mg Tablets 3x10,Marwick Pharmaceuticals,Pharma,Tablets,Below 25C,120.0,41.5,43.5,16.3,0.02943,6.21,20.66,2.0,7.0,14.0,129.10000000000002,111.94,0.41202,5.933333333333334,0.17461800000000002,0.4238095238095238,14709.92,1.0,Shelving,0.0,1,33.58552631578947
PH10046,4633726,2028-04-12,Saleable,101,2026-02-28,Warfarin 1mg Tablets 3x10,Marwick Pharmaceuticals,Pharma,Tablets,Below 25C,120.0,41.5,43.5,16.3,0.02943,6.21,20.66,2.0,7.0,14.0,129.10000000000002,111.94,0.41202,0.8416666666666667,0.02477025,0.06011904761904762,2086.66,1.0,Shelving,0.0,1,25.460526315789476
PH10046,4639417,2027-12-28,Sample,16,2026-02-28,Warfarin 1mg Tablets 3x10,Marwick Pharmaceuticals,Pharma,Tablets,Below 25C,120.0,41.5,43.5,16.3,0.02943,6.21,20.66,2.0,7.0,14.0,129.10000000000002,111.94,0.41202,0.13333333333333333,0.003924,0.009523809523809523,330.56,1.0,Shelving,0.0,1,21.973684210526315
PH10047,4756371,2027-03-03,Saleable,59,2026-02-28,Metformin 850mg Tablets 2x14,Marwick Pharmaceuticals,Pharma,Tablets,Below 25C,120.0,45.3,43.1,19.8,0.03866,11.06,4.14,4.0,7.0,28.0,153.6,334.68,1.08248,0.49166666666666664,0.01900783333333333,0.01755952380952381,244.26,1.0,Shelving,0.0,1,12.105263157894738
PH10047,4770578,2026-06-05,Saleable,144,2026-02-28,Metformin 850mg Tablets 2x14,Marwick Pharmaceuticals,Pharma,Tablets,Below 25C,120.0,45.3,43.1,19.8,0.03866,11.06,4.14,4.0,7.0,28.0,153.6,334.68,1.08248,1.2,0.046391999999999996,0.04285714285714286,596.16,1.0,Shelving,0.0,1,3.1907894736842106
PH10047,4792483,2027-09-28,Saleable,600,2026-02-28,Metformin 850mg Tablets 2x14,Marwick Pharmaceuticals,Pharma,Tablets,Below 25C,120.0,45.3,43.1,19.8,0.03866,11.06,4.14,4.0,7.0,28.0,153.6,334.68,1.08248,5.0,0.1933,0.17857142857142858,2484.0,1.0,Shelving,0.0,1,18.980263157894736
PH10048,4886953,2027-09-29,Saleable,9098,2026-02-28,Simvastatin 40mg Tablets 3x10,Marwick Pharmaceuticals,Pharma,Tablets,Below 25C,180.0,54.2,38.7,32.2,0.06754,13.01,3.27,4.0,4.0,16.0,143.8,233.16,1.08064,50.544444444444444,3.413771777777778,3.1590277777777778,29750.46,4.0,Pallet racking,4.0,0,19.013157894736842
PH10048,4810375,2026-06-09,Saleable,5518,2026-02-28,Simvastatin 40mg Tablets 3x10,Marwick Pharmaceuticals,Pharma,Tablets,Below 25C,180.0,54.2,38.7,32.2,0.06754,13.01,3.27,4.0,4.0,16.0,143.8,233.16,1.08064,30.655555555555555,2.070476222222222,1.9159722222222222,18043.86,2.0,Pallet racking,2.0,0,3.322368421052632
PH10049,4950249,2028-04-17,Saleable,42489,2026-02-28,Amlodipine 5mg Tablets 2x14,Halvora Healthcare,Pharma,Tablets,Below 25C,180.0,52.5,41.2,31.6,0.06835,17.57,8.64,4.0,2.0,8.0,78.2,165.56,0.5468,236.05,16.1340175,29.50625,367104.96,30.0,Pallet racking,30.0,0,25.625
PH10049,4954058,2028-09-18,Saleable,31546,2026-02-28,Amlodipine 5mg Tablets 2x14,Halvora Healthcare,Pharma,Tablets,Below 25C,180.0,52.5,41.2,31.6,0.06835,17.57,8.64,4.0,2.0,8.0,78.2,165.56,0.5468,175.25555555555556,11.97871722222222,21.906944444444445,272557.44,22.0,Pallet racking,22.0,0,30.690789473684212
PH10050,5016887,2027-08-29,Saleable,19900,2026-02-28,Escitalopram 10mg Tablets 30s,Corvane Pharma,Pharma,Tablets,Below 25C,240.0,53.0,44.3,22.0,0.05165,12.46,24.31,4.0,5.0,20.0,125.0,274.20000000000005,1.033,82.91666666666667,4.2826458333333335,4.145833333333334,483769.0,5.0,Pallet racking,5.0,0,17.99342105263158
PH10050,5080645,2028-01-30,Saleable,3326,2026-02-28,Escitalopram 10mg Tablets 30s,Corvane Pharma,Pharma,Tablets,Below 25C,240.0,53.0,44.3,22.0,0.05165,12.46,24.31,4.0,5.0,20.0,125.0,274.20000000000005,1.033,13.858333333333333,0.7157829166666666,0.6929166666666666,80855.06,1.0,Pallet racking,1.0,0,23.05921052631579
PH10050,5075407,2026-12-21,Saleable,362,2026-02-28,Escitalopram 10mg Tablets 30s,Corvane Pharma,Pharma,Tablets,Below 25C,240.0,53.0,44.3,22.0,0.05165,12.46,24.31,4.0,5.0,20.0,125.0,274.20000000000005,1.033,1.5083333333333333,0.07790541666666667,0.07541666666666666,8800.22,1.0,Shelving,0.0,1,9.736842105263158
PH10050,5011934,2025-08-08,Expired,1887,2026-02-28,Escitalopram 10mg Tablets 30s,Corvane Pharma,Pharma,Tablets,Below 25C,240.0,53.0,44.3,22.0,0.05165,12.46,24.31,4.0,5.0,20.0,125.0,274.20000000000005,1.033,7.8625,0.406098125,0.393125,45872.97,1.0,Quarantine,0.0,0,-6.710526315789474
PH10051,5117286,2028-11-14,Saleable,7869,2026-02-28,Escitalopram 10mg Tablets 3x10,Corvane Pharma,Pharma,Tablets,Below 25C,240.0,57.7,39.2,29.1,0.06582,17.87,11.21,4.0,4.0,16.0,131.4,310.92,1.05312,32.7875,2.15807325,2.04921875,88211.49,3.0,Pallet racking,3.0,0,32.56578947368421
PH10051,5137929,2028-02-04,Sample,157,2026-02-28,Escitalopram 10mg Tablets 3x10,Corvane Pharma,Pharma,Tablets,Below 25C,240.0,57.7,39.2,29.1,0.06582,17.87,11.21,4.0,4.0,16.0,131.4,310.92,1.05312,0.6541666666666667,0.043057250000000005,0.04088541666666667,1759.97,1.0,Shelving,0.0,1,23.22368421052632
PH10053,5330974,2026-11-13,Saleable,1429,2026-02-28,Simvastatin 40mg Tablets 10x10,Halvora Healthcare,Pharma,Tablets,Below 25C,100.0,54.7,43.6,25.1,0.05986,11.02,23.17,4.0,3.0,12.0,90.3,157.24,0.71832,14.29,0.8553993999999999,1.1908333333333332,33109.93,2.0,Pallet racking,2.0,0,8.486842105263158
PH10053,5310457,2027-12-11,Saleable,178,2026-02-28,Simvastatin 40mg Tablets 10x10,Halvora Healthcare,Pharma,Tablets,Below 25C,100.0,54.7,43.6,25.1,0.05986,11.02,23.17,4.0,3.0,12.0,90.3,157.24,0.71832,1.78,0.1065508,0.14833333333333334,4124.26,1.0,Shelving,0.0,1,21.414473684210527
PH10053,5382081,2028-05-28,Saleable,1742,2026-02-28,Simvastatin 40mg Tablets 10x10,Halvora Healthcare,Pharma,Tablets,Below 25C,100.0,54.7,43.6,25.1,0.05986,11.02,23.17,4.0,3.0,12.0,90.3,157.24,0.71832,17.42,1.0427612,1.4516666666666669,40362.14,2.0,Pallet racking,2.0,0,26.97368421052632
PH10054,5442513,2027-09-08,Saleable,540,2026-02-28,Esomeprazole 40mg Tablets 30s,Marwick Pharmaceuticals,Pharma,Tablets,Below 25C,180.0,57.5,44.2,32.8,0.08336,16.28,24.78,4.0,3.0,12.0,113.4,220.36,1.00032,3.0,0.25008,0.25,13381.2,1.0,Pallet racking,1.0,0,18.322368421052634
PH10055,5524081,2027-02-10,Saleable,2804,2026-02-28,Ibuprofen 200mg Tablets 100s,Dunmore Therapeutics,Pharma,Tablets,Below 25C,120.0,30.7,30.0,33.6,0.03095,9.28,20.69,11.0,4.0,44.0,149.4,433.32,1.3618,23.366666666666667,0.7231983333333333,0.5310606060606061,58014.76,1.0,Pallet racking,1.0,0,11.414473684210527
PH10055,5544416,2028-01-16,Sample,56,2026-02-28,Ibuprofen 200mg Tablets 100s,Dunmore Therapeutics,Pharma,Tablets,Below 25C,120.0,30.7,30.0,33.6,0.03095,9.28,20.69,11.0,4.0,44.0,149.4,433.32,1.3618,0.4666666666666667,0.014443333333333332,0.010606060606060607,1158.64,1.0,Shelving,0.0,1,22.59868421052632
PH10055,5560974,2026-12-18,Damaged,84,2026-02-28,Ibuprofen 200mg Tablets 100s,Dunmore Therapeutics,Pharma,Tablets,Below 25C,120.0,30.7,30.0,33.6,0.03095,9.28,20.69,11.0,4.0,44.0,149.4,433.32,1.3618,0.7,0.021664999999999997,0.015909090909090907,1737.96,1.0,Quarantine,0.0,0,9.638157894736842
PH10056,5630573,2028-01-13,Saleable,357,2026-02-28,Allopurinol 100mg Tablets 10x10,Corvane Pharma,Pharma,Tablets,Below 25C,180.0,53.3,36.4,22.9,0.04443,7.21,3.94,3.0,3.0,9.0,83.69999999999999,89.89,0.3998699999999999,1.9833333333333334,0.0881195,0.22037037037037038,1406.58,1.0,Shelving,0.0,1,22.5
PH10056,5692186,2027-07-21,Saleable,1609,2026-02-28,Allopurinol 100mg Tablets 10x10,Corvane Pharma,Pharma,Tablets,Below 25C,180.0,53.3,36.4,22.9,0.04443,7.21,3.94,3.0,3.0,9.0,83.69999999999999,89.89,0.3998699999999999,8.938888888888888,0.3971548333333333,0.9932098765432098,6339.46,1.0,Pallet racking,1.0,0,16.710526315789476
PH10057,5735686,2028-11-18,Saleable,11243,2026-02-28,Glimepiride 2mg Tablets 30s,Marwick Pharmaceuticals,Pharma,Tablets,Below 25C,100.0,37.9,34.9,30.5,0.04034,10.87,21.5,6.0,2.0,12.0,76.0,155.44,0.48408,112.43,4.535426200000001,9.369166666666667,241724.5,10.0,Pallet racking,10.0,0,32.69736842105263
PH10058,5818035,2028-04-26,Saleable,6567,2026-02-28,Pantoprazole 40mg Tablets 100s,Corvane Pharma,Pharma,Tablets,Below 25C,120.0,43.2,37.1,33.4,0.05353,11.46,19.25,6.0,3.0,18.0,115.2,231.28000000000003,0.96354,54.725,2.92942925,3.040277777777778,126414.75,4.0,Pallet racking,4.0,0,25.92105263157895
PH10059,5926322,2027-09-15,Saleable,1554,2026-02-28,Telmisartan 80mg Tablets 30s,Venrick Laboratories,Pharma,Tablets,Below 25C,180.0,55.2,40.3,25.7,0.05717,11.86,2.49,4.0,5.0,20.0,143.5,262.2,1.1434,8.633333333333333,0.4935676666666666,0.43166666666666664,3869.4600000000005,1.0,Pallet racking,1.0,0,18.55263157894737
PH10060,6060129,2029-01-27,Saleable,427,2026-02-28,Paracetamol 500mg Tablets 3x10,Corvane Pharma,Pharma,Tablets,Below 25C,180.0,58.5,34.4,21.0,0.04226,9.62,10.79,2.0,7.0,14.0,162.0,159.67999999999998,0.5916399999999999,2.3722222222222222,0.10025011111111111,0.16944444444444445,4607.33,1.0,Shelving,0.0,1,35.0
PH10060,6091384,2027-04-11,Saleable,1067,2026-02-28,Paracetamol 500mg Tablets 3x10,Corvane Pharma,Pharma,Tablets,Below 25C,180.0,58.5,34.4,21.0,0.04226,9.62,10.79,2.0,7.0,14.0,162.0,159.67999999999998,0.5916399999999999,5.927777777777778,0.2505078888888889,0.4234126984126984,11512.929999999998,1.0,Pallet racking,1.0,0,13.388157894736842
PH10060,6070708,2027-03-03,Saleable,231,2026-02-28,Paracetamol 500mg Tablets 3x10,Corvane Pharma,Pharma,Tablets,Below 25C,180.0,58.5,34.4,21.0,0.04226,9.62,10.79,2.0,7.0,14.0,162.0,159.67999999999998,0.5916399999999999,1.2833333333333334,0.05423366666666667,0.09166666666666667,2492.49,1.0,Shelving,0.0,1,12.105263157894738
PH10060,6085258,2026-06-25,Saleable,2036,2026-02-28,Paracetamol 500mg Tablets 3x10,Corvane Pharma,Pharma,Tablets,Below 25C,180.0,58.5,34.4,21.0,0.04226,9.62,10.79,2.0,7.0,14.0,162.0,159.67999999999998,0.5916399999999999,11.311111111111112,0.4780075555555556,0.807936507936508,21968.44,1.0,Pallet racking,1.0,0,3.848684210526316
PH10061,6184080,2028-02-28,Saleable,744,2026-02-28,Simvastatin 40mg Tablets 30s,Arcadine Pharma,Pharma,Tablets,Below 25C,120.0,32.3,44.6,15.3,0.02204,4.98,20.07,6.0,7.0,42.0,122.1,234.16000000000005,0.92568,6.2,0.13664800000000002,0.14761904761904762,14932.08,1.0,Shelving,0.0,1,24.013157894736842
PH10062,6273200,2027-05-04,Saleable,6003,2026-02-28,Amlodipine 5mg Tablets 100s,Arcadine Pharma,Pharma,Tablets,Below 25C,60.0,49.9,39.1,16.9,0.03297,9.87,19.36,6.0,8.0,48.0,150.2,498.76,1.58256,100.05,3.2986484999999997,2.084375,116218.08,3.0,Pallet racking,3.0,0,14.144736842105264
PH10063,6336285,2026-12-04,Saleable,5952,2026-02-28,Simvastatin 40mg Tablets 2x14,Marwick Pharmaceuticals,Pharma,Tablets,Below 25C,240.0,54.2,44.2,29.4,0.07043,16.09,16.72,4.0,5.0,20.0,162.0,346.8,1.4086,24.8,1.7466640000000002,1.24,99517.43999999999,2.0,Pallet racking,2.0,0,9.177631578947368
PH10064,6433818,2026-09-01,Saleable,5728,2026-02-28,Telmisartan 80mg Tablets 3x10,Halvora Healthcare,Pharma,Tablets,Below 25C,240.0,48.7,25.0,18.0,0.02192,6.54,8.11,8.0,5.0,40.0,105.0,286.6,0.8767999999999999,23.866666666666667,0.5231573333333334,0.5966666666666667,46454.079999999994,1.0,Pallet racking,1.0,0,6.085526315789474
PH10065,6518841,2026-12-02,Saleable,2940,2026-02-28,Rosuvastatin 20mg Tablets 2x14,Corvane Pharma,Pharma,Tablets,Below 25C,180.0,54.3,32.4,29.5,0.0519,11.84,21.07,4.0,5.0,20.0,162.5,261.8,1.038,16.333333333333332,0.8477,0.8166666666666667,61945.8,1.0,Pallet racking,1.0,0,9.111842105263158
PH10065,6584179,2028-08-08,Saleable,15303,2026-02-28,Rosuvastatin 20mg Tablets 2x14,Corvane Pharma,Pharma,Tablets,Below 25C,180.0,54.3,32.4,29.5,0.0519,11.84,21.07,4.0,5.0,20.0,162.5,261.8,1.038,85.01666666666667,4.412365,4.2508333333333335,322434.21,5.0,Pallet racking,5.0,0,29.342105263157897
PH10066,6683039,2028-11-14,Saleable,9157,2026-02-28,Atorvastatin 10mg Tablets 3x10,Venrick Laboratories,Pharma,Tablets,Below 25C,180.0,33.6,35.4,32.3,0.03842,7.09,3.7,6.0,2.0,12.0,79.6,110.08,0.46104,50.87222222222222,1.954510777777778,4.239351851851851,33880.9,5.0,Pallet racking,5.0,0,32.56578947368421
PH10066,6654994,2025-04-13,Expired,732,2026-02-28,Atorvastatin 10mg Tablets 3x10,Venrick Laboratories,Pharma,Tablets,Below 25C,180.0,33.6,35.4,32.3,0.03842,7.09,3.7,6.0,2.0,12.0,79.6,110.08,0.46104,4.066666666666666,0.15624133333333334,0.33888888888888885,2708.4,1.0,Quarantine,0.0,0,-10.55921052631579
PH10067,6714691,2026-07-13,Saleable,22347,2026-02-28,Montelukast 10mg Tablets 3x10,Arcadine Pharma,Pharma,Tablets,Below 25C,240.0,32.5,40.7,31.8,0.04206,11.95,23.33,6.0,2.0,12.0,78.6,168.39999999999998,0.5047200000000001,93.1125,3.9163117499999998,7.7593749999999995,521355.50999999995,8.0,Pallet racking,8.0,0,4.440789473684211
PH10067,6754393,2025-10-10,Expired,1787,2026-02-28,Montelukast 10mg Tablets 3x10,Arcadine Pharma,Pharma,Tablets,Below 25C,240.0,32.5,40.7,31.8,0.04206,11.95,23.33,6.0,2.0,12.0,78.6,168.39999999999998,0.5047200000000001,7.445833333333334,0.31317175,0.6204861111111112,41690.71,1.0,Quarantine,0.0,0,-4.6381578947368425
PH10068,6847912,2028-12-02,Saleable,3745,2026-02-28,Ciprofloxacin 250mg Tablets 10x10,Marwick Pharmaceuticals,Pharma,Tablets,Below 25C,120.0,46.1,37.6,34.1,0.05911,9.32,15.42,5.0,3.0,15.0,117.3,164.8,0.88665,31.208333333333332,1.8447245833333334,2.0805555555555553,57747.9,3.0,Pallet racking,3.0,0,33.15789473684211
PH10069,6959941,2027-07-18,Saleable,287,2026-02-28,Amlodipine 10mg Tablets 3x10,Halvora Healthcare,Pharma,Tablets,Below 25C,240.0,57.9,39.9,27.1,0.06261,14.68,18.99,4.0,2.0,8.0,69.2,142.44,0.50088,1.1958333333333333,0.074871125,0.14947916666666666,5450.129999999999,1.0,Shelving,0.0,1,16.611842105263158
PH10069,6917824,2028-01-03,Saleable,323,2026-02-28,Amlodipine 10mg Tablets 3x10,Halvora Healthcare,Pharma,Tablets,Below 25C,240.0,57.9,39.9,27.1,0.06261,14.68,18.99,4.0,2.0,8.0,69.2,142.44,0.50088,1.3458333333333334,0.08426262500000001,0.16822916666666668,6133.7699999999995,1.0,Shelving,0.0,1,22.17105263157895
PH10070,7051990,2026-09-12,Saleable,493,2026-02-28,Sertraline 50mg Tablets 30s,Marwick Pharmaceuticals,Pharma,Tablets,Below 25C,100.0,46.8,40.3,34.3,0.06469,15.07,8.63,4.0,3.0,12.0,117.9,205.84,0.77628,4.93,0.3189217,0.41083333333333333,4254.59,1.0,Pallet racking,1.0,0,6.447368421052632
PH10070,7046831,2027-12-09,Saleable,1569,2026-02-28,Sertraline 50mg Tablets 30s,Marwick Pharmaceuticals,Pharma,Tablets,Below 25C,100.0,46.8,40.3,34.3,0.06469,15.07,8.63,4.0,3.0,12.0,117.9,205.84,0.77628,15.69,1.0149861,1.3074999999999999,13540.470000000001,2.0,Pallet racking,2.0,0,21.348684210526315
PH10071,7137110,2027-09-14,Saleable,439,2026-02-28,Metformin 850mg Tablets 10x10,Corvane Pharma,Pharma,Tablets,Below 25C,240.0,53.8,41.5,34.6,0.07725,12.3,13.41,3.0,3.0,9.0,118.8,135.7,0.69525,1.8291666666666666,0.141303125,0.20324074074074072,5886.99,1.0,Shelving,0.0,1,18.519736842105264
PH10071,7169527,2027-10-10,Saleable,931,2026-02-28,Metformin 850mg Tablets 10x10,Corvane Pharma,Pharma,Tablets,Below 25C,240.0,53.8,41.5,34.6,0.07725,12.3,13.41,3.0,3.0,9.0,118.8,135.7,0.69525,3.879166666666667,0.299665625,0.4310185185185185,12484.710000000001,1.0,Pallet racking,1.0,0,19.375
PH10072,7213846,2027-01-13,Saleable,1393,2026-02-28,Azithromycin 250mg Tablets 3x10,Venrick Laboratories,Pharma,Tablets,Below 25C,120.0,44.3,29.4,35.0,0.04558,8.53,8.54,7.0,2.0,14.0,85.0,144.42,0.63812,11.608333333333333,0.5291078333333333,0.8291666666666666,11896.22,1.0,Pallet racking,1.0,0,10.493421052631579
PH10073,7338940,2028-04-06,Saleable,9293,2026-02-28,Esomeprazole 40mg Tablets 3x10,Halvora Healthcare,Pharma,Tablets,Below 25C,180.0,53.3,38.9,30.7,0.06365,13.7,19.04,4.0,4.0,16.0,137.8,244.2,1.0184,51.62777777777778,3.2861080555555557,3.2267361111111112,176938.72,4.0,Pallet racking,4.0,0,25.263157894736842
PH10074,7415624,2026-10-23,Saleable,6690,2026-02-28,Paracetamol 500mg Tablets 2x14,Halvora Healthcare,Pharma,Tablets,Below 25C,60.0,55.4,43.0,34.9,0.08314,15.96,2.12,4.0,4.0,16.0,154.6,280.36,1.33024,111.5,9.27011,6.96875,14182.800000000001,7.0,Pallet racking,7.0,0,7.796052631578948
PH10074,7432339,2026-08-23,Saleable,7268,2026-02-28,Paracetamol 500mg Tablets 2x14,Halvora Healthcare,Pharma,Tablets,Below 25C,60.0,55.4,43.0,34.9,0.08314,15.96,2.12,4.0,4.0,16.0,154.6,280.36,1.33024,121.13333333333334,10.071025333333335,7.570833333333334,15408.160000000002,8.0,Pallet racking,8.0,0,5.7894736842105265
PH10074,7438192,2026-12-18,Saleable,23,2026-02-28,Paracetamol 500mg Tablets 2x14,Halvora Healthcare,Pharma,Tablets,Below 25C,60.0,55.4,43.0,34.9,0.08314,15.96,2.12,4.0,4.0,16.0,154.6,280.36,1.33024,0.38333333333333336,0.03187033333333334,0.023958333333333335,48.760000000000005,1.0,Shelving,0.0,1,9.638157894736842
PH10074,7433813,2027-04-20,FOC,699,2026-02-28,Paracetamol 500mg Tablets 2x14,Halvora Healthcare,Pharma,Tablets,Below 25C,60.0,55.4,43.0,34.9,0.08314,15.96,2.12,4.0,4.0,16.0,154.6,280.36,1.33024,11.65,0.9685810000000001,0.728125,1481.88,1.0,Pallet racking,1.0,0,13.68421052631579
PH10075,7560568,2028-08-03,Saleable,40900,2026-02-28,Escitalopram 20mg Tablets 10x10,Corvane Pharma,Pharma,Tablets,Below 25C,240.0,34.3,40.6,31.1,0.04331,8.03,18.76,6.0,4.0,24.0,139.4,217.72,1.03944,170.41666666666666,7.380745833333333,7.100694444444444,767284.0000000001,8.0,Pallet racking,8.0,0,29.17763157894737
PH10076,7693327,2026-09-14,Saleable,1436,2026-02-28,Metformin 500mg Tablets 100s,Marwick Pharmaceuticals,Pharma,Tablets,Below 25C,120.0,35.5,40.1,16.0,0.02278,6.45,9.41,6.0,8.0,48.0,143.0,334.6,1.0934400000000002,11.966666666666667,0.2726006666666667,0.24930555555555556,13512.76,1.0,Pallet racking,1.0,0,6.5131578947368425
PH10076,7625317,2028-08-11,Saleable,158,2026-02-28,Metformin 500mg Tablets 100s,Marwick Pharmaceuticals,Pharma,Tablets,Below 25C,120.0,35.5,40.1,16.0,0.02278,6.45,9.41,6.0,8.0,48.0,143.0,334.6,1.0934400000000002,1.3166666666666667,0.02999366666666667,0.027430555555555555,1486.78,1.0,Shelving,0.0,1,29.440789473684212
PH10077,7725261,2027-08-26,Saleable,468,2026-02-28,Prednisolone 5mg Tablets 2x14,Corvane Pharma,Pharma,Tablets,Below 25C,180.0,58.5,34.0,23.0,0.04575,7.28,21.55,4.0,5.0,20.0,130.0,170.6,0.915,2.6,0.11895,0.13,10085.4,1.0,Shelving,0.0,1,17.894736842105264
PH10077,7726276,2027-03-29,Saleable,1,2026-02-28,Prednisolone 5mg Tablets 2x14,Corvane Pharma,Pharma,Tablets,Below 25C,180.0,58.5,34.0,23.0,0.04575,7.28,21.55,4.0,5.0,20.0,130.0,170.6,0.915,0.005555555555555556,0.00025416666666666665,0.0002777777777777778,21.55,1.0,Shelving,0.0,1,12.960526315789474
PH10077,7781337,2026-06-14,Saleable,760,2026-02-28,Prednisolone 5mg Tablets 2x14,Corvane Pharma,Pharma,Tablets,Below 25C,180.0,58.5,34.0,23.0,0.04575,7.28,21.55,4.0,5.0,20.0,130.0,170.6,0.915,4.222222222222222,0.19316666666666665,0.2111111111111111,16378.0,1.0,Shelving,0.0,1,3.486842105263158
PH10078,7860667,2027-07-19,Saleable,33,2026-02-28,Furosemide 40mg Tablets 100s,Marwick Pharmaceuticals,Pharma,Tablets,Below 25C,60.0,30.2,38.0,27.2,0.03121,5.58,17.98,9.0,4.0,36.0,123.8,225.88,1.12356,0.55,0.017165500000000004,0.015277777777777779,593.34,1.0,Shelving,0.0,1,16.644736842105264
PH10078,7871693,2026-07-12,Saleable,7,2026-02-28,Furosemide 40mg Tablets 100s,Marwick Pharmaceuticals,Pharma,Tablets,Below 25C,60.0,30.2,38.0,27.2,0.03121,5.58,17.98,9.0,4.0,36.0,123.8,225.88,1.12356,0.11666666666666667,0.003641166666666667,0.0032407407407407406,125.86,1.0,Shelving,0.0,1,4.407894736842105
PH10079,7977535,2028-10-24,Saleable,1521,2026-02-28,Allopurinol 100mg Tablets 3x10,Arcadine Pharma,Pharma,Tablets,Below 25C,60.0,56.7,34.6,22.8,0.04473,10.73,24.34,4.0,3.0,12.0,83.4,153.76,0.53676,25.35,1.1339055,2.1125000000000003,37021.14,3.0,Pallet racking,3.0,0,31.875
PH10079,7948114,2027-04-23,Saleable,1488,2026-02-28,Allopurinol 100mg Tablets 3x10,Arcadine Pharma,Pharma,Tablets,Below 25C,60.0,56.7,34.6,22.8,0.04473,10.73,24.34,4.0,3.0,12.0,83.4,153.76,0.53676,24.8,1.109304,2.066666666666667,36217.92,3.0,Pallet racking,3.0,0,13.782894736842106
PH10079,7935826,2027-05-24,Saleable,2844,2026-02-28,Allopurinol 100mg Tablets 3x10,Arcadine Pharma,Pharma,Tablets,Below 25C,60.0,56.7,34.6,22.8,0.04473,10.73,24.34,4.0,3.0,12.0,83.4,153.76,0.53676,47.4,2.120202,3.9499999999999997,69222.96,4.0,Pallet racking,4.0,0,14.80263157894737
PH10079,7980011,2027-10-08,Damaged,175,2026-02-28,Allopurinol 100mg Tablets 3x10,Arcadine Pharma,Pharma,Tablets,Below 25C,60.0,56.7,34.6,22.8,0.04473,10.73,24.34,4.0,3.0,12.0,83.4,153.76,0.53676,2.9166666666666665,0.13046249999999998,0.24305555555555555,4259.5,1.0,Quarantine,0.0,0,19.30921052631579
PH10080,8051048,2028-07-03,Saleable,638,2026-02-28,Loratadine 10mg Tablets 30s,Marwick Pharmaceuticals,Pharma,Tablets,Below 25C,60.0,42.9,31.0,22.4,0.02979,6.0,10.8,6.0,4.0,24.0,104.6,169.0,0.71496,10.633333333333333,0.31676699999999997,0.44305555555555554,6890.400000000001,1.0,Pallet racking,1.0,0,28.157894736842106
PH10080,8094710,2028-03-20,Saleable,2087,2026-02-28,Loratadine 10mg Tablets 30s,Marwick Pharmaceuticals,Pharma,Tablets,Below 25C,60.0,42.9,31.0,22.4,0.02979,6.0,10.8,6.0,4.0,24.0,104.6,169.0,0.71496,34.78333333333333,1.0361955,1.4493055555555554,22539.600000000002,2.0,Pallet racking,2.0,0,24.703947368421055
PH10081,8172496,2026-12-07,Saleable,132,2026-02-28,Metformin 500mg Tablets 2x14,Marwick Pharmaceuticals,Pharma,Tablets,Below 25C,180.0,49.1,37.6,17.3,0.03194,5.4,19.85,4.0,8.0,32.0,153.4,197.8,1.02208,0.7333333333333333,0.023422666666666668,0.022916666666666665,2620.2000000000003,1.0,Shelving,0.0,1,9.276315789473685
PH10082,8219284,2026-12-03,Saleable,298,2026-02-28,Ciprofloxacin 250mg Tablets 3x10,Venrick Laboratories,Pharma,Tablets,Below 25C,120.0,34.5,26.7,26.1,0.02404,3.94,15.32,9.0,5.0,45.0,145.5,202.3,1.0818,2.4833333333333334,0.05969933333333333,0.055185185185185184,4565.36,1.0,Shelving,0.0,1,9.144736842105264
PH10082,8279021,2026-10-27,Saleable,449,2026-02-28,Ciprofloxacin 250mg Tablets 3x10,Venrick Laboratories,Pharma,Tablets,Below 25C,120.0,34.5,26.7,26.1,0.02404,3.94,15.32,9.0,5.0,45.0,145.5,202.3,1.0818,3.7416666666666667,0.08994966666666666,0.08314814814814815,6878.68,1.0,Shelving,0.0,1,7.927631578947369
PH10082,8296643,2028-08-17,Saleable,932,2026-02-28,Ciprofloxacin 250mg Tablets 3x10,Venrick Laboratories,Pharma,Tablets,Below 25C,120.0,34.5,26.7,26.1,0.02404,3.94,15.32,9.0,5.0,45.0,145.5,202.3,1.0818,7.766666666666667,0.18671066666666666,0.1725925925925926,14278.24,1.0,Shelving,0.0,1,29.638157894736842
PH10082,8214012,2025-12-27,Expired,134,2026-02-28,Ciprofloxacin 250mg Tablets 3x10,Venrick Laboratories,Pharma,Tablets,Below 25C,120.0,34.5,26.7,26.1,0.02404,3.94,15.32,9.0,5.0,45.0,145.5,202.3,1.0818,1.1166666666666667,0.026844666666666666,0.024814814814814814,2052.88,1.0,Quarantine,0.0,0,-2.072368421052632
PH10083,8350011,2028-11-24,Saleable,1754,2026-02-28,Clopidogrel 75mg Tablets 2x14,Corvane Pharma,Pharma,Tablets,Below 25C,180.0,45.4,25.3,30.3,0.0348,7.61,17.65,8.0,3.0,24.0,105.9,207.64,0.8351999999999999,9.744444444444444,0.3391066666666666,0.4060185185185185,30958.1,1.0,Pallet racking,1.0,0,32.89473684210527
PH10083,8365072,2027-11-16,Saleable,2250,2026-02-28,Clopidogrel 75mg Tablets 2x14,Corvane Pharma,Pharma,Tablets,Below 25C,180.0,45.4,25.3,30.3,0.0348,7.61,17.65,8.0,3.0,24.0,105.9,207.64,0.8351999999999999,12.5,0.43499999999999994,0.5208333333333334,39712.5,1.0,Pallet racking,1.0,0,20.592105263157897
PH10084,8417776,2027-06-05,Saleable,45381,2026-02-28,Diclofenac 50mg Tablets 30s,Corvane Pharma,Pharma,Tablets,Below 25C,240.0,55.9,40.6,19.2,0.04358,11.23,14.6,4.0,6.0,24.0,130.2,294.52,1.04592,189.0875,8.24043325,7.878645833333334,662562.6,8.0,Pallet racking,8.0,0,15.197368421052632
PH10085,8514108,2027-09-13,Saleable,4545,2026-02-28,Allopurinol 300mg Tablets 30s,Arcadine Pharma,Pharma,Tablets,Below 25C,100.0,43.5,37.1,22.6,0.03647,9.83,24.8,6.0,4.0,24.0,105.4,260.92,0.8752800000000001,45.45,1.6575615000000001,1.89375,112716.0,2.0,Pallet racking,2.0,0,18.486842105263158
PH10085,8587100,2026-05-30,Saleable,6594,2026-02-28,Allopurinol 300mg Tablets 30s,Arcadine Pharma,Pharma,Tablets,Below 25C,100.0,43.5,37.1,22.6,0.03647,9.83,24.8,6.0,4.0,24.0,105.4,260.92,0.8752800000000001,65.94,2.4048318,2.7475,163531.2,3.0,Pallet racking,3.0,0,2.993421052631579
PH10085,8587139,2027-10-11,Saleable,955,2026-02-28,Allopurinol 300mg Tablets 30s,Arcadine Pharma,Pharma,Tablets,Below 25C,100.0,43.5,37.1,22.6,0.03647,9.83,24.8,6.0,4.0,24.0,105.4,260.92,0.8752800000000001,9.55,0.34828850000000006,0.3979166666666667,23684.0,1.0,Pallet racking,1.0,0,19.407894736842106
PH10086,8679373,2027-03-21,Saleable,6005,2026-02-28,Losartan 100mg Tablets 100s,Marwick Pharmaceuticals,Pharma,Tablets,Below 25C,240.0,50.6,38.0,30.3,0.05826,11.97,3.97,4.0,3.0,12.0,105.9,168.64,0.69912,25.020833333333332,1.45771375,2.085069444444444,23839.850000000002,3.0,Pallet racking,3.0,0,12.697368421052632
PH10086,8646343,2026-10-09,Saleable,2499,2026-02-28,Losartan 100mg Tablets 100s,Marwick Pharmaceuticals,Pharma,Tablets,Below 25C,240.0,50.6,38.0,30.3,0.05826,11.97,3.97,4.0,3.0,12.0,105.9,168.64,0.69912,10.4125,0.60663225,0.8677083333333333,9921.03,1.0,Pallet racking,1.0,0,7.335526315789474
PH10086,8686819,2029-01-07,Saleable,1223,2026-02-28,Losartan 100mg Tablets 100s,Marwick Pharmaceuticals,Pharma,Tablets,Below 25C,240.0,50.6,38.0,30.3,0.05826,11.97,3.97,4.0,3.0,12.0,105.9,168.64,0.69912,5.095833333333333,0.29688325,0.42465277777777777,4855.31,1.0,Pallet racking,1.0,0,34.3421052631579
PH10087,8779506,2029-01-08,Saleable,2402,2026-02-28,Bisoprolol 5mg Tablets 3x10,Halvora Healthcare,Pharma,Tablets,Below 25C,120.0,58.3,26.6,33.2,0.05149,8.74,7.56,6.0,2.0,12.0,81.4,129.88,0.61788,20.016666666666666,1.0306581666666665,1.6680555555555554,18159.12,2.0,Pallet racking,2.0,0,34.375
PH10088,8884253,2026-10-01,Saleable,209,2026-02-28,Glimepiride 2mg Tablets 3x10,Corvane Pharma,Pharma,Tablets,Below 25C,100.0,53.7,32.8,23.8,0.04192,10.01,20.08,6.0,3.0,18.0,86.4,205.18,0.75456,2.09,0.08761279999999999,0.11611111111111111,4196.719999999999,1.0,Shelving,0.0,1,7.072368421052632
PH10088,8850648,2026-09-05,Saleable,198,2026-02-28,Glimepiride 2mg Tablets 3x10,Corvane Pharma,Pharma,Tablets,Below 25C,100.0,53.7,32.8,23.8,0.04192,10.01,20.08,6.0,3.0,18.0,86.4,205.18,0.75456,1.98,0.0830016,0.11,3975.8399999999997,1.0,Shelving,0.0,1,6.217105263157895
PH10088,8825957,2027-02-09,Saleable,57,2026-02-28,Glimepiride 2mg Tablets 3x10,Corvane Pharma,Pharma,Tablets,Below 25C,100.0,53.7,32.8,23.8,0.04192,10.01,20.08,6.0,3.0,18.0,86.4,205.18,0.75456,0.57,0.023894399999999996,0.03166666666666666,1144.56,1.0,Shelving,0.0,1,11.381578947368421
PH10088,8882218,2027-09-08,Saleable,308,2026-02-28,Glimepiride 2mg Tablets 3x10,Corvane Pharma,Pharma,Tablets,Below 25C,100.0,53.7,32.8,23.8,0.04192,10.01,20.08,6.0,3.0,18.0,86.4,205.18,0.75456,3.08,0.1291136,0.1711111111111111,6184.639999999999,1.0,Shelving,0.0,1,18.322368421052634
PH10089,8979018,2026-11-03,Saleable,306,2026-02-28,Metoprolol 50mg Tablets 3x10,Arcadine Pharma,Pharma,Tablets,Below 25C,240.0,41.0,34.7,33.3,0.04738,11.95,3.72,6.0,3.0,18.0,114.9,240.1,0.8528399999999999,1.275,0.06040949999999999,0.07083333333333333,1138.3200000000002,1.0,Shelving,0.0,1,8.157894736842106
PH10089,8979919,2027-11-14,Saleable,257,2026-02-28,Metoprolol 50mg Tablets 3x10,Arcadine Pharma,Pharma,Tablets,Below 25C,240.0,41.0,34.7,33.3,0.04738,11.95,3.72,6.0,3.0,18.0,114.9,240.1,0.8528399999999999,1.0708333333333333,0.05073608333333333,0.05949074074074074,956.0400000000001,1.0,Shelving,0.0,1,20.526315789473685
PH10089,8961422,2026-08-17,Saleable,334,2026-02-28,Metoprolol 50mg Tablets 3x10,Arcadine Pharma,Pharma,Tablets,Below 25C,240.0,41.0,34.7,33.3,0.04738,11.95,3.72,6.0,3.0,18.0,114.9,240.1,0.8528399999999999,1.3916666666666666,0.06593716666666666,0.07731481481481481,1242.48,1.0,Shelving,0.0,1,5.592105263157895
PH10090,9041163,2028-12-04,Saleable,111,2026-02-28,Levothyroxine 50mcg Tablets 3x10,Halvora Healthcare,Pharma,Tablets,Below 25C,100.0,40.3,36.3,23.8,0.03482,9.98,6.76,6.0,3.0,18.0,86.4,204.64,0.62676,1.11,0.0386502,0.061666666666666675,750.36,1.0,Shelving,0.0,1,33.223684210526315
PH10091,9155728,2027-10-05,Saleable,596,2026-02-28,Atorvastatin 10mg Tablets 30s,Halvora Healthcare,Pharma,Tablets,Below 25C,100.0,51.5,34.9,29.7,0.05338,13.17,24.15,4.0,3.0,12.0,104.1,183.04,0.64056,5.96,0.3181448,0.49666666666666665,14393.4,1.0,Pallet racking,1.0,0,19.210526315789476
PH10091,9197281,2027-09-17,Saleable,1014,2026-02-28,Atorvastatin 10mg Tablets 30s,Halvora Healthcare,Pharma,Tablets,Below 25C,100.0,51.5,34.9,29.7,0.05338,13.17,24.15,4.0,3.0,12.0,104.1,183.04,0.64056,10.14,0.5412732,0.8450000000000001,24488.1,1.0,Pallet racking,1.0,0,18.61842105263158
PH10091,9181986,2025-05-28,Expired,128,2026-02-28,Atorvastatin 10mg Tablets 30s,Halvora Healthcare,Pharma,Tablets,Below 25C,100.0,51.5,34.9,29.7,0.05338,13.17,24.15,4.0,3.0,12.0,104.1,183.04,0.64056,1.28,0.0683264,0.10666666666666667,3091.2,1.0,Quarantine,0.0,0,-9.078947368421053
PH10092,9221915,2026-09-24,Saleable,2155,2026-02-28,Bisoprolol 5mg Tablets 2x14,Corvane Pharma,Pharma,Tablets,Below 25C,180.0,50.7,25.3,15.6,0.02001,5.86,8.11,6.0,4.0,24.0,77.4,165.64,0.48024,11.972222222222221,0.23956416666666666,0.49884259259259256,17477.05,1.0,Shelving,0.0,1,6.842105263157895
PH10093,9376750,2028-04-27,Saleable,30221,2026-02-28,Pantoprazole 20mg Tablets 2x14,Marwick Pharmaceuticals,Pharma,Tablets,Below 25C,60.0,43.8,27.8,21.1,0.02569,4.2,19.2,8.0,6.0,48.0,141.60000000000002,226.6,1.23312,503.68333333333334,12.939624833333333,10.493402777777778,580243.2,11.0,Pallet racking,11.0,0,25.953947368421055
PH10094,9450675,2028-04-07,Saleable,14179,2026-02-28,Loratadine 10mg Tablets 3x10,Venrick Laboratories,Pharma,Tablets,Below 25C,240.0,59.1,29.7,19.4,0.03405,5.35,24.57,6.0,5.0,30.0,112.0,185.5,1.0215,59.079166666666666,2.011645625,1.9693055555555554,348378.03,2.0,Pallet racking,2.0,0,25.29605263157895
PH10095,9551780,2028-04-04,Saleable,49146,2026-02-28,Amlodipine 10mg Tablets 100s,Arcadine Pharma,Pharma,Tablets,Below 25C,60.0,51.7,35.3,18.2,0.03322,6.62,20.17,4.0,6.0,24.0,124.2,183.88,0.79728,819.1,27.210502,34.12916666666667,991274.8200000001,35.0,Pallet racking,35.0,0,25.197368421052634
PH10096,9676411,2027-03-12,Saleable,1638,2026-02-28,Cetirizine 10mg Tablets 100s,Halvora Healthcare,Pharma,Tablets,Below 25C,180.0,54.5,25.4,26.0,0.03599,7.02,17.14,6.0,2.0,12.0,67.0,109.24,0.43188,9.1,0.327509,0.7583333333333333,28075.32,1.0,Pallet racking,1.0,0,12.401315789473685
PH10097,9766220,2028-03-27,Saleable,35,2026-02-28,Rosuvastatin 5mg Tablets 2x14,Corvane Pharma,Pharma,Tablets,Below 25C,100.0,57.1,37.8,26.2,0.05655,15.26,5.13,4.0,5.0,20.0,146.0,330.2,1.131,0.35,0.0197925,0.017499999999999998,179.54999999999998,1.0,Shelving,0.0,1,24.93421052631579
PH10097,9710558,2028-03-23,Saleable,1951,2026-02-28,Rosuvastatin 5mg Tablets 2x14,Corvane Pharma,Pharma,Tablets,Below 25C,100.0,57.1,37.8,26.2,0.05655,15.26,5.13,4.0,5.0,20.0,146.0,330.2,1.131,19.51,1.1032905000000002,0.9755,10008.63,1.0,Pallet racking,1.0,0,24.80263157894737
PH10097,9764097,2025-08-26,Expired,158,2026-02-28,Rosuvastatin 5mg Tablets 2x14,Corvane Pharma,Pharma,Tablets,Below 25C,100.0,57.1,37.8,26.2,0.05655,15.26,5.13,4.0,5.0,20.0,146.0,330.2,1.131,1.58,0.08934900000000001,0.079,810.54,1.0,Quarantine,0.0,0,-6.11842105263158
PH10098,9880397,2028-03-13,Saleable,1359,2026-02-28,Warfarin 1mg Tablets 2x14,Halvora Healthcare,Pharma,Tablets,Below 25C,240.0,58.2,43.9,27.8,0.07103,18.51,5.26,4.0,4.0,16.0,126.2,321.16,1.13648,5.6625,0.402207375,0.35390625,7148.34,1.0,Pallet racking,1.0,0,24.47368421052632
PH10098,9877461,2027-01-11,Saleable,750,2026-02-28,Warfarin 1mg Tablets 2x14,Halvora Healthcare,Pharma,Tablets,Below 25C,240.0,58.2,43.9,27.8,0.07103,18.51,5.26,4.0,4.0,16.0,126.2,321.16,1.13648,3.125,0.22196875,0.1953125,3945.0,1.0,Shelving,0.0,1,10.427631578947368
PH10098,9848479,2026-06-17,Saleable,18,2026-02-28,Warfarin 1mg Tablets 2x14,Halvora Healthcare,Pharma,Tablets,Below 25C,240.0,58.2,43.9,27.8,0.07103,18.51,5.26,4.0,4.0,16.0,126.2,321.16,1.13648,0.075,0.0053272499999999995,0.0046875,94.67999999999999,1.0,Shelving,0.0,1,3.585526315789474
PH10099,9921135,2028-03-28,Saleable,2600,2026-02-28,Simvastatin 40mg Tablets 100s,Corvane Pharma,Pharma,Tablets,Below 25C,180.0,48.3,41.3,19.6,0.0391,10.58,4.22,4.0,6.0,24.0,132.60000000000002,278.92,0.9384,14.444444444444445,0.5647777777777778,0.6018518518518519,10972.0,1.0,Pallet racking,1.0,0,24.967105263157897
PH10100,10023628,2026-09-29,Saleable,4937,2026-02-28,Carvedilol 6.25mg Tablets 10x10,Corvane Pharma,Pharma,Tablets,Below 25C,180.0,51.1,36.5,29.2,0.05446,14.9,2.21,4.0,3.0,12.0,102.6,203.8,0.65352,27.427777777777777,1.4937167777777778,2.285648148148148,10910.77,3.0,Pallet racking,3.0,0,7.006578947368421
PH10100,10060227,2026-07-22,Saleable,519,2026-02-28,Carvedilol 6.25mg Tablets 10x10,Corvane Pharma,Pharma,Tablets,Below 25C,180.0,51.1,36.5,29.2,0.05446,14.9,2.21,4.0,3.0,12.0,102.6,203.8,0.65352,2.8833333333333333,0.15702633333333332,0.24027777777777778,1146.99,1.0,Shelving,0.0,1,4.736842105263158
PH10100,10039441,2028-09-08,Saleable,3010,2026-02-28,Carvedilol 6.25mg Tablets 10x10,Corvane Pharma,Pharma,Tablets,Below 25C,180.0,51.1,36.5,29.2,0.05446,14.9,2.21,4.0,3.0,12.0,102.6,203.8,0.65352,16.72222222222222,0.9106922222222222,1.3935185185185184,6652.099999999999,2.0,Pallet racking,2.0,0,30.36184210526316
PH10101,10198474,2028-08-02,Saleable,10778,2026-02-28,Azithromycin 500mg Tablets 2x14,Arcadine Pharma,Pharma,Tablets,Below 25C,60.0,51.6,31.1,22.6,0.03627,8.34,16.17,6.0,5.0,30.0,128.0,275.2,1.0880999999999998,179.63333333333333,6.515300999999999,5.987777777777778,174280.26,6.0,Pallet racking,6.0,0,29.144736842105264
PH10101,10199650,2028-12-16,Saleable,4735,2026-02-28,Azithromycin 500mg Tablets 2x14,Arcadine Pharma,Pharma,Tablets,Below 25C,60.0,51.6,31.1,22.6,0.03627,8.34,16.17,6.0,5.0,30.0,128.0,275.2,1.0880999999999998,78.91666666666667,2.8623075,2.6305555555555555,76564.95000000001,3.0,Pallet racking,3.0,0,33.61842105263158
PH10101,10190637,2027-12-10,FOC,775,2026-02-28,Azithromycin 500mg Tablets 2x14,Arcadine Pharma,Pharma,Tablets,Below 25C,60.0,51.6,31.1,22.6,0.03627,8.34,16.17,6.0,5.0,30.0,128.0,275.2,1.0880999999999998,12.916666666666666,0.46848749999999995,0.4305555555555555,12531.750000000002,1.0,Pallet racking,1.0,0,21.38157894736842
PH10102,10267676,2028-03-19,Saleable,514,2026-02-28,Montelukast 10mg Tablets 2x14,Halvora Healthcare,Pharma,Tablets,Below 25C,60.0,30.3,38.8,34.0,0.03997,9.27,7.64,9.0,3.0,27.0,117.0,275.29,1.07919,8.566666666666666,0.34240966666666667,0.3172839506172839,3926.96,1.0,Pallet racking,1.0,0,24.67105263157895
PH10103,10384282,2027-03-24,Saleable,690,2026-02-28,Gliclazide 80mg Tablets 2x14,Dunmore Therapeutics,Pharma,Tablets,Below 25C,100.0,36.2,37.7,15.6,0.02129,4.05,15.9,6.0,7.0,42.0,124.2,195.1,0.89418,6.9,0.146901,0.16428571428571428,10971.0,1.0,Shelving,0.0,1,12.796052631578949
PH10103,10329306,2026-10-26,Saleable,23,2026-02-28,Gliclazide 80mg Tablets 2x14,Dunmore Therapeutics,Pharma,Tablets,Below 25C,100.0,36.2,37.7,15.6,0.02129,4.05,15.9,6.0,7.0,42.0,124.2,195.1,0.89418,0.23,0.0048967,0.0054761904761904765,365.7,1.0,Shelving,0.0,1,7.894736842105264
PH10103,10323167,2026-10-31,Saleable,167,2026-02-28,Gliclazide 80mg Tablets 2x14,Dunmore Therapeutics,Pharma,Tablets,Below 25C,100.0,36.2,37.7,15.6,0.02129,4.05,15.9,6.0,7.0,42.0,124.2,195.1,0.89418,1.67,0.0355543,0.03976190476190476,2655.3,1.0,Shelving,0.0,1,8.05921052631579
PH10104,10445901,2027-09-06,Saleable,1545,2026-02-28,Azithromycin 500mg Tablets 100s,Venrick Laboratories,Pharma,Tablets,Below 25C,180.0,31.6,38.3,31.9,0.03861,9.6,8.56,9.0,4.0,36.0,142.6,370.6,1.38996,8.583333333333334,0.3314025,0.23842592592592593,13225.2,1.0,Pallet racking,1.0,0,18.25657894736842
PH10104,10467821,2027-11-26,Saleable,1169,2026-02-28,Azithromycin 500mg Tablets 100s,Venrick Laboratories,Pharma,Tablets,Below 25C,180.0,31.6,38.3,31.9,0.03861,9.6,8.56,9.0,4.0,36.0,142.6,370.6,1.38996,6.4944444444444445,0.2507505,0.18040123456790125,10006.640000000001,1.0,Pallet racking,1.0,0,20.92105263157895
PH10104,10449743,2028-08-28,Saleable,2454,2026-02-28,Azithromycin 500mg Tablets 100s,Venrick Laboratories,Pharma,Tablets,Below 25C,180.0,31.6,38.3,31.9,0.03861,9.6,8.56,9.0,4.0,36.0,142.6,370.6,1.38996,13.633333333333333,0.5263829999999999,0.3787037037037037,21006.24,1.0,Pallet racking,1.0,0,30.0
PH10105,10527723,2029-02-03,Saleable,23309,2026-02-28,Carvedilol 6.25mg Tablets 30s,Venrick Laboratories,Pharma,Tablets,Below 25C,60.0,57.9,36.4,26.3,0.05543,12.15,14.92,4.0,3.0,12.0,93.9,170.8,0.66516,388.48333333333335,21.533631166666666,32.37361111111111,347770.27999999997,33.0,Pallet racking,33.0,0,35.23026315789474
PH10105,10544878,2027-11-01,Saleable,683,2026-02-28,Carvedilol 6.25mg Tablets 30s,Venrick Laboratories,Pharma,Tablets,Below 25C,60.0,57.9,36.4,26.3,0.05543,12.15,14.92,4.0,3.0,12.0,93.9,170.8,0.66516,11.383333333333333,0.6309781666666666,0.9486111111111111,10190.36,1.0,Pallet racking,1.0,0,20.098684210526315
PH10106,10653308,2027-08-22,Saleable,793,2026-02-28,Bisoprolol 2.5mg Tablets 10x10,Corvane Pharma,Pharma,Tablets,Below 25C,100.0,32.3,43.5,32.9,0.04623,11.0,9.35,6.0,3.0,18.0,113.7,223.0,0.83214,7.93,0.3666039,0.44055555555555553,7414.549999999999,1.0,Pallet racking,1.0,0,17.763157894736842
PH10106,10646043,2028-09-08,Saleable,754,2026-02-28,Bisoprolol 2.5mg Tablets 10x10,Corvane Pharma,Pharma,Tablets,Below 25C,100.0,32.3,43.5,32.9,0.04623,11.0,9.35,6.0,3.0,18.0,113.7,223.0,0.83214,7.54,0.3485742,0.41888888888888887,7049.9,1.0,Pallet racking,1.0,0,30.36184210526316
PH10107,10760066,2027-12-19,Saleable,820,2026-02-28,Diclofenac 50mg Tablets 2x14,Corvane Pharma,Pharma,Tablets,Below 25C,240.0,40.6,38.3,28.8,0.04478,12.33,21.17,6.0,3.0,18.0,101.4,246.94,0.80604,3.4166666666666665,0.15299833333333332,0.1898148148148148,17359.4,1.0,Shelving,0.0,1,21.67763157894737
PH10107,10733170,2026-10-31,Saleable,8916,2026-02-28,Diclofenac 50mg Tablets 2x14,Corvane Pharma,Pharma,Tablets,Below 25C,240.0,40.6,38.3,28.8,0.04478,12.33,21.17,6.0,3.0,18.0,101.4,246.94,0.80604,37.15,1.6635769999999999,2.0638888888888887,188751.72,3.0,Pallet racking,3.0,0,8.05921052631579
PH10108,10878079,2027-03-09,Saleable,1849,2026-02-28,Esomeprazole 20mg Tablets 3x10,Arcadine Pharma,Pharma,Tablets,Below 25C,120.0,51.0,41.2,28.7,0.0603,9.91,15.65,2.0,3.0,6.0,101.1,84.46000000000001,0.3618,15.408333333333333,0.9291225,2.5680555555555555,28936.850000000002,3.0,Pallet racking,3.0,0,12.302631578947368
PH10109,10995426,2028-07-22,Saleable,2289,2026-02-28,Carvedilol 25mg Tablets 30s,Venrick Laboratories,Pharma,Tablets,Below 25C,60.0,30.4,41.8,18.8,0.02389,3.97,10.51,6.0,5.0,30.0,109.0,144.10000000000002,0.7167,38.15,0.9114035,1.2716666666666667,24057.39,2.0,Pallet racking,2.0,0,28.782894736842106
PH10110,11015081,2027-04-21,Saleable,2321,2026-02-28,Rosuvastatin 10mg Tablets 10x10,Dunmore Therapeutics,Pharma,Tablets,Below 25C,120.0,30.3,29.0,17.9,0.01573,2.49,3.36,12.0,6.0,72.0,122.4,204.28000000000003,1.13256,19.341666666666665,0.3042444166666667,0.2686342592592592,7798.5599999999995,1.0,Pallet racking,1.0,0,13.717105263157896
PH10110,11072953,2027-02-22,Saleable,757,2026-02-28,Rosuvastatin 10mg Tablets 10x10,Dunmore Therapeutics,Pharma,Tablets,Below 25C,120.0,30.3,29.0,17.9,0.01573,2.49,3.36,12.0,6.0,72.0,122.4,204.28000000000003,1.13256,6.308333333333334,0.09923008333333334,0.08761574074074074,2543.52,1.0,Shelving,0.0,1,11.80921052631579
PH10110,11051035,2025-07-09,Expired,246,2026-02-28,Rosuvastatin 10mg Tablets 10x10,Dunmore Therapeutics,Pharma,Tablets,Below 25C,120.0,30.3,29.0,17.9,0.01573,2.49,3.36,12.0,6.0,72.0,122.4,204.28000000000003,1.13256,2.05,0.0322465,0.028472222222222218,826.56,1.0,Quarantine,0.0,0,-7.697368421052632
PH10111,11188838,2027-06-23,Saleable,2146,2026-02-28,Gliclazide 80mg Tablets 30s,Corvane Pharma,Pharma,Tablets,Below 25C,120.0,48.0,31.8,20.9,0.0319,9.29,10.48,6.0,4.0,24.0,98.6,247.96,0.7656,17.883333333333333,0.5704783333333333,0.7451388888888889,22490.08,1.0,Pallet racking,1.0,0,15.789473684210527
PH10111,11180367,2026-06-11,Saleable,1986,2026-02-28,Gliclazide 80mg Tablets 30s,Corvane Pharma,Pharma,Tablets,Below 25C,120.0,48.0,31.8,20.9,0.0319,9.29,10.48,6.0,4.0,24.0,98.6,247.96,0.7656,16.55,0.527945,0.6895833333333333,20813.280000000002,1.0,Pallet racking,1.0,0,3.3881578947368425
PH10112,11258155,2028-03-10,Saleable,1042,2026-02-28,Bisoprolol 5mg Tablets 30s,Halvora Healthcare,Pharma,Tablets,Below 25C,180.0,41.3,30.8,18.5,0.02353,6.42,3.27,6.0,5.0,30.0,107.5,217.6,0.7059,5.788888888888889,0.13621255555555556,0.19296296296296295,3407.34,1.0,Shelving,0.0,1,24.375
PH10112,11217944,2028-06-16,Saleable,2382,2026-02-28,Bisoprolol 5mg Tablets 30s,Halvora Healthcare,Pharma,Tablets,Below 25C,180.0,41.3,30.8,18.5,0.02353,6.42,3.27,6.0,5.0,30.0,107.5,217.6,0.7059,13.233333333333333,0.3113803333333333,0.44111111111111106,7789.14,1.0,Pallet racking,1.0,0,27.59868421052632
PH10112,11290246,2027-04-10,Saleable,13803,2026-02-28,Bisoprolol 5mg Tablets 30s,Halvora Healthcare,Pharma,Tablets,Below 25C,180.0,41.3,30.8,18.5,0.02353,6.42,3.27,6.0,5.0,30.0,107.5,217.6,0.7059,76.68333333333334,1.8043588333333334,2.5561111111111114,45135.81,3.0,Pallet racking,3.0,0,13.355263157894738
PH10113,11395669,2026-10-13,Saleable,1666,2026-02-28,Rosuvastatin 5mg Tablets 30s,Arcadine Pharma,Pharma,Tablets,Below 25C,60.0,46.1,40.3,21.8,0.0405,9.97,10.27,4.0,5.0,20.0,124.0,224.4,0.81,27.766666666666666,1.12455,1.3883333333333332,17109.82,2.0,Pallet racking,2.0,0,7.467105263157895
PH10114,11487309,2026-12-19,Saleable,4857,2026-02-28,Telmisartan 40mg Tablets 2x14,Arcadine Pharma,Pharma,Tablets,Below 25C,180.0,34.1,36.9,19.1,0.02403,6.09,18.72,6.0,6.0,36.0,129.60000000000002,244.24,0.86508,26.983333333333334,0.6484095,0.7495370370370371,90923.04,1.0,Pallet racking,1.0,0,9.671052631578949
PH10115,11533597,2027-05-03,Saleable,1271,2026-02-28,Metoprolol 100mg Tablets 100s,Marwick Pharmaceuticals,Pharma,Tablets,Below 25C,120.0,40.3,28.1,23.6,0.02673,6.75,3.27,8.0,5.0,40.0,133.0,295.0,1.0692,10.591666666666667,0.28311525,0.26479166666666665,4156.17,1.0,Pallet racking,1.0,0,14.11184210526316
PH10116,11688944,2027-02-16,Saleable,312,2026-02-28,Atorvastatin 10mg Tablets 10x10,Corvane Pharma,Pharma,Tablets,Below 25C,120.0,57.7,29.1,19.7,0.03308,8.25,13.3,6.0,5.0,30.0,113.5,272.5,0.9924,2.6,0.086008,0.08666666666666667,4149.6,1.0,Shelving,0.0,1,11.61184210526316
PH10117,11725385,2028-12-05,Saleable,1761,2026-02-28,Sertraline 100mg Tablets 30s,Venrick Laboratories,Pharma,Tablets,Below 25C,240.0,55.8,44.0,26.2,0.06433,9.93,15.46,4.0,5.0,20.0,146.0,223.6,1.2866,7.3375,0.472021375,0.366875,27225.06,1.0,Pallet racking,1.0,0,33.256578947368425
PH10117,11754333,2028-03-20,Saleable,471,2026-02-28,Sertraline 100mg Tablets 30s,Venrick Laboratories,Pharma,Tablets,Below 25C,240.0,55.8,44.0,26.2,0.06433,9.93,15.46,4.0,5.0,20.0,146.0,223.6,1.2866,1.9625,0.126247625,0.09812499999999999,7281.660000000001,1.0,Shelving,0.0,1,24.703947368421055
PH10118,11848600,2026-12-30,Saleable,697,2026-02-28,Amlodipine 5mg Tablets 10x10,Corvane Pharma,Pharma,Tablets,Below 25C,100.0,50.7,35.9,21.1,0.0384,6.55,19.12,4.0,4.0,16.0,99.4,129.8,0.6144,6.97,0.26764799999999994,0.435625,13326.640000000001,1.0,Pallet racking,1.0,0,10.032894736842106
PH10118,11820814,2028-02-16,FOC,34,2026-02-28,Amlodipine 5mg Tablets 10x10,Corvane Pharma,Pharma,Tablets,Below 25C,100.0,50.7,35.9,21.1,0.0384,6.55,19.12,4.0,4.0,16.0,99.4,129.8,0.6144,0.34,0.013056,0.02125,650.08,1.0,Shelving,0.0,1,23.61842105263158
PH10119,11935750,2028-01-17,Saleable,54017,2026-02-28,Ciprofloxacin 250mg Tablets 30s,Halvora Healthcare,Pharma,Tablets,Below 25C,240.0,51.0,34.2,23.0,0.04012,8.74,17.59,4.0,5.0,20.0,130.0,199.8,0.8024,225.07083333333333,9.029841833333334,11.253541666666667,950159.03,12.0,Pallet racking,12.0,0,22.63157894736842
PH10120,12052778,2026-07-28,Saleable,10014,2026-02-28,Cetirizine 10mg Tablets 3x10,Corvane Pharma,Pharma,Tablets,Below 25C,180.0,51.0,44.6,28.7,0.06528,10.04,12.43,3.0,3.0,9.0,101.1,115.36,0.58752,55.63333333333333,3.6317440000000003,6.181481481481481,124474.02,7.0,Pallet racking,7.0,0,4.934210526315789
PH10120,12087865,2028-02-24,Saleable,2947,2026-02-28,Cetirizine 10mg Tablets 3x10,Corvane Pharma,Pharma,Tablets,Below 25C,180.0,51.0,44.6,28.7,0.06528,10.04,12.43,3.0,3.0,9.0,101.1,115.36,0.58752,16.372222222222224,1.0687786666666668,1.819135802469136,36631.21,2.0,Pallet racking,2.0,0,23.88157894736842
PH10120,12037562,2025-04-12,Expired,1036,2026-02-28,Cetirizine 10mg Tablets 3x10,Corvane Pharma,Pharma,Tablets,Below 25C,180.0,51.0,44.6,28.7,0.06528,10.04,12.43,3.0,3.0,9.0,101.1,115.36,0.58752,5.7555555555555555,0.3757226666666667,0.6395061728395062,12877.48,1.0,Quarantine,0.0,0,-10.592105263157896
PH10121,12190250,2028-03-16,Saleable,18210,2026-02-28,Pantoprazole 40mg Tablets 2x14,Corvane Pharma,Pharma,Tablets,Below 25C,120.0,39.2,28.6,15.9,0.01783,5.18,9.53,9.0,4.0,36.0,78.6,211.48,0.64188,151.75,2.7057024999999997,4.215277777777778,173541.3,5.0,Pallet racking,5.0,0,24.572368421052634
PH10121,12195279,2027-02-06,Sample,364,2026-02-28,Pantoprazole 40mg Tablets 2x14,Corvane Pharma,Pharma,Tablets,Below 25C,120.0,39.2,28.6,15.9,0.01783,5.18,9.53,9.0,4.0,36.0,78.6,211.48,0.64188,3.033333333333333,0.054084333333333325,0.08425925925925926,3468.9199999999996,1.0,Shelving,0.0,1,11.282894736842106
PH10121,12153386,2025-06-17,Expired,1456,2026-02-28,Pantoprazole 40mg Tablets 2x14,Corvane Pharma,Pharma,Tablets,Below 25C,120.0,39.2,28.6,15.9,0.01783,5.18,9.53,9.0,4.0,36.0,78.6,211.48,0.64188,12.133333333333333,0.2163373333333333,0.337037037037037,13875.679999999998,1.0,Quarantine,0.0,0,-8.421052631578947
PH10122,12284528,2026-08-24,Saleable,21788,2026-02-28,Allopurinol 300mg Tablets 2x14,Marwick Pharmaceuticals,Pharma,Tablets,Below 25C,100.0,58.1,27.0,27.1,0.04251,8.86,17.3,6.0,4.0,24.0,123.4,237.64,1.02024,217.88,9.2620788,9.078333333333333,376932.4,10.0,Pallet racking,10.0,0,5.822368421052632
PH10123,12370862,2027-03-06,Saleable,26105,2026-02-28,Sertraline 50mg Tablets 10x10,Corvane Pharma,Pharma,Tablets,Below 25C,240.0,36.3,40.7,25.7,0.03797,6.46,19.14,6.0,5.0,30.0,143.5,218.8,1.1391,108.77083333333333,4.130028541666666,3.625694444444444,499649.7,4.0,Pallet racking,4.0,0,12.203947368421053
PH10124,12455701,2027-04-10,Saleable,2299,2026-02-28,Prednisolone 25mg Tablets 2x14,Halvora Healthcare,Pharma,Tablets,Below 25C,120.0,42.1,35.5,27.2,0.04065,10.05,5.5,6.0,5.0,30.0,151.0,326.5,1.2195,19.158333333333335,0.77878625,0.6386111111111111,12644.5,1.0,Pallet racking,1.0,0,13.355263157894738
PH10124,12477256,2027-01-27,Saleable,1154,2026-02-28,Prednisolone 25mg Tablets 2x14,Halvora Healthcare,Pharma,Tablets,Below 25C,120.0,42.1,35.5,27.2,0.04065,10.05,5.5,6.0,5.0,30.0,151.0,326.5,1.2195,9.616666666666667,0.39091750000000003,0.3205555555555556,6347.0,1.0,Pallet racking,1.0,0,10.953947368421053
PH10124,12454893,2028-08-09,Saleable,365,2026-02-28,Prednisolone 25mg Tablets 2x14,Halvora Healthcare,Pharma,Tablets,Below 25C,120.0,42.1,35.5,27.2,0.04065,10.05,5.5,6.0,5.0,30.0,151.0,326.5,1.2195,3.0416666666666665,0.12364375,0.10138888888888889,2007.5,1.0,Shelving,0.0,1,29.375
PH10124,12446662,2029-01-06,Saleable,229,2026-02-28,Prednisolone 25mg Tablets 2x14,Halvora Healthcare,Pharma,Tablets,Below 25C,120.0,42.1,35.5,27.2,0.04065,10.05,5.5,6.0,5.0,30.0,151.0,326.5,1.2195,1.9083333333333334,0.07757375,0.06361111111111112,1259.5,1.0,Shelving,0.0,1,34.30921052631579
PH10124,12418934,2027-02-23,Saleable,719,2026-02-28,Prednisolone 25mg Tablets 2x14,Halvora Healthcare,Pharma,Tablets,Below 25C,120.0,42.1,35.5,27.2,0.04065,10.05,5.5,6.0,5.0,30.0,151.0,326.5,1.2195,5.991666666666666,0.24356124999999998,0.19972222222222222,3954.5,1.0,Shelving,0.0,1,11.842105263157896
PH10125,12596691,2027-11-15,Saleable,7467,2026-02-28,Carvedilol 25mg Tablets 2x14,Corvane Pharma,Pharma,Tablets,Below 25C,180.0,41.1,32.6,29.1,0.03899,10.49,10.79,5.0,5.0,25.0,160.5,287.25,0.97475,41.483333333333334,1.6174351666666666,1.6593333333333333,80568.93,2.0,Pallet racking,2.0,0,20.55921052631579
PH10125,12594649,2027-03-29,Saleable,122,2026-02-28,Carvedilol 25mg Tablets 2x14,Corvane Pharma,Pharma,Tablets,Below 25C,180.0,41.1,32.6,29.1,0.03899,10.49,10.79,5.0,5.0,25.0,160.5,287.25,0.97475,0.6777777777777778,0.026426555555555554,0.027111111111111114,1316.3799999999999,1.0,Shelving,0.0,1,12.960526315789474
PH10125,12562515,2025-06-10,Expired,607,2026-02-28,Carvedilol 25mg Tablets 2x14,Corvane Pharma,Pharma,Tablets,Below 25C,180.0,41.1,32.6,29.1,0.03899,10.49,10.79,5.0,5.0,25.0,160.5,287.25,0.97475,3.3722222222222222,0.13148294444444444,0.1348888888888889,6549.53,1.0,Quarantine,0.0,0,-8.651315789473685
PH10126,12620981,2026-07-28,Saleable,136,2026-02-28,Ibuprofen 200mg Tablets 2x14,Halvora Healthcare,Pharma,Tablets,Below 25C,180.0,39.0,27.1,16.7,0.01765,4.41,7.11,9.0,8.0,72.0,148.6,342.52,1.2708,0.7555555555555555,0.013335555555555554,0.010493827160493827,966.96,1.0,Shelving,0.0,1,4.934210526315789
PH10126,12676700,2027-03-28,Saleable,3,2026-02-28,Ibuprofen 200mg Tablets 2x14,Halvora Healthcare,Pharma,Tablets,Below 25C,180.0,39.0,27.1,16.7,0.01765,4.41,7.11,9.0,8.0,72.0,148.6,342.52,1.2708,0.016666666666666666,0.00029416666666666664,0.0002314814814814815,21.330000000000002,1.0,Shelving,0.0,1,12.927631578947368
PH10126,12684335,2026-10-06,Saleable,15,2026-02-28,Ibuprofen 200mg Tablets 2x14,Halvora Healthcare,Pharma,Tablets,Below 25C,180.0,39.0,27.1,16.7,0.01765,4.41,7.11,9.0,8.0,72.0,148.6,342.52,1.2708,0.08333333333333333,0.001470833333333333,0.0011574074074074073,106.65,1.0,Shelving,0.0,1,7.236842105263158
PH10127,12751655,2029-01-27,Saleable,2439,2026-02-28,Sertraline 50mg Tablets 2x14,Halvora Healthcare,Pharma,Tablets,Below 25C,240.0,50.5,25.3,29.9,0.0382,11.2,24.75,6.0,5.0,30.0,164.5,361.0,1.146,10.1625,0.3882075,0.33875,60365.25,1.0,Pallet racking,1.0,0,35.0
PH10128,12816897,2028-02-20,Saleable,104,2026-02-28,Rosuvastatin 5mg Tablets 3x10,Corvane Pharma,Pharma,Tablets,Below 25C,180.0,46.7,26.4,16.2,0.01997,5.65,9.07,8.0,6.0,48.0,112.2,296.20000000000005,0.95856,0.5777777777777777,0.011538222222222222,0.012037037037037035,943.28,1.0,Shelving,0.0,1,23.75
PH10128,12852486,2027-10-07,Saleable,49,2026-02-28,Rosuvastatin 5mg Tablets 3x10,Corvane Pharma,Pharma,Tablets,Below 25C,180.0,46.7,26.4,16.2,0.01997,5.65,9.07,8.0,6.0,48.0,112.2,296.20000000000005,0.95856,0.2722222222222222,0.005436277777777778,0.005671296296296296,444.43,1.0,Shelving,0.0,1,19.276315789473685
PH10128,12815451,2027-09-18,Saleable,21,2026-02-28,Rosuvastatin 5mg Tablets 3x10,Corvane Pharma,Pharma,Tablets,Below 25C,180.0,46.7,26.4,16.2,0.01997,5.65,9.07,8.0,6.0,48.0,112.2,296.20000000000005,0.95856,0.11666666666666667,0.0023298333333333335,0.0024305555555555556,190.47,1.0,Shelving,0.0,1,18.651315789473685
PH10128,12857781,2027-08-22,Saleable,364,2026-02-28,Rosuvastatin 5mg Tablets 3x10,Corvane Pharma,Pharma,Tablets,Below 25C,180.0,46.7,26.4,16.2,0.01997,5.65,9.07,8.0,6.0,48.0,112.2,296.20000000000005,0.95856,2.022222222222222,0.04038377777777778,0.04212962962962963,3301.48,1.0,Shelving,0.0,1,17.763157894736842
PH10129,12960173,2027-07-11,Saleable,1952,2026-02-28,Rosuvastatin 20mg Tablets 100s,Halvora Healthcare,Pharma,Tablets,Below 25C,100.0,39.9,41.6,30.2,0.05013,11.73,18.63,6.0,2.0,12.0,75.4,165.76,0.60156,19.52,0.9785376,1.6266666666666667,36365.759999999995,2.0,Pallet racking,2.0,0,16.38157894736842
PH10130,13083305,2027-10-22,Saleable,13882,2026-02-28,Atorvastatin 20mg Tablets 2x14,Marwick Pharmaceuticals,Pharma,Tablets,Below 25C,120.0,34.0,40.1,16.9,0.02304,6.13,11.0,6.0,5.0,30.0,99.5,208.9,0.6912,115.68333333333334,2.665344,3.8561111111111113,152702.0,4.0,Pallet racking,4.0,0,19.769736842105264
PH10131,13144411,2026-07-23,Saleable,1989,2026-02-28,Diclofenac 50mg Tablets 3x10,Halvora Healthcare,Pharma,Tablets,Below 25C,60.0,37.0,35.3,18.8,0.02455,6.52,20.72,6.0,7.0,42.0,146.6,298.84,1.0311,33.15,0.8138325,0.7892857142857143,41212.079999999994,1.0,Pallet racking,1.0,0,4.769736842105264
PH10131,13133559,2028-08-08,Saleable,2914,2026-02-28,Diclofenac 50mg Tablets 3x10,Halvora Healthcare,Pharma,Tablets,Below 25C,60.0,37.0,35.3,18.8,0.02455,6.52,20.72,6.0,7.0,42.0,146.6,298.84,1.0311,48.56666666666667,1.1923116666666667,1.1563492063492065,60378.079999999994,2.0,Pallet racking,2.0,0,29.342105263157897
PH10132,13214782,2028-07-14,Saleable,2484,2026-02-28,Paracetamol 500mg Tablets 30s,Arcadine Pharma,Pharma,Tablets,Below 25C,60.0,56.7,34.7,33.3,0.06552,13.41,19.15,4.0,3.0,12.0,114.9,185.92,0.7862399999999999,41.4,2.712528,3.4499999999999997,47568.6,4.0,Pallet racking,4.0,0,28.519736842105264
PH10133,13321557,2028-01-16,Saleable,1041,2026-02-28,Telmisartan 80mg Tablets 100s,Marwick Pharmaceuticals,Pharma,Tablets,Below 25C,60.0,46.8,28.7,32.2,0.04325,11.81,13.84,8.0,4.0,32.0,143.8,402.92,1.384,17.35,0.7503875,0.5421875,14407.44,1.0,Pallet racking,1.0,0,22.59868421052632
PH10133,13386100,2028-02-03,FOC,52,2026-02-28,Telmisartan 80mg Tablets 100s,Marwick Pharmaceuticals,Pharma,Tablets,Below 25C,60.0,46.8,28.7,32.2,0.04325,11.81,13.84,8.0,4.0,32.0,143.8,402.92,1.384,0.8666666666666667,0.037483333333333334,0.027083333333333334,719.68,1.0,Shelving,0.0,1,23.190789473684212
PH10134,13495748,2028-03-22,Saleable,185,2026-02-28,Escitalopram 20mg Tablets 100s,Dunmore Therapeutics,Pharma,Tablets,Below 25C,120.0,40.7,35.5,25.8,0.03728,7.92,4.57,6.0,4.0,24.0,118.2,215.08,0.89472,1.5416666666666667,0.057473333333333335,0.06423611111111112,845.45,1.0,Shelving,0.0,1,24.769736842105264
PH10134,13467392,2027-12-10,Saleable,25,2026-02-28,Escitalopram 20mg Tablets 100s,Dunmore Therapeutics,Pharma,Tablets,Below 25C,120.0,40.7,35.5,25.8,0.03728,7.92,4.57,6.0,4.0,24.0,118.2,215.08,0.89472,0.20833333333333334,0.007766666666666667,0.008680555555555556,114.25,1.0,Shelving,0.0,1,21.38157894736842
PH10135,13590025,2027-01-16,Saleable,144,2026-02-28,Rosuvastatin 20mg Tablets 30s,Venrick Laboratories,Pharma,Tablets,Below 25C,100.0,40.6,41.1,23.1,0.03855,9.38,3.69,4.0,3.0,12.0,84.30000000000001,137.56,0.4626,1.44,0.055512,0.12,531.36,1.0,Shelving,0.0,1,10.592105263157896
PH10135,13586453,2029-01-15,Saleable,56,2026-02-28,Rosuvastatin 20mg Tablets 30s,Venrick Laboratories,Pharma,Tablets,Below 25C,100.0,40.6,41.1,23.1,0.03855,9.38,3.69,4.0,3.0,12.0,84.30000000000001,137.56,0.4626,0.56,0.021588000000000003,0.04666666666666667,206.64,1.0,Shelving,0.0,1,34.60526315789474
PH10135,13510415,2027-04-10,Saleable,59,2026-02-28,Rosuvastatin 20mg Tablets 30s,Venrick Laboratories,Pharma,Tablets,Below 25C,100.0,40.6,41.1,23.1,0.03855,9.38,3.69,4.0,3.0,12.0,84.30000000000001,137.56,0.4626,0.59,0.0227445,0.049166666666666664,217.71,1.0,Shelving,0.0,1,13.355263157894738
PH10135,13587417,2026-11-21,Saleable,630,2026-02-28,Rosuvastatin 20mg Tablets 30s,Venrick Laboratories,Pharma,Tablets,Below 25C,100.0,40.6,41.1,23.1,0.03855,9.38,3.69,4.0,3.0,12.0,84.30000000000001,137.56,0.4626,6.3,0.242865,0.525,2324.7,1.0,Shelving,0.0,1,8.75
PH10136,13662230,2027-05-03,Saleable,1971,2026-02-28,Metoprolol 100mg Tablets 2x14,Venrick Laboratories,Pharma,Tablets,Below 25C,100.0,34.0,33.2,33.3,0.03759,5.89,16.75,9.0,3.0,27.0,114.9,184.03,1.01493,19.71,0.7408989,0.73,33014.25,1.0,Pallet racking,1.0,0,14.11184210526316
PH10136,13666908,2026-06-24,Sample,39,2026-02-28,Metoprolol 100mg Tablets 2x14,Venrick Laboratories,Pharma,Tablets,Below 25C,100.0,34.0,33.2,33.3,0.03759,5.89,16.75,9.0,3.0,27.0,114.9,184.03,1.01493,0.39,0.0146601,0.014444444444444446,653.25,1.0,Shelving,0.0,1,3.8157894736842106
PH10137,13734348,2027-02-06,Saleable,4163,2026-02-28,Ibuprofen 400mg Tablets 10x10,Halvora Healthcare,Pharma,Tablets,Below 25C,100.0,58.4,37.8,30.1,0.06645,14.85,18.34,4.0,2.0,8.0,75.2,143.8,0.5316,41.63,2.7663135,5.20375,76349.42,6.0,Pallet racking,6.0,0,11.282894736842106
PH10138,13815862,2026-11-05,Saleable,11864,2026-02-28,Loratadine 10mg Tablets 10x10,Halvora Healthcare,Pharma,Tablets,Below 25C,180.0,37.8,39.1,19.7,0.02912,5.31,15.9,6.0,3.0,18.0,74.1,120.58,0.52416,65.91111111111111,1.9193315555555555,3.6617283950617283,188637.6,4.0,Pallet racking,4.0,0,8.223684210526317
PH10138,13888151,2026-07-08,Saleable,2015,2026-02-28,Loratadine 10mg Tablets 10x10,Halvora Healthcare,Pharma,Tablets,Below 25C,180.0,37.8,39.1,19.7,0.02912,5.31,15.9,6.0,3.0,18.0,74.1,120.58,0.52416,11.194444444444445,0.32598222222222223,0.6219135802469136,32038.5,1.0,Pallet racking,1.0,0,4.276315789473684
PH10138,13864817,2026-11-08,Saleable,6378,2026-02-28,Loratadine 10mg Tablets 10x10,Halvora Healthcare,Pharma,Tablets,Below 25C,180.0,37.8,39.1,19.7,0.02912,5.31,15.9,6.0,3.0,18.0,74.1,120.58,0.52416,35.43333333333333,1.0318186666666667,1.9685185185185183,101410.2,2.0,Pallet racking,2.0,0,8.322368421052632
PH10139,13959970,2027-10-20,Saleable,7436,2026-02-28,Prednisolone 25mg Tablets 30s,Marwick Pharmaceuticals,Pharma,Tablets,Below 25C,120.0,49.4,29.6,30.4,0.04445,12.44,23.77,8.0,3.0,24.0,106.2,323.56,1.0668000000000002,61.96666666666667,2.7544183333333336,2.5819444444444444,176753.72,3.0,Pallet racking,3.0,0,19.703947368421055
PH10139,13977732,2027-12-23,Saleable,2070,2026-02-28,Prednisolone 25mg Tablets 30s,Marwick Pharmaceuticals,Pharma,Tablets,Below 25C,120.0,49.4,29.6,30.4,0.04445,12.44,23.77,8.0,3.0,24.0,106.2,323.56,1.0668000000000002,17.25,0.7667625,0.71875,49203.9,1.0,Pallet racking,1.0,0,21.80921052631579
PH10140,14029203,2029-01-30,Saleable,126,2026-02-28,Sertraline 50mg Tablets 100s,Dunmore Therapeutics,Pharma,Tablets,Below 25C,60.0,57.7,43.1,34.7,0.08629,24.99,9.19,3.0,4.0,12.0,153.8,324.88,1.0354800000000002,2.1,0.181209,0.17500000000000002,1157.9399999999998,1.0,Shelving,0.0,1,35.098684210526315
PH10140,14016538,2026-07-18,Saleable,102,2026-02-28,Sertraline 50mg Tablets 100s,Dunmore Therapeutics,Pharma,Tablets,Below 25C,60.0,57.7,43.1,34.7,0.08629,24.99,9.19,3.0,4.0,12.0,153.8,324.88,1.0354800000000002,1.7,0.14669300000000002,0.14166666666666666,937.38,1.0,Shelving,0.0,1,4.605263157894737
PH10140,14050444,2027-08-06,Saleable,125,2026-02-28,Sertraline 50mg Tablets 100s,Dunmore Therapeutics,Pharma,Tablets,Below 25C,60.0,57.7,43.1,34.7,0.08629,24.99,9.19,3.0,4.0,12.0,153.8,324.88,1.0354800000000002,2.0833333333333335,0.17977083333333335,0.17361111111111113,1148.75,1.0,Shelving,0.0,1,17.236842105263158
PH10140,14079661,2026-10-27,Saleable,108,2026-02-28,Sertraline 50mg Tablets 100s,Dunmore Therapeutics,Pharma,Tablets,Below 25C,60.0,57.7,43.1,34.7,0.08629,24.99,9.19,3.0,4.0,12.0,153.8,324.88,1.0354800000000002,1.8,0.15532200000000002,0.15,992.52,1.0,Shelving,0.0,1,7.927631578947369
PH10141,14151590,2027-07-23,Saleable,575,2026-02-28,Clopidogrel 75mg Tablets 10x10,Halvora Healthcare,Pharma,Tablets,Below 25C,60.0,56.0,44.9,27.4,0.06889,19.07,5.92,4.0,5.0,20.0,152.0,406.4,1.3778,9.583333333333334,0.6601958333333334,0.4791666666666667,3404.0,1.0,Pallet racking,1.0,0,16.776315789473685
PH10142,14264480,2027-11-29,Saleable,123,2026-02-28,Rosuvastatin 10mg Tablets 30s,Halvora Healthcare,Pharma,Tablets,Below 25C,240.0,56.3,39.4,33.5,0.07431,19.24,23.41,4.0,3.0,12.0,115.5,255.88,0.8917200000000001,0.5125,0.038083874999999996,0.04270833333333333,2879.43,1.0,Shelving,0.0,1,21.019736842105264
PH10142,14215051,2026-07-01,FOC,6,2026-02-28,Rosuvastatin 10mg Tablets 30s,Halvora Healthcare,Pharma,Tablets,Below 25C,240.0,56.3,39.4,33.5,0.07431,19.24,23.41,4.0,3.0,12.0,115.5,255.88,0.8917200000000001,0.025,0.00185775,0.0020833333333333333,140.46,1.0,Shelving,0.0,1,4.046052631578948
PH10143,14382894,2027-10-02,Saleable,20,2026-02-28,Ciprofloxacin 250mg Tablets 100s,Marwick Pharmaceuticals,Pharma,Tablets,Below 25C,60.0,46.6,28.0,34.2,0.04462,12.85,21.01,8.0,3.0,24.0,117.6,333.4,1.07088,0.3333333333333333,0.014873333333333332,0.013888888888888888,420.20000000000005,1.0,Shelving,0.0,1,19.111842105263158
PH10144,14485991,2029-01-11,Saleable,18,2026-02-28,Losartan 100mg Tablets 2x14,Marwick Pharmaceuticals,Pharma,Tablets,Below 25C,120.0,58.2,37.9,19.4,0.04279,6.51,7.92,4.0,6.0,24.0,131.39999999999998,181.24,1.02696,0.15,0.0064185,0.0062499999999999995,142.56,1.0,Shelving,0.0,1,34.473684210526315
PH10144,14455905,2027-11-29,Saleable,261,2026-02-28,Losartan 100mg Tablets 2x14,Marwick Pharmaceuticals,Pharma,Tablets,Below 25C,120.0,58.2,37.9,19.4,0.04279,6.51,7.92,4.0,6.0,24.0,131.39999999999998,181.24,1.02696,2.175,0.09306824999999999,0.090625,2067.12,1.0,Shelving,0.0,1,21.019736842105264
PH10144,14434681,2029-01-13,Saleable,160,2026-02-28,Losartan 100mg Tablets 2x14,Marwick Pharmaceuticals,Pharma,Tablets,Below 25C,120.0,58.2,37.9,19.4,0.04279,6.51,7.92,4.0,6.0,24.0,131.39999999999998,181.24,1.02696,1.3333333333333333,0.05705333333333333,0.05555555555555555,1267.2,1.0,Shelving,0.0,1,34.53947368421053
PH10144,14484684,2027-07-07,Damaged,13,2026-02-28,Losartan 100mg Tablets 2x14,Marwick Pharmaceuticals,Pharma,Tablets,Below 25C,120.0,58.2,37.9,19.4,0.04279,6.51,7.92,4.0,6.0,24.0,131.39999999999998,181.24,1.02696,0.10833333333333334,0.004635583333333334,0.004513888888888889,102.96,1.0,Quarantine,0.0,0,16.25
PH10145,14573537,2027-01-28,Saleable,3360,2026-02-28,Metformin 850mg Tablets 3x10,Halvora Healthcare,Pharma,Tablets,Below 25C,120.0,38.1,26.8,22.6,0.02308,5.26,12.44,9.0,5.0,45.0,128.0,261.7,1.0386,28.0,0.64624,0.6222222222222222,41798.4,1.0,Pallet racking,1.0,0,10.986842105263158
PH10146,14696808,2028-05-27,Saleable,837,2026-02-28,Cetirizine 10mg Tablets 10x10,Corvane Pharma,Pharma,Tablets,Below 25C,100.0,34.4,29.7,21.4,0.02186,4.04,7.87,9.0,4.0,36.0,100.6,170.44,0.78696,8.37,0.1829682,0.23249999999999998,6587.1900000000005,1.0,Shelving,0.0,1,26.940789473684212
PH10148,14873394,2028-05-27,Saleable,19732,2026-02-28,Ibuprofen 200mg Tablets 10x10,Arcadine Pharma,Pharma,Tablets,Below 25C,240.0,31.9,42.2,27.5,0.03702,10.56,9.25,6.0,4.0,24.0,125.0,278.44,0.8884799999999999,82.21666666666667,3.0436609999999997,3.4256944444444444,182521.0,4.0,Pallet racking,4.0,0,26.940789473684212
PH10149,14984155,2026-11-08,Saleable,98,2026-02-28,Simvastatin 20mg Tablets 2x14,Marwick Pharmaceuticals,Pharma,Tablets,Below 25C,60.0,58.8,40.1,19.5,0.04598,12.55,16.8,4.0,6.0,24.0,132.0,326.20000000000005,1.10352,1.6333333333333333,0.07510066666666666,0.06805555555555555,1646.4,1.0,Shelving,0.0,1,8.322368421052632
PH10149,14922845,2027-01-05,Saleable,886,2026-02-28,Simvastatin 20mg Tablets 2x14,Marwick Pharmaceuticals,Pharma,Tablets,Below 25C,60.0,58.8,40.1,19.5,0.04598,12.55,16.8,4.0,6.0,24.0,132.0,326.20000000000005,1.10352,14.766666666666667,0.6789713333333334,0.6152777777777778,14884.800000000001,1.0,Pallet racking,1.0,0,10.230263157894738
PH10150,15035268,2028-03-23,Saleable,35341,2026-02-28,Bisoprolol 2.5mg Tablets 3x10,Halvora Healthcare,Pharma,Tablets,Below 25C,100.0,51.9,30.7,15.4,0.02454,4.81,12.56,6.0,7.0,42.0,122.8,227.02,1.03068,353.41,8.6726814,8.41452380952381,443882.96,9.0,Pallet racking,9.0,0,24.80263157894737
PH10150,15069869,2027-01-25,Saleable,8637,2026-02-28,Bisoprolol 2.5mg Tablets 3x10,Halvora Healthcare,Pharma,Tablets,Below 25C,100.0,51.9,30.7,15.4,0.02454,4.81,12.56,6.0,7.0,42.0,122.8,227.02,1.03068,86.37,2.1195198,2.0564285714285715,108480.72,3.0,Pallet racking,3.0,0,10.888157894736842
PH10151,15150985,2028-02-13,Saleable,480,2026-02-28,Pantoprazole 40mg Tablets 3x10,Arcadine Pharma,Pharma,Tablets,Below 25C,240.0,56.4,30.0,28.6,0.04839,8.1,17.0,5.0,3.0,15.0,100.8,146.5,0.72585,2.0,0.09678,0.13333333333333333,8160.0,1.0,Shelving,0.0,1,23.519736842105264
PH10152,15290069,2028-12-23,Saleable,433,2026-02-28,Clopidogrel 75mg Tablets 3x10,Venrick Laboratories,Pharma,Tablets,Below 25C,120.0,31.2,30.6,32.7,0.03122,7.37,20.61,9.0,4.0,36.0,145.8,290.32,1.12392,3.6083333333333334,0.11265216666666668,0.10023148148148148,8924.13,1.0,Shelving,0.0,1,33.848684210526315
PH10152,15253834,2026-07-15,Saleable,4951,2026-02-28,Clopidogrel 75mg Tablets 3x10,Venrick Laboratories,Pharma,Tablets,Below 25C,120.0,31.2,30.6,32.7,0.03122,7.37,20.61,9.0,4.0,36.0,145.8,290.32,1.12392,41.25833333333333,1.2880851666666666,1.1460648148148147,102040.11,2.0,Pallet racking,2.0,0,4.506578947368421
PH10153,15355396,2028-06-09,Saleable,16027,2026-02-28,Esomeprazole 40mg Tablets 100s,Corvane Pharma,Pharma,Tablets,Below 25C,180.0,50.2,41.5,29.6,0.06167,9.82,8.57,4.0,5.0,20.0,163.0,221.4,1.2334,89.03888888888889,5.491028277777779,4.451944444444445,137351.39,5.0,Pallet racking,5.0,0,27.36842105263158
PH10153,15391269,2028-10-26,Saleable,9935,2026-02-28,Esomeprazole 40mg Tablets 100s,Corvane Pharma,Pharma,Tablets,Below 25C,180.0,50.2,41.5,29.6,0.06167,9.82,8.57,4.0,5.0,20.0,163.0,221.4,1.2334,55.19444444444444,3.403841388888889,2.759722222222222,85142.95,3.0,Pallet racking,3.0,0,31.940789473684212
PH10154,15414894,2027-07-03,Saleable,227,2026-02-28,Amlodipine 10mg Tablets 10x10,Corvane Pharma,Pharma,Tablets,Below 25C,120.0,38.4,34.4,21.6,0.02853,6.26,16.81,6.0,6.0,36.0,144.60000000000002,250.36,1.02708,1.8916666666666666,0.053969249999999996,0.05254629629629629,3815.87,1.0,Shelving,0.0,1,16.11842105263158
PH10154,15472941,2026-07-28,Saleable,220,2026-02-28,Amlodipine 10mg Tablets 10x10,Corvane Pharma,Pharma,Tablets,Below 25C,120.0,38.4,34.4,21.6,0.02853,6.26,16.81,6.0,6.0,36.0,144.60000000000002,250.36,1.02708,1.8333333333333333,0.052305,0.05092592592592592,3698.2,1.0,Shelving,0.0,1,4.934210526315789
PH10154,15475767,2028-06-16,Saleable,14,2026-02-28,Amlodipine 10mg Tablets 10x10,Corvane Pharma,Pharma,Tablets,Below 25C,120.0,38.4,34.4,21.6,0.02853,6.26,16.81,6.0,6.0,36.0,144.60000000000002,250.36,1.02708,0.11666666666666667,0.0033285,0.0032407407407407406,235.33999999999997,1.0,Shelving,0.0,1,27.59868421052632
PH10155,15582007,2026-12-19,Saleable,1507,2026-02-28,Telmisartan 40mg Tablets 10x10,Arcadine Pharma,Pharma,Tablets,Below 25C,60.0,35.7,34.1,21.8,0.02654,4.22,12.82,6.0,5.0,30.0,124.0,151.6,0.7962,25.116666666666667,0.6665963333333333,0.8372222222222222,19319.74,1.0,Pallet racking,1.0,0,9.671052631578949
PH10155,15541942,2028-08-10,Saleable,2176,2026-02-28,Telmisartan 40mg Tablets 10x10,Arcadine Pharma,Pharma,Tablets,Below 25C,60.0,35.7,34.1,21.8,0.02654,4.22,12.82,6.0,5.0,30.0,124.0,151.6,0.7962,36.266666666666666,0.9625173333333333,1.208888888888889,27896.32,2.0,Pallet racking,2.0,0,29.407894736842106
PH10155,15537403,2028-05-17,Saleable,577,2026-02-28,Telmisartan 40mg Tablets 10x10,Arcadine Pharma,Pharma,Tablets,Below 25C,60.0,35.7,34.1,21.8,0.02654,4.22,12.82,6.0,5.0,30.0,124.0,151.6,0.7962,9.616666666666667,0.25522633333333333,0.3205555555555556,7397.14,1.0,Pallet racking,1.0,0,26.611842105263158
PH10155,15542956,2028-04-23,Saleable,2053,2026-02-28,Telmisartan 40mg Tablets 10x10,Arcadine Pharma,Pharma,Tablets,Below 25C,60.0,35.7,34.1,21.8,0.02654,4.22,12.82,6.0,5.0,30.0,124.0,151.6,0.7962,34.21666666666667,0.9081103333333335,1.1405555555555555,26319.46,2.0,Pallet racking,2.0,0,25.822368421052634
PH10156,15666710,2027-10-09,Saleable,873,2026-02-28,Metformin 500mg Tablets 10x10,Dunmore Therapeutics,Pharma,Tablets,Below 25C,240.0,51.2,42.5,25.1,0.05462,15.2,22.59,4.0,3.0,12.0,90.3,207.4,0.65544,3.6375,0.19868025,0.30312500000000003,19721.07,1.0,Shelving,0.0,1,19.342105263157897
PH10156,15698105,2028-02-11,Saleable,49,2026-02-28,Metformin 500mg Tablets 10x10,Dunmore Therapeutics,Pharma,Tablets,Below 25C,240.0,51.2,42.5,25.1,0.05462,15.2,22.59,4.0,3.0,12.0,90.3,207.4,0.65544,0.20416666666666666,0.011151583333333333,0.017013888888888887,1106.91,1.0,Shelving,0.0,1,23.453947368421055
PH10156,15636167,2028-08-13,Saleable,983,2026-02-28,Metformin 500mg Tablets 10x10,Dunmore Therapeutics,Pharma,Tablets,Below 25C,240.0,51.2,42.5,25.1,0.05462,15.2,22.59,4.0,3.0,12.0,90.3,207.4,0.65544,4.095833333333333,0.22371441666666667,0.34131944444444445,22205.97,1.0,Shelving,0.0,1,29.50657894736842
PH10157,15765570,2026-09-15,Saleable,1715,2026-02-28,Levothyroxine 100mcg Tablets 30s,Corvane Pharma,Pharma,Tablets,Below 25C,240.0,30.9,42.6,28.2,0.03712,6.22,13.25,6.0,3.0,18.0,99.6,136.95999999999998,0.66816,7.145833333333333,0.26525333333333334,0.3969907407407407,22723.75,1.0,Pallet racking,1.0,0,6.546052631578948
PH10157,15737443,2027-07-08,Saleable,4634,2026-02-28,Levothyroxine 100mcg Tablets 30s,Corvane Pharma,Pharma,Tablets,Below 25C,240.0,30.9,42.6,28.2,0.03712,6.22,13.25,6.0,3.0,18.0,99.6,136.95999999999998,0.66816,19.308333333333334,0.7167253333333333,1.0726851851851853,61400.5,2.0,Pallet racking,2.0,0,16.282894736842106
PH10157,15766656,2027-11-03,Saleable,2000,2026-02-28,Levothyroxine 100mcg Tablets 30s,Corvane Pharma,Pharma,Tablets,Below 25C,240.0,30.9,42.6,28.2,0.03712,6.22,13.25,6.0,3.0,18.0,99.6,136.95999999999998,0.66816,8.333333333333334,0.30933333333333335,0.462962962962963,26500.0,1.0,Pallet racking,1.0,0,20.164473684210527
PH10158,15813937,2028-06-14,Saleable,21769,2026-02-28,Losartan 50mg Tablets 2x14,Corvane Pharma,Pharma,Tablets,Below 25C,120.0,32.0,33.3,18.2,0.01939,5.53,17.15,9.0,4.0,36.0,87.8,224.08,0.69804,181.40833333333333,3.5175075833333334,5.03912037037037,373338.35,6.0,Pallet racking,6.0,0,27.532894736842106
PH10159,15960747,2029-01-04,Saleable,4968,2026-02-28,Glimepiride 2mg Tablets 100s,Arcadine Pharma,Pharma,Tablets,Below 25C,60.0,49.2,44.6,26.2,0.05749,12.48,18.08,4.0,5.0,20.0,146.0,274.6,1.1498,82.8,4.760172,4.14,89821.43999999999,5.0,Pallet racking,5.0,0,34.24342105263158
PH10159,15947954,2026-12-20,Saleable,2426,2026-02-28,Glimepiride 2mg Tablets 100s,Arcadine Pharma,Pharma,Tablets,Below 25C,60.0,49.2,44.6,26.2,0.05749,12.48,18.08,4.0,5.0,20.0,146.0,274.6,1.1498,40.43333333333333,2.3245123333333333,2.0216666666666665,43862.079999999994,3.0,Pallet racking,3.0,0,9.703947368421053
PH10159,15963018,2025-04-03,Expired,591,2026-02-28,Glimepiride 2mg Tablets 100s,Arcadine Pharma,Pharma,Tablets,Below 25C,60.0,49.2,44.6,26.2,0.05749,12.48,18.08,4.0,5.0,20.0,146.0,274.6,1.1498,9.85,0.5662765,0.4925,10685.279999999999,1.0,Quarantine,0.0,0,-10.888157894736842
PH10160,16043873,2026-12-07,Saleable,63,2026-02-28,Ibuprofen 400mg Tablets 3x10,Arcadine Pharma,Pharma,Tablets,Below 25C,100.0,43.0,28.8,16.1,0.01994,4.29,3.54,8.0,9.0,72.0,159.9,333.88,1.43568,0.63,0.012562199999999999,0.00875,223.02,1.0,Shelving,0.0,1,9.276315789473685
PH10160,16064141,2027-05-07,Saleable,118,2026-02-28,Ibuprofen 400mg Tablets 3x10,Arcadine Pharma,Pharma,Tablets,Below 25C,100.0,43.0,28.8,16.1,0.01994,4.29,3.54,8.0,9.0,72.0,159.9,333.88,1.43568,1.18,0.023529199999999997,0.016388888888888887,417.72,1.0,Shelving,0.0,1,14.243421052631579
PH10160,16092809,2027-09-02,Saleable,453,2026-02-28,Ibuprofen 400mg Tablets 3x10,Arcadine Pharma,Pharma,Tablets,Below 25C,100.0,43.0,28.8,16.1,0.01994,4.29,3.54,8.0,9.0,72.0,159.9,333.88,1.43568,4.53,0.0903282,0.06291666666666668,1603.6200000000001,1.0,Shelving,0.0,1,18.125
PH10161,16150395,2028-06-23,Saleable,202,2026-02-28,Escitalopram 20mg Tablets 30s,Halvora Healthcare,Pharma,Tablets,Below 25C,240.0,46.7,26.8,29.5,0.03692,6.11,2.61,8.0,3.0,24.0,103.5,171.64,0.88608,0.8416666666666667,0.031074333333333336,0.035069444444444445,527.22,1.0,Shelving,0.0,1,27.828947368421055
PH10161,16173543,2027-01-30,Saleable,550,2026-02-28,Escitalopram 20mg Tablets 30s,Halvora Healthcare,Pharma,Tablets,Below 25C,240.0,46.7,26.8,29.5,0.03692,6.11,2.61,8.0,3.0,24.0,103.5,171.64,0.88608,2.2916666666666665,0.08460833333333333,0.0954861111111111,1435.5,1.0,Shelving,0.0,1,11.052631578947368
PH10161,16153148,2027-02-11,Saleable,973,2026-02-28,Escitalopram 20mg Tablets 30s,Halvora Healthcare,Pharma,Tablets,Below 25C,240.0,46.7,26.8,29.5,0.03692,6.11,2.61,8.0,3.0,24.0,103.5,171.64,0.88608,4.054166666666666,0.14967983333333332,0.1689236111111111,2539.5299999999997,1.0,Shelving,0.0,1,11.447368421052632
PH10162,16220105,2026-07-18,Saleable,12723,2026-02-28,Levothyroxine 50mcg Tablets 100s,Marwick Pharmaceuticals,Pharma,Tablets,Below 25C,240.0,33.7,43.8,20.5,0.03026,5.26,15.66,6.0,6.0,36.0,138.0,214.36,1.08936,53.0125,1.60415825,1.4725694444444446,199242.18,2.0,Pallet racking,2.0,0,4.605263157894737
PH10162,16282883,2026-09-17,Saleable,38651,2026-02-28,Levothyroxine 50mcg Tablets 100s,Marwick Pharmaceuticals,Pharma,Tablets,Below 25C,240.0,33.7,43.8,20.5,0.03026,5.26,15.66,6.0,6.0,36.0,138.0,214.36,1.08936,161.04583333333332,4.873246916666666,4.47349537037037,605274.66,5.0,Pallet racking,5.0,0,6.611842105263158
PH10162,16224431,2028-07-03,Saleable,10015,2026-02-28,Levothyroxine 50mcg Tablets 100s,Marwick Pharmaceuticals,Pharma,Tablets,Below 25C,240.0,33.7,43.8,20.5,0.03026,5.26,15.66,6.0,6.0,36.0,138.0,214.36,1.08936,41.729166666666664,1.2627245833333332,1.1591435185185184,156834.9,2.0,Pallet racking,2.0,0,28.157894736842106
PH10163,16321108,2026-07-08,Saleable,69,2026-02-28,Telmisartan 40mg Tablets 30s,Venrick Laboratories,Pharma,Tablets,Below 25C,100.0,43.9,44.2,31.6,0.06132,13.35,2.08,4.0,2.0,8.0,78.2,131.8,0.49056,0.69,0.042310799999999996,0.08625,143.52,1.0,Shelving,0.0,1,4.276315789473684
PH10163,16393498,2028-07-06,Saleable,1,2026-02-28,Telmisartan 40mg Tablets 30s,Venrick Laboratories,Pharma,Tablets,Below 25C,100.0,43.9,44.2,31.6,0.06132,13.35,2.08,4.0,2.0,8.0,78.2,131.8,0.49056,0.01,0.0006132,0.00125,2.08,1.0,Shelving,0.0,1,28.25657894736842
PH10164,16452892,2026-07-08,Saleable,2457,2026-02-28,Simvastatin 20mg Tablets 3x10,Corvane Pharma,Pharma,Tablets,Below 25C,180.0,55.5,30.1,23.6,0.03942,9.26,12.57,6.0,3.0,18.0,85.80000000000001,191.68,0.70956,13.65,0.538083,0.7583333333333333,30884.49,1.0,Pallet racking,1.0,0,4.276315789473684
PH10164,16480217,2028-07-01,Saleable,29498,2026-02-28,Simvastatin 20mg Tablets 3x10,Corvane Pharma,Pharma,Tablets,Below 25C,180.0,55.5,30.1,23.6,0.03942,9.26,12.57,6.0,3.0,18.0,85.80000000000001,191.68,0.70956,163.87777777777777,6.460061999999999,9.10432098765432,370789.86,10.0,Pallet racking,10.0,0,28.092105263157897
PH10165,16517953,2028-05-26,Saleable,17345,2026-02-28,Losartan 50mg Tablets 30s,Venrick Laboratories,Pharma,Tablets,Below 25C,240.0,53.3,34.8,31.9,0.05917,13.22,2.83,4.0,4.0,16.0,142.6,236.52,0.94672,72.27083333333333,4.276265208333333,4.516927083333333,49086.35,5.0,Pallet racking,5.0,0,26.907894736842106
PH10165,16580668,2027-04-14,Saleable,22279,2026-02-28,Losartan 50mg Tablets 30s,Venrick Laboratories,Pharma,Tablets,Below 25C,240.0,53.3,34.8,31.9,0.05917,13.22,2.83,4.0,4.0,16.0,142.6,236.52,0.94672,92.82916666666667,5.492701791666667,5.801822916666667,63049.57,6.0,Pallet racking,6.0,0,13.48684210526316
PH10165,16579413,2027-09-14,Sample,792,2026-02-28,Losartan 50mg Tablets 30s,Venrick Laboratories,Pharma,Tablets,Below 25C,240.0,53.3,34.8,31.9,0.05917,13.22,2.83,4.0,4.0,16.0,142.6,236.52,0.94672,3.3,0.195261,0.20625,2241.36,1.0,Shelving,0.0,1,18.519736842105264
PH10166,16619055,2027-09-16,Saleable,53613,2026-02-28,Clopidogrel 75mg Tablets 30s,Corvane Pharma,Pharma,Tablets,Below 25C,120.0,41.6,32.4,31.0,0.04178,11.45,20.68,6.0,4.0,24.0,139.0,299.79999999999995,1.00272,446.775,18.6662595,18.615624999999998,1108716.84,19.0,Pallet racking,19.0,0,18.585526315789476
PH10166,16663346,2027-02-15,Saleable,15921,2026-02-28,Clopidogrel 75mg Tablets 30s,Corvane Pharma,Pharma,Tablets,Below 25C,120.0,41.6,32.4,31.0,0.04178,11.45,20.68,6.0,4.0,24.0,139.0,299.79999999999995,1.00272,132.675,5.5431615,5.528125,329246.27999999997,6.0,Pallet racking,6.0,0,11.578947368421053
PH10167,16745205,2029-02-11,Saleable,24811,2026-02-28,Esomeprazole 20mg Tablets 30s,Marwick Pharmaceuticals,Pharma,Tablets,Below 25C,120.0,32.0,41.0,18.0,0.02362,3.83,23.56,6.0,7.0,42.0,141.0,185.86,0.99204,206.75833333333333,4.883631833333333,4.92281746031746,584547.1599999999,5.0,Pallet racking,5.0,0,35.49342105263158
PH10168,16862512,2029-02-09,Saleable,73,2026-02-28,Carvedilol 6.25mg Tablets 100s,Corvane Pharma,Pharma,Tablets,Below 25C,100.0,55.8,34.1,19.2,0.03653,5.86,9.48,2.0,3.0,6.0,72.6,60.16,0.2191799999999999,0.73,0.0266669,0.12166666666666666,692.0400000000001,1.0,Shelving,0.0,1,35.42763157894737
PH10168,16817131,2028-03-20,Saleable,495,2026-02-28,Carvedilol 6.25mg Tablets 100s,Corvane Pharma,Pharma,Tablets,Below 25C,100.0,55.8,34.1,19.2,0.03653,5.86,9.48,2.0,3.0,6.0,72.6,60.16,0.2191799999999999,4.95,0.1808235,0.8250000000000001,4692.6,1.0,Shelving,0.0,1,24.703947368421055
PH10168,16813431,2026-07-07,Saleable,55,2026-02-28,Carvedilol 6.25mg Tablets 100s,Corvane Pharma,Pharma,Tablets,Below 25C,100.0,55.8,34.1,19.2,0.03653,5.86,9.48,2.0,3.0,6.0,72.6,60.16,0.2191799999999999,0.55,0.0200915,0.09166666666666667,521.4,1.0,Shelving,0.0,1,4.243421052631579
PH10169,16972770,2028-05-04,Saleable,2599,2026-02-28,Allopurinol 300mg Tablets 100s,Venrick Laboratories,Pharma,Tablets,Below 25C,100.0,31.5,26.1,32.4,0.02664,6.72,9.25,12.0,2.0,24.0,79.8,186.28,0.63936,25.99,0.6923735999999999,1.0829166666666665,24040.75,2.0,Pallet racking,2.0,0,26.18421052631579
PH10169,16975445,2028-11-03,Saleable,4370,2026-02-28,Allopurinol 300mg Tablets 100s,Venrick Laboratories,Pharma,Tablets,Below 25C,100.0,31.5,26.1,32.4,0.02664,6.72,9.25,12.0,2.0,24.0,79.8,186.28,0.63936,43.7,1.164168,1.8208333333333335,40422.5,2.0,Pallet racking,2.0,0,32.203947368421055
PH10170,17056776,2027-01-26,Saleable,1109,2026-02-28,Ciprofloxacin 500mg Tablets 10x10,Halvora Healthcare,Pharma,Tablets,Below 25C,60.0,50.0,42.6,33.5,0.07136,13.0,14.96,4.0,3.0,12.0,115.5,181.0,0.8563200000000001,18.483333333333334,1.318970666666667,1.5402777777777779,16590.64,2.0,Pallet racking,2.0,0,10.921052631578949
PH10170,17075246,2027-04-06,Saleable,465,2026-02-28,Ciprofloxacin 500mg Tablets 10x10,Halvora Healthcare,Pharma,Tablets,Below 25C,60.0,50.0,42.6,33.5,0.07136,13.0,14.96,4.0,3.0,12.0,115.5,181.0,0.8563200000000001,7.75,0.5530400000000001,0.6458333333333334,6956.400000000001,1.0,Pallet racking,1.0,0,13.223684210526317
PH10171,17168213,2028-09-19,Saleable,1330,2026-02-28,Sertraline 100mg Tablets 10x10,Marwick Pharmaceuticals,Pharma,Tablets,Below 25C,180.0,38.5,29.2,24.9,0.02799,5.5,10.89,9.0,5.0,45.0,139.5,272.5,1.25955,7.388888888888889,0.20681500000000003,0.16419753086419753,14483.7,1.0,Shelving,0.0,1,30.72368421052632
PH10171,17111309,2028-05-29,Saleable,6150,2026-02-28,Sertraline 100mg Tablets 10x10,Marwick Pharmaceuticals,Pharma,Tablets,Below 25C,180.0,38.5,29.2,24.9,0.02799,5.5,10.89,9.0,5.0,45.0,139.5,272.5,1.25955,34.166666666666664,0.956325,0.7592592592592592,66973.5,1.0,Pallet racking,1.0,0,27.00657894736842
PH10171,17176912,2026-01-31,Expired,598,2026-02-28,Sertraline 100mg Tablets 10x10,Marwick Pharmaceuticals,Pharma,Tablets,Below 25C,180.0,38.5,29.2,24.9,0.02799,5.5,10.89,9.0,5.0,45.0,139.5,272.5,1.25955,3.3222222222222224,0.092989,0.07382716049382716,6512.22,1.0,Quarantine,0.0,0,-0.9210526315789475
PH10172,17275315,2028-03-23,Saleable,8832,2026-02-28,Pantoprazole 20mg Tablets 100s,Marwick Pharmaceuticals,Pharma,Tablets,Below 25C,240.0,36.8,39.3,19.5,0.0282,4.97,7.23,6.0,5.0,30.0,112.5,174.1,0.846,36.8,1.0377599999999998,1.2266666666666666,63855.36,2.0,Pallet racking,2.0,0,24.80263157894737
PH10172,17257633,2029-01-21,Saleable,60423,2026-02-28,Pantoprazole 20mg Tablets 100s,Marwick Pharmaceuticals,Pharma,Tablets,Below 25C,240.0,36.8,39.3,19.5,0.0282,4.97,7.23,6.0,5.0,30.0,112.5,174.1,0.846,251.7625,7.099702499999999,8.392083333333334,436858.29000000004,9.0,Pallet racking,9.0,0,34.80263157894737
PH10172,17210842,2028-07-06,Saleable,19486,2026-02-28,Pantoprazole 20mg Tablets 100s,Marwick Pharmaceuticals,Pharma,Tablets,Below 25C,240.0,36.8,39.3,19.5,0.0282,4.97,7.23,6.0,5.0,30.0,112.5,174.1,0.846,81.19166666666666,2.289605,2.7063888888888887,140883.78,3.0,Pallet racking,3.0,0,28.25657894736842
PH10173,17398072,2027-01-21,Saleable,5987,2026-02-28,Carvedilol 25mg Tablets 10x10,Venrick Laboratories,Pharma,Tablets,Below 25C,240.0,38.2,31.8,20.6,0.02502,3.94,6.64,9.0,4.0,36.0,97.4,166.84,0.90072,24.945833333333333,0.62414475,0.6929398148148148,39753.68,1.0,Pallet racking,1.0,0,10.756578947368421
PH10174,17476414,2027-06-28,Saleable,1825,2026-02-28,Glimepiride 4mg Tablets 2x14,Corvane Pharma,Pharma,Tablets,Below 25C,240.0,37.5,40.4,17.6,0.02666,6.81,6.11,6.0,6.0,36.0,120.6,270.16,0.95976,7.604166666666667,0.20272708333333334,0.21122685185185186,11150.75,1.0,Shelving,0.0,1,15.953947368421053
PH10174,17415070,2027-01-13,Saleable,1901,2026-02-28,Glimepiride 4mg Tablets 2x14,Corvane Pharma,Pharma,Tablets,Below 25C,240.0,37.5,40.4,17.6,0.02666,6.81,6.11,6.0,6.0,36.0,120.6,270.16,0.95976,7.920833333333333,0.21116941666666666,0.22002314814814816,11615.11,1.0,Shelving,0.0,1,10.493421052631579
PH10174,17414118,2027-07-22,Saleable,2710,2026-02-28,Glimepiride 4mg Tablets 2x14,Corvane Pharma,Pharma,Tablets,Below 25C,240.0,37.5,40.4,17.6,0.02666,6.81,6.11,6.0,6.0,36.0,120.6,270.16,0.95976,11.291666666666666,0.30103583333333334,0.3136574074074074,16558.100000000002,1.0,Pallet racking,1.0,0,16.74342105263158
PH10175,17551409,2026-07-22,Saleable,1548,2026-02-28,Ciprofloxacin 500mg Tablets 100s,Venrick Laboratories,Pharma,Tablets,Below 25C,60.0,49.0,32.0,16.5,0.02587,6.8,22.78,5.0,4.0,20.0,81.0,161.0,0.5174,25.8,0.667446,1.29,35263.44,2.0,Pallet racking,2.0,0,4.736842105263158
PH10175,17537075,2027-06-19,FOC,77,2026-02-28,Ciprofloxacin 500mg Tablets 100s,Venrick Laboratories,Pharma,Tablets,Below 25C,60.0,49.0,32.0,16.5,0.02587,6.8,22.78,5.0,4.0,20.0,81.0,161.0,0.5174,1.2833333333333334,0.03319983333333334,0.06416666666666668,1754.0600000000002,1.0,Shelving,0.0,1,15.657894736842106
PH10176,17625933,2026-06-22,Saleable,7014,2026-02-28,Ibuprofen 400mg Tablets 100s,Halvora Healthcare,Pharma,Tablets,Below 25C,100.0,36.3,34.7,29.4,0.03703,7.34,8.75,6.0,3.0,18.0,103.2,157.12,0.66654,70.14,2.5972842000000003,3.8966666666666665,61372.5,4.0,Pallet racking,4.0,0,3.75
PH10177,17777061,2027-07-17,Saleable,1979,2026-02-28,Allopurinol 100mg Tablets 2x14,Arcadine Pharma,Pharma,Tablets,Below 25C,60.0,50.1,37.5,28.7,0.05392,8.93,16.67,4.0,3.0,12.0,101.1,132.16,0.6470400000000001,32.983333333333334,1.7784613333333334,2.7486111111111113,32989.93,3.0,Pallet racking,3.0,0,16.578947368421055
PH10178,17867777,2027-08-09,Saleable,941,2026-02-28,Losartan 100mg Tablets 3x10,Marwick Pharmaceuticals,Pharma,Tablets,Below 25C,180.0,40.2,31.4,31.5,0.03976,10.38,21.95,6.0,2.0,12.0,78.0,149.56,0.47712,5.227777777777778,0.20785644444444443,0.4356481481481482,20654.95,1.0,Shelving,0.0,1,17.335526315789476
PH10178,17830607,2028-12-09,Saleable,4667,2026-02-28,Losartan 100mg Tablets 3x10,Marwick Pharmaceuticals,Pharma,Tablets,Below 25C,180.0,40.2,31.4,31.5,0.03976,10.38,21.95,6.0,2.0,12.0,78.0,149.56,0.47712,25.927777777777777,1.0308884444444444,2.160648148148148,102440.65,3.0,Pallet racking,3.0,0,33.38815789473684
PH10179,17937871,2026-07-26,Saleable,646,2026-02-28,Warfarin 1mg Tablets 30s,Halvora Healthcare,Pharma,Tablets,Below 25C,60.0,50.0,39.4,17.2,0.03388,9.05,4.26,6.0,4.0,24.0,83.8,242.2,0.8131200000000001,10.766666666666667,0.3647746666666667,0.4486111111111111,2751.96,1.0,Pallet racking,1.0,0,4.868421052631579
PH10179,17922945,2026-11-25,Saleable,685,2026-02-28,Warfarin 1mg Tablets 30s,Halvora Healthcare,Pharma,Tablets,Below 25C,60.0,50.0,39.4,17.2,0.03388,9.05,4.26,6.0,4.0,24.0,83.8,242.2,0.8131200000000001,11.416666666666666,0.3867966666666667,0.4756944444444444,2918.1,1.0,Pallet racking,1.0,0,8.881578947368421
PH10179,17917030,2029-02-04,Saleable,317,2026-02-28,Warfarin 1mg Tablets 30s,Halvora Healthcare,Pharma,Tablets,Below 25C,60.0,50.0,39.4,17.2,0.03388,9.05,4.26,6.0,4.0,24.0,83.8,242.2,0.8131200000000001,5.283333333333333,0.17899933333333334,0.22013888888888888,1350.4199999999998,1.0,Shelving,0.0,1,35.26315789473684
PH10180,18051836,2027-04-12,Saleable,43,2026-02-28,Paracetamol 500mg Tablets 10x10,Venrick Laboratories,Pharma,Tablets,Below 25C,180.0,36.2,44.0,17.9,0.02851,4.57,18.94,4.0,6.0,24.0,122.4,134.68,0.68424,0.2388888888888889,0.006810722222222222,0.009953703703703704,814.4200000000001,1.0,Shelving,0.0,1,13.421052631578949
PH10180,18014003,2028-09-13,Saleable,35,2026-02-28,Paracetamol 500mg Tablets 10x10,Venrick Laboratories,Pharma,Tablets,Below 25C,180.0,36.2,44.0,17.9,0.02851,4.57,18.94,4.0,6.0,24.0,122.4,134.68,0.68424,0.19444444444444445,0.005543611111111111,0.008101851851851851,662.9000000000001,1.0,Shelving,0.0,1,30.526315789473685
PH10181,18172702,2028-03-16,Saleable,19223,2026-02-28,Azithromycin 250mg Tablets 100s,Dunmore Therapeutics,Pharma,Tablets,Below 25C,240.0,58.5,39.0,22.3,0.05088,12.81,8.16,4.0,4.0,16.0,104.2,229.96,0.81408,80.09583333333333,4.075276,5.005989583333333,156859.68,6.0,Pallet racking,6.0,0,24.572368421052634
PH10181,18152761,2028-11-05,Saleable,432,2026-02-28,Azithromycin 250mg Tablets 100s,Dunmore Therapeutics,Pharma,Tablets,Below 25C,240.0,58.5,39.0,22.3,0.05088,12.81,8.16,4.0,4.0,16.0,104.2,229.96,0.81408,1.8,0.091584,0.1125,3525.12,1.0,Shelving,0.0,1,32.26973684210527
PH10182,18246133,2026-11-17,Saleable,1729,2026-02-28,Allopurinol 100mg Tablets 100s,Halvora Healthcare,Pharma,Tablets,Below 25C,120.0,52.6,43.1,27.8,0.06302,12.5,24.13,2.0,3.0,6.0,98.4,100.0,0.37812,14.408333333333333,0.9080131666666668,2.401388888888889,41720.77,3.0,Pallet racking,3.0,0,8.618421052631579
PH10182,18275303,2027-07-23,Saleable,354,2026-02-28,Allopurinol 100mg Tablets 100s,Halvora Healthcare,Pharma,Tablets,Below 25C,120.0,52.6,43.1,27.8,0.06302,12.5,24.13,2.0,3.0,6.0,98.4,100.0,0.37812,2.95,0.18590900000000002,0.4916666666666667,8542.02,1.0,Shelving,0.0,1,16.776315789473685
PH10182,18296191,2027-09-07,FOC,104,2026-02-28,Allopurinol 100mg Tablets 100s,Halvora Healthcare,Pharma,Tablets,Below 25C,120.0,52.6,43.1,27.8,0.06302,12.5,24.13,2.0,3.0,6.0,98.4,100.0,0.37812,0.8666666666666667,0.054617333333333344,0.14444444444444446,2509.52,1.0,Shelving,0.0,1,18.289473684210527
PH10183,18346638,2027-02-19,Saleable,10646,2026-02-28,Metoprolol 100mg Tablets 10x10,Dunmore Therapeutics,Pharma,Tablets,Below 25C,60.0,48.6,27.0,26.2,0.03438,6.75,7.73,8.0,3.0,24.0,93.6,187.0,0.8251200000000001,177.43333333333334,6.100158,7.393055555555556,82293.58,8.0,Pallet racking,8.0,0,11.710526315789474
PH10183,18344616,2027-08-07,Saleable,17730,2026-02-28,Metoprolol 100mg Tablets 10x10,Dunmore Therapeutics,Pharma,Tablets,Below 25C,60.0,48.6,27.0,26.2,0.03438,6.75,7.73,8.0,3.0,24.0,93.6,187.0,0.8251200000000001,295.5,10.15929,12.3125,137052.9,13.0,Pallet racking,13.0,0,17.269736842105264
PH10183,18357504,2025-04-26,Expired,2270,2026-02-28,Metoprolol 100mg Tablets 10x10,Dunmore Therapeutics,Pharma,Tablets,Below 25C,60.0,48.6,27.0,26.2,0.03438,6.75,7.73,8.0,3.0,24.0,93.6,187.0,0.8251200000000001,37.833333333333336,1.30071,1.576388888888889,17547.100000000002,2.0,Quarantine,0.0,0,-10.131578947368421
PH10184,18445482,2027-06-27,Saleable,716,2026-02-28,Levothyroxine 50mcg Tablets 10x10,Halvora Healthcare,Pharma,Tablets,Below 25C,180.0,38.1,29.4,18.9,0.02117,3.89,21.23,9.0,6.0,54.0,128.39999999999998,235.06,1.14318,3.977777777777778,0.08420955555555557,0.07366255144032922,15200.68,1.0,Shelving,0.0,1,15.921052631578949
PH10185,18563813,2027-06-17,Saleable,17610,2026-02-28,Atorvastatin 20mg Tablets 30s,Corvane Pharma,Pharma,Tablets,Below 25C,120.0,43.1,28.1,27.5,0.03331,8.89,9.08,7.0,3.0,21.0,97.5,211.69,0.69951,146.75,4.8882425,6.988095238095238,159898.8,7.0,Pallet racking,7.0,0,15.592105263157896
PH10185,18561314,2027-04-30,FOC,880,2026-02-28,Atorvastatin 20mg Tablets 30s,Corvane Pharma,Pharma,Tablets,Below 25C,120.0,43.1,28.1,27.5,0.03331,8.89,9.08,7.0,3.0,21.0,97.5,211.69,0.69951,7.333333333333333,0.24427333333333331,0.3492063492063492,7990.4,1.0,Shelving,0.0,1,14.013157894736842
PH10186,18698658,2028-03-28,Saleable,577,2026-02-28,Levothyroxine 50mcg Tablets 30s,Corvane Pharma,Pharma,Tablets,Below 25C,240.0,48.6,33.9,34.9,0.0575,17.22,6.27,6.0,2.0,12.0,84.8,231.64,0.6900000000000001,2.404166666666667,0.13823958333333333,0.20034722222222223,3617.79,1.0,Shelving,0.0,1,24.967105263157897
PH10187,18772915,2026-11-29,Saleable,1066,2026-02-28,Prednisolone 25mg Tablets 10x10,Halvora Healthcare,Pharma,Tablets,Below 25C,180.0,38.8,27.4,34.8,0.037,8.57,22.33,8.0,4.0,32.0,154.2,299.24,1.184,5.9222222222222225,0.21912222222222222,0.18506944444444445,23803.78,1.0,Shelving,0.0,1,9.013157894736842
PH10187,18798744,2028-08-25,Saleable,268,2026-02-28,Prednisolone 25mg Tablets 10x10,Halvora Healthcare,Pharma,Tablets,Below 25C,180.0,38.8,27.4,34.8,0.037,8.57,22.33,8.0,4.0,32.0,154.2,299.24,1.184,1.488888888888889,0.05508888888888889,0.04652777777777778,5984.44,1.0,Shelving,0.0,1,29.901315789473685
PH10188,18890945,2028-07-02,Saleable,5416,2026-02-28,Atorvastatin 10mg Tablets 2x14,Marwick Pharmaceuticals,Pharma,Tablets,Below 25C,120.0,46.4,25.3,21.5,0.02524,5.11,11.84,8.0,3.0,24.0,79.5,147.64,0.60576,45.13333333333333,1.1391653333333334,1.8805555555555555,64125.44,2.0,Pallet racking,2.0,0,28.125
PH10189,18947207,2026-12-26,Saleable,184,2026-02-28,Atorvastatin 40mg Tablets 30s,Corvane Pharma,Pharma,Tablets,Below 25C,100.0,30.3,37.5,32.0,0.03636,7.62,8.07,9.0,4.0,36.0,143.0,299.32,1.30896,1.84,0.06690240000000001,0.051111111111111114,1484.88,1.0,Shelving,0.0,1,9.901315789473685
PH10189,18959194,2027-03-18,Saleable,100,2026-02-28,Atorvastatin 40mg Tablets 30s,Corvane Pharma,Pharma,Tablets,Below 25C,100.0,30.3,37.5,32.0,0.03636,7.62,8.07,9.0,4.0,36.0,143.0,299.32,1.30896,1.0,0.03636,0.027777777777777776,807.0,1.0,Shelving,0.0,1,12.598684210526317
PH10190,19050368,2026-07-07,Saleable,958,2026-02-28,Atorvastatin 20mg Tablets 3x10,Venrick Laboratories,Pharma,Tablets,Below 25C,180.0,47.2,28.6,21.1,0.02848,5.44,7.47,8.0,5.0,40.0,120.5,242.6,1.1392,5.322222222222222,0.15157688888888887,0.13305555555555554,7156.259999999999,1.0,Shelving,0.0,1,4.243421052631579
PH10190,19053295,2028-05-16,Saleable,1576,2026-02-28,Atorvastatin 20mg Tablets 3x10,Venrick Laboratories,Pharma,Tablets,Below 25C,180.0,47.2,28.6,21.1,0.02848,5.44,7.47,8.0,5.0,40.0,120.5,242.6,1.1392,8.755555555555556,0.24935822222222223,0.2188888888888889,11772.72,1.0,Shelving,0.0,1,26.578947368421055
PH10190,19051859,2027-04-06,Saleable,1119,2026-02-28,Atorvastatin 20mg Tablets 3x10,Venrick Laboratories,Pharma,Tablets,Below 25C,180.0,47.2,28.6,21.1,0.02848,5.44,7.47,8.0,5.0,40.0,120.5,242.6,1.1392,6.216666666666667,0.17705066666666666,0.15541666666666668,8358.93,1.0,Shelving,0.0,1,13.223684210526317
PH10191,19167514,2029-02-04,Saleable,51370,2026-02-28,Allopurinol 300mg Tablets 3x10,Corvane Pharma,Pharma,Tablets,Below 25C,240.0,46.1,41.2,30.9,0.05869,11.73,11.25,3.0,4.0,12.0,138.6,165.76,0.70428,214.04166666666666,12.562105416666666,17.836805555555554,577912.5,18.0,Pallet racking,18.0,0,35.26315789473684
PH10192,19241628,2027-02-28,Saleable,324,2026-02-28,Cetirizine 10mg Tablets 30s,Halvora Healthcare,Pharma,Tablets,Below 25C,100.0,35.7,28.5,29.8,0.03032,4.7,18.55,9.0,5.0,45.0,164.0,236.5,1.3644,3.24,0.0982368,0.07200000000000001,6010.2,1.0,Shelving,0.0,1,12.006578947368421
PH10192,19226846,2026-12-05,Saleable,218,2026-02-28,Cetirizine 10mg Tablets 30s,Halvora Healthcare,Pharma,Tablets,Below 25C,100.0,35.7,28.5,29.8,0.03032,4.7,18.55,9.0,5.0,45.0,164.0,236.5,1.3644,2.18,0.0660976,0.04844444444444445,4043.9,1.0,Shelving,0.0,1,9.210526315789474
PH10192,19252039,2027-04-06,Saleable,360,2026-02-28,Cetirizine 10mg Tablets 30s,Halvora Healthcare,Pharma,Tablets,Below 25C,100.0,35.7,28.5,29.8,0.03032,4.7,18.55,9.0,5.0,45.0,164.0,236.5,1.3644,3.6,0.109152,0.08,6678.0,1.0,Shelving,0.0,1,13.223684210526317
PH10193,19338406,2028-05-21,Saleable,81597,2026-02-28,Montelukast 10mg Tablets 10x10,Corvane Pharma,Pharma,Tablets,Below 25C,120.0,35.4,33.3,23.7,0.02794,5.37,15.9,9.0,4.0,36.0,109.8,218.32,1.00584,679.975,18.9985015,18.888194444444444,1297392.3,19.0,Pallet racking,19.0,0,26.74342105263158
PH10194,19438461,2026-08-21,Saleable,9432,2026-02-28,Ciprofloxacin 250mg Tablets 2x14,Corvane Pharma,Pharma,Tablets,Below 25C,120.0,37.7,36.7,32.0,0.04427,7.33,15.71,6.0,3.0,18.0,111.0,156.94,0.7968599999999999,78.6,3.4796219999999995,4.366666666666666,148176.72,5.0,Pallet racking,5.0,0,5.723684210526316
PH10194,19429778,2028-04-18,Saleable,369,2026-02-28,Ciprofloxacin 250mg Tablets 2x14,Corvane Pharma,Pharma,Tablets,Below 25C,120.0,37.7,36.7,32.0,0.04427,7.33,15.71,6.0,3.0,18.0,111.0,156.94,0.7968599999999999,3.075,0.13613025,0.17083333333333334,5796.990000000001,1.0,Shelving,0.0,1,25.657894736842106
PH10195,19565816,2026-10-29,Saleable,358,2026-02-28,Pantoprazole 20mg Tablets 30s,Corvane Pharma,Pharma,Tablets,Below 25C,120.0,60.0,41.1,25.4,0.06264,17.63,18.98,4.0,2.0,8.0,65.8,166.04,0.50112,2.9833333333333334,0.18687600000000001,0.3729166666666667,6794.84,1.0,Shelving,0.0,1,7.99342105263158
PH10195,19528436,2026-09-20,Saleable,421,2026-02-28,Pantoprazole 20mg Tablets 30s,Corvane Pharma,Pharma,Tablets,Below 25C,120.0,60.0,41.1,25.4,0.06264,17.63,18.98,4.0,2.0,8.0,65.8,166.04,0.50112,3.5083333333333333,0.219762,0.43854166666666666,7990.58,1.0,Shelving,0.0,1,6.710526315789474
PH10195,19592089,2027-04-05,FOC,39,2026-02-28,Pantoprazole 20mg Tablets 30s,Corvane Pharma,Pharma,Tablets,Below 25C,120.0,60.0,41.1,25.4,0.06264,17.63,18.98,4.0,2.0,8.0,65.8,166.04,0.50112,0.325,0.020358,0.040625,740.22,1.0,Shelving,0.0,1,13.19078947368421
PH10196,19643212,2028-01-28,Saleable,70486,2026-02-28,Warfarin 5mg Tablets 100s,Marwick Pharmaceuticals,Pharma,Tablets,Below 25C,60.0,53.1,34.4,16.0,0.02923,6.08,16.92,4.0,9.0,36.0,159.0,243.88,1.05228,1174.7666666666667,34.33842966666666,32.632407407407406,1192623.12,33.0,Pallet racking,33.0,0,22.99342105263158
PH10197,19753593,2028-02-16,Saleable,38535,2026-02-28,Warfarin 1mg Tablets 100s,Venrick Laboratories,Pharma,Tablets,Below 25C,60.0,34.0,30.4,19.5,0.02016,4.96,11.19,9.0,3.0,27.0,73.5,158.92,0.54432,642.25,12.94776,23.787037037037038,431206.64999999997,24.0,Pallet racking,24.0,0,23.61842105263158
PH10198,19888194,2028-12-17,Saleable,228,2026-02-28,Bisoprolol 2.5mg Tablets 30s,Dunmore Therapeutics,Pharma,Tablets,Below 25C,120.0,42.8,27.5,23.6,0.02778,7.53,3.46,8.0,6.0,48.0,156.60000000000002,386.44,1.33344,1.9,0.052781999999999996,0.03958333333333333,788.88,1.0,Shelving,0.0,1,33.651315789473685
PH10198,19897271,2027-04-26,Saleable,253,2026-02-28,Bisoprolol 2.5mg Tablets 30s,Dunmore Therapeutics,Pharma,Tablets,Below 25C,120.0,42.8,27.5,23.6,0.02778,7.53,3.46,8.0,6.0,48.0,156.60000000000002,386.44,1.33344,2.1083333333333334,0.0585695,0.043923611111111115,875.38,1.0,Shelving,0.0,1,13.881578947368421
PH10199,19911153,2026-08-19,Saleable,216,2026-02-28,Levothyroxine 100mcg Tablets 10x10,Arcadine Pharma,Pharma,Tablets,Below 25C,180.0,54.0,40.9,28.2,0.06228,10.18,23.19,4.0,3.0,12.0,99.6,147.16,0.74736,1.2,0.074736,0.09999999999999999,5009.04,1.0,Shelving,0.0,1,5.657894736842105
PH10199,19955635,2028-11-20,Saleable,1982,2026-02-28,Levothyroxine 100mcg Tablets 10x10,Arcadine Pharma,Pharma,Tablets,Below 25C,180.0,54.0,40.9,28.2,0.06228,10.18,23.19,4.0,3.0,12.0,99.6,147.16,0.74736,11.011111111111111,0.685772,0.9175925925925926,45962.58,1.0,Pallet racking,1.0,0,32.76315789473684
PH10199,19954129,2027-12-17,Saleable,457,2026-02-28,Levothyroxine 100mcg Tablets 10x10,Arcadine Pharma,Pharma,Tablets,Below 25C,180.0,54.0,40.9,28.2,0.06228,10.18,23.19,4.0,3.0,12.0,99.6,147.16,0.74736,2.5388888888888888,0.15812199999999998,0.21157407407407405,10597.83,1.0,Shelving,0.0,1,21.611842105263158
PH10200,20050918,2028-10-23,Saleable,47626,2026-02-28,Escitalopram 20mg Tablets 2x14,Halvora Healthcare,Pharma,Tablets,Below 25C,120.0,42.3,43.9,24.5,0.0455,8.04,11.88,4.0,5.0,20.0,137.5,185.8,0.91,396.8833333333333,18.058191666666666,19.844166666666666,565796.88,20.0,Pallet racking,20.0,0,31.842105263157897
PH10200,20068625,2027-04-18,FOC,2381,2026-02-28,Escitalopram 20mg Tablets 2x14,Halvora Healthcare,Pharma,Tablets,Below 25C,120.0,42.3,43.9,24.5,0.0455,8.04,11.88,4.0,5.0,20.0,137.5,185.8,0.91,19.841666666666665,0.9027958333333332,0.9920833333333332,28286.280000000002,1.0,Pallet racking,1.0,0,13.618421052631579
PH10201,20169668,2028-05-16,Saleable,2315,2026-02-28,Montelukast 10mg Tablets 30s,Corvane Pharma,Pharma,Tablets,Below 25C,120.0,36.2,43.1,32.0,0.04993,13.57,2.54,6.0,4.0,24.0,143.0,350.68,1.19832,19.291666666666668,0.9632329166666668,0.8038194444444445,5880.1,1.0,Pallet racking,1.0,0,26.578947368421055
PH10202,20216711,2027-07-27,Saleable,461,2026-02-28,Telmisartan 40mg Tablets 100s,Halvora Healthcare,Pharma,Tablets,Below 25C,180.0,30.1,28.7,33.6,0.02903,4.95,15.19,12.0,3.0,36.0,115.8,203.2,1.04508,2.561111111111111,0.07434905555555554,0.07114197530864197,7002.59,1.0,Shelving,0.0,1,16.907894736842106
PH10202,20216078,2028-10-22,Saleable,690,2026-02-28,Telmisartan 40mg Tablets 100s,Halvora Healthcare,Pharma,Tablets,Below 25C,180.0,30.1,28.7,33.6,0.02903,4.95,15.19,12.0,3.0,36.0,115.8,203.2,1.04508,3.8333333333333335,0.11128166666666667,0.10648148148148148,10481.1,1.0,Shelving,0.0,1,31.80921052631579
PH10202,20277492,2027-04-24,Saleable,555,2026-02-28,Telmisartan 40mg Tablets 100s,Halvora Healthcare,Pharma,Tablets,Below 25C,180.0,30.1,28.7,33.6,0.02903,4.95,15.19,12.0,3.0,36.0,115.8,203.2,1.04508,3.0833333333333335,0.08950916666666667,0.08564814814814815,8430.449999999999,1.0,Shelving,0.0,1,13.81578947368421
PH10203,20311944,2026-12-25,Saleable,670,2026-02-28,Atorvastatin 40mg Tablets 2x14,Marwick Pharmaceuticals,Pharma,Tablets,Below 25C,100.0,36.0,37.4,34.5,0.04645,8.11,8.48,6.0,3.0,18.0,118.5,170.98,0.8361,6.7,0.311215,0.37222222222222223,5681.6,1.0,Pallet racking,1.0,0,9.868421052631579
PH10203,20363868,2026-10-04,Saleable,83,2026-02-28,Atorvastatin 40mg Tablets 2x14,Marwick Pharmaceuticals,Pharma,Tablets,Below 25C,100.0,36.0,37.4,34.5,0.04645,8.11,8.48,6.0,3.0,18.0,118.5,170.98,0.8361,0.83,0.0385535,0.04611111111111111,703.84,1.0,Shelving,0.0,1,7.171052631578948
PH10204,20429455,2028-08-26,Saleable,3862,2026-02-28,Warfarin 5mg Tablets 2x14,Venrick Laboratories,Pharma,Tablets,Below 25C,180.0,44.4,29.3,15.1,0.01964,4.11,7.22,8.0,5.0,40.0,90.5,189.4,0.7856000000000001,21.455555555555556,0.42138711111111116,0.5363888888888889,27883.64,1.0,Pallet racking,1.0,0,29.93421052631579
PH10205,20544747,2027-05-24,Saleable,27564,2026-02-28,Glimepiride 2mg Tablets 10x10,Arcadine Pharma,Pharma,Tablets,Below 25C,180.0,48.2,33.3,20.6,0.03306,8.85,22.64,6.0,5.0,30.0,118.0,290.5,0.9918,153.13333333333333,5.062588,5.104444444444444,624048.96,6.0,Pallet racking,6.0,0,14.80263157894737
PH10205,20537642,2028-04-22,Saleable,6073,2026-02-28,Glimepiride 2mg Tablets 10x10,Arcadine Pharma,Pharma,Tablets,Below 25C,180.0,48.2,33.3,20.6,0.03306,8.85,22.64,6.0,5.0,30.0,118.0,290.5,0.9918,33.73888888888889,1.1154076666666666,1.1246296296296296,137492.72,2.0,Pallet racking,2.0,0,25.789473684210527
PH10206,20645039,2028-02-07,Saleable,8255,2026-02-28,Glimepiride 4mg Tablets 10x10,Venrick Laboratories,Pharma,Tablets,Below 25C,100.0,47.8,30.0,31.9,0.04574,13.32,10.59,8.0,2.0,16.0,78.8,238.12,0.73184,82.55,3.775837,5.159375,87420.45,6.0,Pallet racking,6.0,0,23.322368421052634
PH10206,20659304,2028-11-24,Saleable,4410,2026-02-28,Glimepiride 4mg Tablets 10x10,Venrick Laboratories,Pharma,Tablets,Below 25C,100.0,47.8,30.0,31.9,0.04574,13.32,10.59,8.0,2.0,16.0,78.8,238.12,0.73184,44.1,2.017134,2.75625,46701.9,3.0,Pallet racking,3.0,0,32.89473684210527
PH10206,20677135,2027-11-25,Saleable,11549,2026-02-28,Glimepiride 4mg Tablets 10x10,Venrick Laboratories,Pharma,Tablets,Below 25C,100.0,47.8,30.0,31.9,0.04574,13.32,10.59,8.0,2.0,16.0,78.8,238.12,0.73184,115.49,5.2825126000000004,7.218125,122303.91,8.0,Pallet racking,8.0,0,20.888157894736842
PH10207,20747166,2026-11-29,Saleable,79,2026-02-28,Sertraline 100mg Tablets 2x14,Corvane Pharma,Pharma,Tablets,Below 25C,240.0,43.4,33.2,25.1,0.03617,10.52,17.43,6.0,2.0,12.0,65.2,151.24,0.43404,0.32916666666666666,0.011905958333333333,0.027430555555555555,1376.97,1.0,Shelving,0.0,1,9.013157894736842
PH10207,20735728,2028-07-19,Saleable,82,2026-02-28,Sertraline 100mg Tablets 2x14,Corvane Pharma,Pharma,Tablets,Below 25C,240.0,43.4,33.2,25.1,0.03617,10.52,17.43,6.0,2.0,12.0,65.2,151.24,0.43404,0.3416666666666667,0.012358083333333334,0.02847222222222222,1429.26,1.0,Shelving,0.0,1,28.68421052631579
PH10208,20886649,2026-08-11,Saleable,6046,2026-02-28,Allopurinol 100mg Tablets 30s,Venrick Laboratories,Pharma,Tablets,Below 25C,120.0,59.6,39.0,21.5,0.04997,10.38,11.58,3.0,4.0,12.0,101.0,149.56,0.59964,50.38333333333333,2.5176551666666667,4.198611111111111,70012.68000000001,5.0,Pallet racking,5.0,0,5.394736842105264
PH10208,20882340,2026-07-31,Saleable,2673,2026-02-28,Allopurinol 100mg Tablets 30s,Venrick Laboratories,Pharma,Tablets,Below 25C,120.0,59.6,39.0,21.5,0.04997,10.38,11.58,3.0,4.0,12.0,101.0,149.56,0.59964,22.275,1.1130817499999999,1.85625,30953.34,2.0,Pallet racking,2.0,0,5.032894736842105
PH10208,20898727,2027-02-13,FOC,436,2026-02-28,Allopurinol 100mg Tablets 30s,Venrick Laboratories,Pharma,Tablets,Below 25C,120.0,59.6,39.0,21.5,0.04997,10.38,11.58,3.0,4.0,12.0,101.0,149.56,0.59964,3.6333333333333333,0.18155766666666667,0.30277777777777776,5048.88,1.0,Shelving,0.0,1,11.513157894736842
PH10208,20826160,2025-09-28,Expired,697,2026-02-28,Allopurinol 100mg Tablets 30s,Venrick Laboratories,Pharma,Tablets,Below 25C,120.0,59.6,39.0,21.5,0.04997,10.38,11.58,3.0,4.0,12.0,101.0,149.56,0.59964,5.808333333333334,0.29024241666666667,0.4840277777777778,8071.26,1.0,Quarantine,0.0,0,-5.032894736842105
PH10209,20923804,2028-08-10,Saleable,57368,2026-02-28,Losartan 50mg Tablets 3x10,Halvora Healthcare,Pharma,Tablets,Below 25C,240.0,50.7,31.1,23.9,0.03768,8.98,15.24,6.0,3.0,18.0,86.69999999999999,186.64,0.67824,239.03333333333333,9.006776,13.27962962962963,874288.3200000001,14.0,Pallet racking,14.0,0,29.407894736842106
PH10209,20935676,2025-05-21,Expired,4589,2026-02-28,Losartan 50mg Tablets 3x10,Halvora Healthcare,Pharma,Tablets,Below 25C,240.0,50.7,31.1,23.9,0.03768,8.98,15.24,6.0,3.0,18.0,86.69999999999999,186.64,0.67824,19.120833333333334,0.720473,1.0622685185185186,69936.36,2.0,Quarantine,0.0,0,-9.30921052631579
PH10210,21032649,2027-05-12,Saleable,1346,2026-02-28,Losartan 100mg Tablets 10x10,Halvora Healthcare,Pharma,Tablets,Below 25C,60.0,40.5,32.4,15.8,0.02073,3.69,5.05,6.0,9.0,54.0,157.20000000000002,224.26,1.11942,22.433333333333334,0.465043,0.4154320987654321,6797.3,1.0,Pallet racking,1.0,0,14.407894736842106
PH10210,21082644,2026-12-18,Saleable,1086,2026-02-28,Losartan 100mg Tablets 10x10,Halvora Healthcare,Pharma,Tablets,Below 25C,60.0,40.5,32.4,15.8,0.02073,3.69,5.05,6.0,9.0,54.0,157.20000000000002,224.26,1.11942,18.1,0.375213,0.3351851851851852,5484.3,1.0,Pallet racking,1.0,0,9.638157894736842
PH10210,21069460,2027-02-26,Damaged,72,2026-02-28,Losartan 100mg Tablets 10x10,Halvora Healthcare,Pharma,Tablets,Below 25C,60.0,40.5,32.4,15.8,0.02073,3.69,5.05,6.0,9.0,54.0,157.20000000000002,224.26,1.11942,1.2,0.024876,0.022222222222222223,363.59999999999997,1.0,Quarantine,0.0,0,11.94078947368421
PH10211,21186881,2027-12-22,Saleable,217,2026-02-28,Esomeprazole 20mg Tablets 10x10,Marwick Pharmaceuticals,Pharma,Tablets,Below 25C,120.0,44.5,34.4,24.2,0.03705,7.75,9.56,6.0,3.0,18.0,87.6,164.5,0.6669,1.8083333333333333,0.06699875,0.10046296296296296,2074.52,1.0,Shelving,0.0,1,21.776315789473685
PH10211,21199643,2026-04-22,Damaged,6,2026-02-28,Esomeprazole 20mg Tablets 10x10,Marwick Pharmaceuticals,Pharma,Tablets,Below 25C,120.0,44.5,34.4,24.2,0.03705,7.75,9.56,6.0,3.0,18.0,87.6,164.5,0.6669,0.05,0.0018525,0.002777777777777778,57.36,1.0,Quarantine,0.0,0,1.743421052631579
PH10212,21273048,2028-09-19,Saleable,7440,2026-02-28,Esomeprazole 20mg Tablets 2x14,Venrick Laboratories,Pharma,Tablets,Below 25C,60.0,48.7,25.7,29.1,0.03642,9.31,16.59,8.0,2.0,16.0,73.2,173.96,0.58272,124.0,4.5160800000000005,7.75,123429.6,8.0,Pallet racking,8.0,0,30.72368421052632
PH10212,21289569,2028-01-24,Saleable,19958,2026-02-28,Esomeprazole 20mg Tablets 2x14,Venrick Laboratories,Pharma,Tablets,Below 25C,60.0,48.7,25.7,29.1,0.03642,9.31,16.59,8.0,2.0,16.0,73.2,173.96,0.58272,332.6333333333333,12.114506,20.789583333333333,331103.22,21.0,Pallet racking,21.0,0,22.861842105263158
PH10212,21222072,2026-11-01,Saleable,1365,2026-02-28,Esomeprazole 20mg Tablets 2x14,Venrick Laboratories,Pharma,Tablets,Below 25C,60.0,48.7,25.7,29.1,0.03642,9.31,16.59,8.0,2.0,16.0,73.2,173.96,0.58272,22.75,0.828555,1.421875,22645.35,2.0,Pallet racking,2.0,0,8.092105263157896
PH10213,21373103,2028-09-05,Saleable,3534,2026-02-28,Rosuvastatin 5mg Tablets 10x10,Halvora Healthcare,Pharma,Tablets,Below 25C,60.0,52.6,27.8,26.4,0.0386,9.47,13.62,6.0,5.0,30.0,147.0,309.1,1.158,58.9,2.27354,1.9633333333333334,48133.079999999994,2.0,Pallet racking,2.0,0,30.263157894736842
PH10214,21444231,2028-10-09,Saleable,253,2026-02-28,Furosemide 40mg Tablets 10x10,Corvane Pharma,Pharma,Tablets,Below 25C,120.0,54.1,32.0,23.2,0.04016,6.45,24.05,4.0,4.0,16.0,107.8,128.2,0.64256,2.1083333333333334,0.08467066666666667,0.13177083333333334,6084.650000000001,1.0,Shelving,0.0,1,31.38157894736842
PH10214,21472725,2028-02-18,Saleable,333,2026-02-28,Furosemide 40mg Tablets 10x10,Corvane Pharma,Pharma,Tablets,Below 25C,120.0,54.1,32.0,23.2,0.04016,6.45,24.05,4.0,4.0,16.0,107.8,128.2,0.64256,2.775,0.111444,0.1734375,8008.650000000001,1.0,Shelving,0.0,1,23.68421052631579
PH10214,21497693,2025-12-02,Expired,46,2026-02-28,Furosemide 40mg Tablets 10x10,Corvane Pharma,Pharma,Tablets,Below 25C,120.0,54.1,32.0,23.2,0.04016,6.45,24.05,4.0,4.0,16.0,107.8,128.2,0.64256,0.38333333333333336,0.015394666666666668,0.023958333333333335,1106.3,1.0,Quarantine,0.0,0,-2.8947368421052633
PH10215,21523944,2028-11-26,Saleable,14606,2026-02-28,Bisoprolol 5mg Tablets 10x10,Halvora Healthcare,Pharma,Tablets,Below 25C,120.0,54.7,42.0,24.8,0.05698,16.99,19.38,4.0,2.0,8.0,64.6,160.92,0.45584,121.71666666666667,6.9354156666666675,15.214583333333334,283064.27999999997,16.0,Pallet racking,16.0,0,32.96052631578947
PH10215,21556878,2025-05-01,Expired,1168,2026-02-28,Bisoprolol 5mg Tablets 10x10,Halvora Healthcare,Pharma,Tablets,Below 25C,120.0,54.7,42.0,24.8,0.05698,16.99,19.38,4.0,2.0,8.0,64.6,160.92,0.45584,9.733333333333333,0.5546053333333333,1.2166666666666666,22635.84,2.0,Quarantine,0.0,0,-9.967105263157896
PH10216,21661958,2027-05-21,Saleable,912,2026-02-28,Metoprolol 50mg Tablets 30s,Corvane Pharma,Pharma,Tablets,Below 25C,240.0,32.7,41.0,24.1,0.03231,7.21,19.17,6.0,3.0,18.0,87.30000000000001,154.78,0.58158,3.8,0.12277799999999998,0.2111111111111111,17483.04,1.0,Shelving,0.0,1,14.703947368421053
PH10216,21675429,2027-10-14,Saleable,154,2026-02-28,Metoprolol 50mg Tablets 30s,Corvane Pharma,Pharma,Tablets,Below 25C,240.0,32.7,41.0,24.1,0.03231,7.21,19.17,6.0,3.0,18.0,87.30000000000001,154.78,0.58158,0.6416666666666667,0.02073225,0.03564814814814815,2952.1800000000003,1.0,Shelving,0.0,1,19.50657894736842
PH10216,21652279,2027-07-11,Saleable,143,2026-02-28,Metoprolol 50mg Tablets 30s,Corvane Pharma,Pharma,Tablets,Below 25C,240.0,32.7,41.0,24.1,0.03231,7.21,19.17,6.0,3.0,18.0,87.30000000000001,154.78,0.58158,0.5958333333333333,0.019251374999999998,0.033101851851851855,2741.3100000000004,1.0,Shelving,0.0,1,16.38157894736842
PH10217,21721642,2026-10-15,Saleable,12837,2026-02-28,Paracetamol 500mg Tablets 100s,Halvora Healthcare,Pharma,Tablets,Below 25C,240.0,43.2,25.2,27.1,0.0295,7.46,16.07,8.0,5.0,40.0,150.5,323.4,1.18,53.4875,1.57788125,1.3371875,206290.59,2.0,Pallet racking,2.0,0,7.532894736842105
PH10217,21737800,2028-10-10,Saleable,6707,2026-02-28,Paracetamol 500mg Tablets 100s,Halvora Healthcare,Pharma,Tablets,Below 25C,240.0,43.2,25.2,27.1,0.0295,7.46,16.07,8.0,5.0,40.0,150.5,323.4,1.18,27.945833333333333,0.8244020833333333,0.6986458333333333,107781.49,1.0,Pallet racking,1.0,0,31.414473684210527
PH10217,21747826,2028-02-28,Saleable,18391,2026-02-28,Paracetamol 500mg Tablets 100s,Halvora Healthcare,Pharma,Tablets,Below 25C,240.0,43.2,25.2,27.1,0.0295,7.46,16.07,8.0,5.0,40.0,150.5,323.4,1.18,76.62916666666666,2.2605604166666664,1.9157291666666665,295543.37,2.0,Pallet racking,2.0,0,24.013157894736842
PH10218,21880234,2027-11-04,Saleable,6745,2026-02-28,Ibuprofen 400mg Tablets 2x14,Venrick Laboratories,Pharma,Tablets,Below 25C,60.0,37.4,25.9,31.3,0.03032,6.3,20.05,9.0,2.0,18.0,77.6,138.39999999999998,0.54576,112.41666666666667,3.4084733333333332,6.24537037037037,135237.25,7.0,Pallet racking,7.0,0,20.197368421052634
PH10219,21929968,2028-01-26,Saleable,3765,2026-02-28,Warfarin 1mg Tablets 10x10,Venrick Laboratories,Pharma,Tablets,Below 25C,180.0,55.7,28.1,24.6,0.0385,9.61,17.06,6.0,4.0,24.0,113.4,255.64,0.924,20.916666666666668,0.8052916666666667,0.8715277777777778,64230.899999999994,1.0,Pallet racking,1.0,0,22.92763157894737
PH10219,21993338,2028-02-17,Saleable,6304,2026-02-28,Warfarin 1mg Tablets 10x10,Venrick Laboratories,Pharma,Tablets,Below 25C,180.0,55.7,28.1,24.6,0.0385,9.61,17.06,6.0,4.0,24.0,113.4,255.64,0.924,35.022222222222226,1.3483555555555558,1.4592592592592595,107546.23999999999,2.0,Pallet racking,2.0,0,23.651315789473685
PH10219,21955249,2027-10-21,FOC,503,2026-02-28,Warfarin 1mg Tablets 10x10,Venrick Laboratories,Pharma,Tablets,Below 25C,180.0,55.7,28.1,24.6,0.0385,9.61,17.06,6.0,4.0,24.0,113.4,255.64,0.924,2.7944444444444443,0.1075861111111111,0.11643518518518518,8581.179999999998,1.0,Shelving,0.0,1,19.736842105263158
PH10219,21965542,2025-12-18,Expired,805,2026-02-28,Warfarin 1mg Tablets 10x10,Venrick Laboratories,Pharma,Tablets,Below 25C,180.0,55.7,28.1,24.6,0.0385,9.61,17.06,6.0,4.0,24.0,113.4,255.64,0.924,4.472222222222222,0.17218055555555556,0.1863425925925926,13733.3,1.0,Quarantine,0.0,0,-2.368421052631579
PH10220,22020749,2026-08-02,Saleable,417,2026-02-28,Metformin 500mg Tablets 3x10,Venrick Laboratories,Pharma,Tablets,Below 25C,120.0,58.7,27.5,27.3,0.04407,9.58,3.61,6.0,5.0,30.0,151.5,312.4,1.3220999999999998,3.475,0.15314325,0.11583333333333333,1505.37,1.0,Shelving,0.0,1,5.098684210526316
PH10220,22087507,2026-02-18,Expired,33,2026-02-28,Metformin 500mg Tablets 3x10,Venrick Laboratories,Pharma,Tablets,Below 25C,120.0,58.7,27.5,27.3,0.04407,9.58,3.61,6.0,5.0,30.0,151.5,312.4,1.3220999999999998,0.275,0.01211925,0.009166666666666667,119.13,1.0,Quarantine,0.0,0,-0.32894736842105265
PH10221,22194205,2029-01-27,Saleable,226,2026-02-28,Rosuvastatin 10mg Tablets 100s,Arcadine Pharma,Pharma,Tablets,Below 25C,120.0,41.5,25.0,29.3,0.0304,8.62,7.68,8.0,5.0,40.0,161.5,369.8,1.216,1.8833333333333333,0.05725333333333333,0.04708333333333333,1735.6799999999998,1.0,Shelving,0.0,1,35.0
PH10221,22175069,2027-05-27,Saleable,836,2026-02-28,Rosuvastatin 10mg Tablets 100s,Arcadine Pharma,Pharma,Tablets,Below 25C,120.0,41.5,25.0,29.3,0.0304,8.62,7.68,8.0,5.0,40.0,161.5,369.8,1.216,6.966666666666667,0.21178666666666668,0.17416666666666666,6420.48,1.0,Shelving,0.0,1,14.901315789473685
PH10222,22220109,2027-12-27,Saleable,2498,2026-02-28,Escitalopram 10mg Tablets 100s,Arcadine Pharma,Pharma,Tablets,Below 25C,120.0,30.8,31.4,23.8,0.02302,4.18,18.68,9.0,6.0,54.0,157.8,250.72,1.24308,20.816666666666666,0.47919966666666663,0.3854938271604938,46662.64,1.0,Pallet racking,1.0,0,21.940789473684212
PH10222,22287804,2027-12-05,Sample,49,2026-02-28,Escitalopram 10mg Tablets 100s,Arcadine Pharma,Pharma,Tablets,Below 25C,120.0,30.8,31.4,23.8,0.02302,4.18,18.68,9.0,6.0,54.0,157.8,250.72,1.24308,0.4083333333333333,0.009399833333333333,0.007561728395061728,915.3199999999999,1.0,Shelving,0.0,1,21.217105263157897
PH10222,22290464,2025-11-04,Expired,199,2026-02-28,Escitalopram 10mg Tablets 100s,Arcadine Pharma,Pharma,Tablets,Below 25C,120.0,30.8,31.4,23.8,0.02302,4.18,18.68,9.0,6.0,54.0,157.8,250.72,1.24308,1.6583333333333334,0.03817483333333333,0.030709876543209877,3717.32,1.0,Quarantine,0.0,0,-3.8157894736842106
PH10223,22367631,2028-01-14,Saleable,1610,2026-02-28,Metformin 850mg Tablets 100s,Marwick Pharmaceuticals,Pharma,Tablets,Below 25C,60.0,44.8,37.1,17.9,0.02975,4.67,10.58,4.0,3.0,12.0,68.69999999999999,81.03999999999999,0.357,26.833333333333332,0.7982916666666666,2.236111111111111,17033.8,3.0,Pallet racking,3.0,0,22.532894736842106
PH10224,22486546,2028-05-31,Saleable,582,2026-02-28,Telmisartan 80mg Tablets 2x14,Halvora Healthcare,Pharma,Tablets,Below 25C,100.0,47.8,36.6,21.1,0.03691,9.9,16.63,6.0,3.0,18.0,78.30000000000001,203.2,0.66438,5.82,0.2148162,0.32333333333333336,9678.66,1.0,Shelving,0.0,1,27.072368421052634
PH10224,22459444,2028-07-16,Saleable,104,2026-02-28,Telmisartan 80mg Tablets 2x14,Halvora Healthcare,Pharma,Tablets,Below 25C,100.0,47.8,36.6,21.1,0.03691,9.9,16.63,6.0,3.0,18.0,78.30000000000001,203.2,0.66438,1.04,0.0383864,0.05777777777777778,1729.52,1.0,Shelving,0.0,1,28.585526315789476
PH10225,22544865,2028-07-30,Saleable,1306,2026-02-28,Metoprolol 100mg Tablets 30s,Venrick Laboratories,Pharma,Tablets,Below 25C,120.0,43.3,28.6,19.5,0.02415,6.15,5.39,8.0,7.0,56.0,151.5,369.4,1.3524,10.883333333333333,0.2628325,0.1943452380952381,7039.339999999999,1.0,Pallet racking,1.0,0,29.04605263157895
PH10226,22657170,2028-07-21,Saleable,26,2026-02-28,Esomeprazole 40mg Tablets 2x14,Corvane Pharma,Pharma,Tablets,Below 25C,240.0,34.2,41.9,28.1,0.04027,9.38,10.5,6.0,5.0,30.0,155.5,306.40000000000003,1.2081,0.10833333333333334,0.004362583333333334,0.0036111111111111114,273.0,1.0,Shelving,0.0,1,28.75
PH10226,22647788,2026-12-29,Saleable,180,2026-02-28,Esomeprazole 40mg Tablets 2x14,Corvane Pharma,Pharma,Tablets,Below 25C,240.0,34.2,41.9,28.1,0.04027,9.38,10.5,6.0,5.0,30.0,155.5,306.40000000000003,1.2081,0.75,0.0302025,0.025,1890.0,1.0,Shelving,0.0,1,10.0
PH10226,22624905,2027-08-07,Saleable,654,2026-02-28,Esomeprazole 40mg Tablets 2x14,Corvane Pharma,Pharma,Tablets,Below 25C,240.0,34.2,41.9,28.1,0.04027,9.38,10.5,6.0,5.0,30.0,155.5,306.40000000000003,1.2081,2.725,0.10973575,0.09083333333333334,6867.0,1.0,Shelving,0.0,1,17.269736842105264
PH10226,22610966,2028-08-02,Saleable,482,2026-02-28,Esomeprazole 40mg Tablets 2x14,Corvane Pharma,Pharma,Tablets,Below 25C,240.0,34.2,41.9,28.1,0.04027,9.38,10.5,6.0,5.0,30.0,155.5,306.40000000000003,1.2081,2.0083333333333333,0.08087558333333333,0.06694444444444445,5061.0,1.0,Shelving,0.0,1,29.144736842105264
PH10227,22777277,2027-10-18,Saleable,14178,2026-02-28,Metformin 850mg Tablets 30s,Corvane Pharma,Pharma,Tablets,Below 25C,240.0,36.7,31.8,28.9,0.03373,9.98,18.76,9.0,3.0,27.0,101.7,294.46000000000004,0.91071,59.075,1.9925997500000003,2.187962962962963,265979.28,3.0,Pallet racking,3.0,0,19.638157894736842
PH10227,22723109,2027-05-18,Saleable,7945,2026-02-28,Metformin 850mg Tablets 30s,Corvane Pharma,Pharma,Tablets,Below 25C,240.0,36.7,31.8,28.9,0.03373,9.98,18.76,9.0,3.0,27.0,101.7,294.46000000000004,0.91071,33.104166666666664,1.1166035416666666,1.22608024691358,149048.2,2.0,Pallet racking,2.0,0,14.605263157894738
PH10228,22845386,2027-05-20,Saleable,31,2026-02-28,Metformin 500mg Tablets 30s,Marwick Pharmaceuticals,Pharma,Tablets,Below 25C,240.0,32.3,30.1,17.4,0.01692,2.61,16.73,9.0,5.0,45.0,102.0,142.45,0.7614000000000001,0.12916666666666668,0.0021855000000000004,0.002870370370370371,518.63,1.0,Shelving,0.0,1,14.671052631578949
PH10228,22877819,2027-12-17,Saleable,211,2026-02-28,Metformin 500mg Tablets 30s,Marwick Pharmaceuticals,Pharma,Tablets,Below 25C,240.0,32.3,30.1,17.4,0.01692,2.61,16.73,9.0,5.0,45.0,102.0,142.45,0.7614000000000001,0.8791666666666667,0.0148755,0.019537037037037037,3530.03,1.0,Shelving,0.0,1,21.611842105263158
PH10229,22951863,2028-01-02,Saleable,100,2026-02-28,Loratadine 10mg Tablets 100s,Venrick Laboratories,Pharma,Tablets,Below 25C,100.0,50.6,36.2,17.1,0.03132,8.95,24.25,4.0,4.0,16.0,83.4,168.2,0.50112,1.0,0.03132,0.0625,2425.0,1.0,Shelving,0.0,1,22.138157894736842
PH10230,23021602,2028-02-24,Saleable,26168,2026-02-28,Losartan 50mg Tablets 100s,Dunmore Therapeutics,Pharma,Tablets,Below 25C,60.0,56.2,39.2,18.5,0.04076,11.86,24.87,4.0,7.0,28.0,144.5,357.08,1.14128,436.1333333333333,17.776794666666664,15.576190476190476,650798.16,16.0,Pallet racking,16.0,0,23.88157894736842
PH10230,23073906,2028-08-18,Saleable,35942,2026-02-28,Losartan 50mg Tablets 100s,Dunmore Therapeutics,Pharma,Tablets,Below 25C,60.0,56.2,39.2,18.5,0.04076,11.86,24.87,4.0,7.0,28.0,144.5,357.08,1.14128,599.0333333333333,24.416598666666665,21.39404761904762,893877.54,22.0,Pallet racking,22.0,0,29.67105263157895
PH10230,23082641,2026-07-10,Saleable,5147,2026-02-28,Losartan 50mg Tablets 100s,Dunmore Therapeutics,Pharma,Tablets,Below 25C,60.0,56.2,39.2,18.5,0.04076,11.86,24.87,4.0,7.0,28.0,144.5,357.08,1.14128,85.78333333333333,3.4965286666666664,3.063690476190476,128005.89,4.0,Pallet racking,4.0,0,4.342105263157895
PH10231,23173777,2028-05-08,Saleable,2193,2026-02-28,Furosemide 40mg Tablets 30s,Corvane Pharma,Pharma,Tablets,Below 25C,100.0,39.3,43.8,18.2,0.03133,7.94,3.68,6.0,6.0,36.0,124.2,310.84000000000003,1.1278799999999998,21.93,0.6870668999999999,0.6091666666666666,8070.240000000001,1.0,Pallet racking,1.0,0,26.315789473684212
PH10232,23292050,2027-10-21,Saleable,2401,2026-02-28,Azithromycin 500mg Tablets 3x10,Venrick Laboratories,Pharma,Tablets,Below 25C,240.0,46.6,33.8,21.2,0.03339,6.08,21.18,4.0,7.0,28.0,163.4,195.24,0.93492,10.004166666666666,0.33403912500000005,0.3572916666666667,50853.18,1.0,Pallet racking,1.0,0,19.736842105263158
PH10232,23293004,2027-10-07,Saleable,775,2026-02-28,Azithromycin 500mg Tablets 3x10,Venrick Laboratories,Pharma,Tablets,Below 25C,240.0,46.6,33.8,21.2,0.03339,6.08,21.18,4.0,7.0,28.0,163.4,195.24,0.93492,3.2291666666666665,0.10782187500000001,0.11532738095238095,16414.5,1.0,Shelving,0.0,1,19.276315789473685
PH10232,23279211,2026-09-03,Saleable,10996,2026-02-28,Azithromycin 500mg Tablets 3x10,Venrick Laboratories,Pharma,Tablets,Below 25C,240.0,46.6,33.8,21.2,0.03339,6.08,21.18,4.0,7.0,28.0,163.4,195.24,0.93492,45.81666666666667,1.5298185000000002,1.636309523809524,232895.28,2.0,Pallet racking,2.0,0,6.151315789473684
PH10233,23368457,2027-01-06,Saleable,178,2026-02-28,Azithromycin 250mg Tablets 30s,Dunmore Therapeutics,Pharma,Tablets,Below 25C,100.0,49.5,44.6,18.9,0.04173,12.01,11.74,4.0,5.0,20.0,109.5,265.2,0.8346,1.78,0.07427940000000001,0.089,2089.7200000000003,1.0,Shelving,0.0,1,10.263157894736842
PH10233,23318765,2028-03-27,Saleable,121,2026-02-28,Azithromycin 250mg Tablets 30s,Dunmore Therapeutics,Pharma,Tablets,Below 25C,100.0,49.5,44.6,18.9,0.04173,12.01,11.74,4.0,5.0,20.0,109.5,265.2,0.8346,1.21,0.050493300000000005,0.0605,1420.54,1.0,Shelving,0.0,1,24.93421052631579
PH10234,23476815,2028-08-22,Saleable,260,2026-02-28,Atorvastatin 20mg Tablets 100s,Corvane Pharma,Pharma,Tablets,Below 25C,180.0,53.5,34.7,31.4,0.05829,11.31,11.82,4.0,3.0,12.0,109.2,160.72,0.69948,1.4444444444444444,0.08419666666666667,0.12037037037037036,3073.2000000000003,1.0,Shelving,0.0,1,29.80263157894737
PH10234,23419009,2029-01-01,Saleable,492,2026-02-28,Atorvastatin 20mg Tablets 100s,Corvane Pharma,Pharma,Tablets,Below 25C,180.0,53.5,34.7,31.4,0.05829,11.31,11.82,4.0,3.0,12.0,109.2,160.72,0.69948,2.7333333333333334,0.159326,0.22777777777777777,5815.4400000000005,1.0,Shelving,0.0,1,34.14473684210527
PH10234,23440999,2028-06-07,Saleable,878,2026-02-28,Atorvastatin 20mg Tablets 100s,Corvane Pharma,Pharma,Tablets,Below 25C,180.0,53.5,34.7,31.4,0.05829,11.31,11.82,4.0,3.0,12.0,109.2,160.72,0.69948,4.877777777777778,0.2843256666666667,0.4064814814814815,10377.960000000001,1.0,Pallet racking,1.0,0,27.30263157894737
PH10235,23569616,2026-10-13,Saleable,1789,2026-02-28,Amlodipine 10mg Tablets 2x14,Venrick Laboratories,Pharma,Tablets,Below 25C,60.0,34.5,30.5,29.3,0.03083,8.82,7.9,9.0,3.0,27.0,102.9,263.14,0.83241,29.816666666666666,0.9192478333333333,1.104320987654321,14133.1,2.0,Pallet racking,2.0,0,7.467105263157895
PH10235,23525311,2029-01-23,Saleable,1419,2026-02-28,Amlodipine 10mg Tablets 2x14,Venrick Laboratories,Pharma,Tablets,Below 25C,60.0,34.5,30.5,29.3,0.03083,8.82,7.9,9.0,3.0,27.0,102.9,263.14,0.83241,23.65,0.7291295,0.8759259259259259,11210.1,1.0,Pallet racking,1.0,0,34.86842105263158
PH10236,23679140,2027-02-12,Saleable,115004,2026-02-28,Losartan 100mg Tablets 30s,Corvane Pharma,Pharma,Tablets,Below 25C,240.0,52.3,28.1,28.5,0.04188,10.82,8.87,6.0,3.0,18.0,100.5,219.76,0.7538400000000001,479.18333333333334,20.068198,26.621296296296297,1020085.4799999999,27.0,Pallet racking,27.0,0,11.480263157894738
PH10236,23618421,2029-01-27,Saleable,21042,2026-02-28,Losartan 100mg Tablets 30s,Corvane Pharma,Pharma,Tablets,Below 25C,240.0,52.3,28.1,28.5,0.04188,10.82,8.87,6.0,3.0,18.0,100.5,219.76,0.7538400000000001,87.675,3.671829,4.870833333333334,186642.53999999998,5.0,Pallet racking,5.0,0,35.0
PH10236,23688400,2027-03-12,Saleable,52527,2026-02-28,Losartan 100mg Tablets 30s,Corvane Pharma,Pharma,Tablets,Below 25C,240.0,52.3,28.1,28.5,0.04188,10.82,8.87,6.0,3.0,18.0,100.5,219.76,0.7538400000000001,218.8625,9.1659615,12.159027777777778,465914.48999999993,13.0,Pallet racking,13.0,0,12.401315789473685
PH10237,23723724,2027-03-23,Saleable,22345,2026-02-28,Ciprofloxacin 500mg Tablets 30s,Venrick Laboratories,Pharma,Tablets,Below 25C,240.0,52.5,31.3,26.2,0.04305,8.8,10.12,6.0,4.0,24.0,119.8,236.2,1.0332,93.10416666666667,4.008134375,3.879340277777778,226131.4,4.0,Pallet racking,4.0,0,12.763157894736842
PH10237,23724784,2026-10-16,FOC,1117,2026-02-28,Ciprofloxacin 500mg Tablets 30s,Venrick Laboratories,Pharma,Tablets,Below 25C,240.0,52.5,31.3,26.2,0.04305,8.8,10.12,6.0,4.0,24.0,119.8,236.2,1.0332,4.654166666666667,0.200361875,0.19392361111111112,11304.039999999999,1.0,Shelving,0.0,1,7.565789473684211
PH10238,23871272,2027-07-09,Saleable,1478,2026-02-28,Bisoprolol 2.5mg Tablets 100s,Venrick Laboratories,Pharma,Tablets,Below 25C,120.0,50.2,29.3,27.4,0.0403,6.31,14.35,6.0,4.0,24.0,124.6,176.44,0.9672,12.316666666666666,0.4963616666666667,0.5131944444444444,21209.3,1.0,Pallet racking,1.0,0,16.315789473684212
PH10238,23898147,2028-02-21,Saleable,5928,2026-02-28,Bisoprolol 2.5mg Tablets 100s,Venrick Laboratories,Pharma,Tablets,Below 25C,120.0,50.2,29.3,27.4,0.0403,6.31,14.35,6.0,4.0,24.0,124.6,176.44,0.9672,49.4,1.99082,2.058333333333333,85066.8,3.0,Pallet racking,3.0,0,23.782894736842106
PH10239,23968622,2028-10-24,Saleable,2083,2026-02-28,Esomeprazole 20mg Tablets 100s,Arcadine Pharma,Pharma,Tablets,Below 25C,100.0,45.1,38.7,25.8,0.04503,7.54,15.58,6.0,5.0,30.0,144.0,251.2,1.3509,20.83,0.9379749,0.6943333333333332,32453.14,1.0,Pallet racking,1.0,0,31.875
PH10239,23964678,2028-03-22,Saleable,1179,2026-02-28,Esomeprazole 20mg Tablets 100s,Arcadine Pharma,Pharma,Tablets,Below 25C,100.0,45.1,38.7,25.8,0.04503,7.54,15.58,6.0,5.0,30.0,144.0,251.2,1.3509,11.79,0.5309037,0.39299999999999996,18368.82,1.0,Pallet racking,1.0,0,24.769736842105264
PH10240,24055538,2027-04-21,Saleable,1906,2026-02-28,Esomeprazole 40mg Tablets 10x10,Corvane Pharma,Pharma,Tablets,Below 25C,180.0,50.5,34.3,20.5,0.03551,8.13,24.86,4.0,7.0,28.0,158.5,252.64,0.99428,10.588888888888889,0.37601144444444445,0.37817460317460316,47383.159999999996,1.0,Pallet racking,1.0,0,13.717105263157896
PH10241,24180883,2028-08-30,Saleable,3465,2026-02-28,Escitalopram 10mg Tablets 10x10,Marwick Pharmaceuticals,Pharma,Tablets,Below 25C,60.0,51.6,28.3,32.0,0.04673,8.88,23.68,5.0,3.0,15.0,111.0,158.20000000000002,0.70095,57.75,2.6986575,3.85,82051.2,4.0,Pallet racking,4.0,0,30.065789473684212
PH10242,24292358,2028-09-02,Saleable,3454,2026-02-28,Escitalopram 10mg Tablets 2x14,Corvane Pharma,Pharma,Tablets,Below 25C,60.0,50.4,29.7,21.9,0.03278,5.67,22.03,6.0,5.0,30.0,124.5,195.1,0.9834,57.56666666666667,1.8870353333333332,1.918888888888889,76091.62000000001,2.0,Pallet racking,2.0,0,30.164473684210527
PH10243,24397718,2027-06-07,Saleable,1611,2026-02-28,Azithromycin 250mg Tablets 2x14,Arcadine Pharma,Pharma,Tablets,Below 25C,60.0,48.3,33.9,25.4,0.04159,8.74,6.06,6.0,5.0,30.0,142.0,287.2,1.2477,26.85,1.1166915000000002,0.895,9762.66,1.0,Pallet racking,1.0,0,15.263157894736842
PH10243,24343177,2028-12-07,Saleable,357,2026-02-28,Azithromycin 250mg Tablets 2x14,Arcadine Pharma,Pharma,Tablets,Below 25C,60.0,48.3,33.9,25.4,0.04159,8.74,6.06,6.0,5.0,30.0,142.0,287.2,1.2477,5.95,0.24746050000000003,0.19833333333333333,2163.42,1.0,Shelving,0.0,1,33.32236842105263
PH10243,24346991,2028-12-14,Saleable,87,2026-02-28,Azithromycin 250mg Tablets 2x14,Arcadine Pharma,Pharma,Tablets,Below 25C,60.0,48.3,33.9,25.4,0.04159,8.74,6.06,6.0,5.0,30.0,142.0,287.2,1.2477,1.45,0.0603055,0.04833333333333333,527.2199999999999,1.0,Shelving,0.0,1,33.55263157894737
PH10243,24395955,2028-04-13,Saleable,78,2026-02-28,Azithromycin 250mg Tablets 2x14,Arcadine Pharma,Pharma,Tablets,Below 25C,60.0,48.3,33.9,25.4,0.04159,8.74,6.06,6.0,5.0,30.0,142.0,287.2,1.2477,1.3,0.054067000000000004,0.043333333333333335,472.67999999999995,1.0,Shelving,0.0,1,25.49342105263158
PH10244,24466434,2027-03-02,Saleable,2369,2026-02-28,Furosemide 40mg Tablets 2x14,Marwick Pharmaceuticals,Pharma,Tablets,Below 25C,240.0,34.4,25.5,26.1,0.02289,3.94,15.28,9.0,2.0,18.0,67.2,95.92,0.41202,9.870833333333334,0.225943375,0.5483796296296296,36198.32,1.0,Shelving,0.0,1,12.072368421052632
PH10244,24431709,2029-01-11,Saleable,726,2026-02-28,Furosemide 40mg Tablets 2x14,Marwick Pharmaceuticals,Pharma,Tablets,Below 25C,240.0,34.4,25.5,26.1,0.02289,3.94,15.28,9.0,2.0,18.0,67.2,95.92,0.41202,3.025,0.06924225,0.16805555555555554,11093.279999999999,1.0,Shelving,0.0,1,34.473684210526315
PH10244,24426117,2027-12-25,Saleable,873,2026-02-28,Furosemide 40mg Tablets 2x14,Marwick Pharmaceuticals,Pharma,Tablets,Below 25C,240.0,34.4,25.5,26.1,0.02289,3.94,15.28,9.0,2.0,18.0,67.2,95.92,0.41202,3.6375,0.083262375,0.20208333333333334,13339.439999999999,1.0,Shelving,0.0,1,21.875
PH10244,24457422,2027-03-03,Sample,79,2026-02-28,Furosemide 40mg Tablets 2x14,Marwick Pharmaceuticals,Pharma,Tablets,Below 25C,240.0,34.4,25.5,26.1,0.02289,3.94,15.28,9.0,2.0,18.0,67.2,95.92,0.41202,0.32916666666666666,0.0075346250000000005,0.018287037037037036,1207.12,1.0,Shelving,0.0,1,12.105263157894738
PH10245,24590366,2026-09-01,Saleable,5027,2026-02-28,Warfarin 5mg Tablets 3x10,Marwick Pharmaceuticals,Pharma,Tablets,Below 25C,180.0,58.3,37.1,30.5,0.06597,19.64,10.01,4.0,3.0,12.0,106.5,260.68,0.79164,27.927777777777777,1.8423955,2.3273148148148146,50320.27,3.0,Pallet racking,3.0,0,6.085526315789474
PH10245,24529331,2027-08-19,Saleable,16977,2026-02-28,Warfarin 5mg Tablets 3x10,Marwick Pharmaceuticals,Pharma,Tablets,Below 25C,180.0,58.3,37.1,30.5,0.06597,19.64,10.01,4.0,3.0,12.0,106.5,260.68,0.79164,94.31666666666666,6.2220705,7.859722222222222,169939.77,8.0,Pallet racking,8.0,0,17.664473684210527
PH10245,24554838,2028-01-17,Saleable,10481,2026-02-28,Warfarin 5mg Tablets 3x10,Marwick Pharmaceuticals,Pharma,Tablets,Below 25C,180.0,58.3,37.1,30.5,0.06597,19.64,10.01,4.0,3.0,12.0,106.5,260.68,0.79164,58.227777777777774,3.8412865,4.8523148148148145,104914.81,5.0,Pallet racking,5.0,0,22.63157894736842
PH10245,24541630,2028-10-27,Saleable,586,2026-02-28,Warfarin 5mg Tablets 3x10,Marwick Pharmaceuticals,Pharma,Tablets,Below 25C,180.0,58.3,37.1,30.5,0.06597,19.64,10.01,4.0,3.0,12.0,106.5,260.68,0.79164,3.2555555555555555,0.214769,0.2712962962962963,5865.86,1.0,Shelving,0.0,1,31.97368421052632
PH10245,24539442,2027-02-12,Sample,661,2026-02-28,Warfarin 5mg Tablets 3x10,Marwick Pharmaceuticals,Pharma,Tablets,Below 25C,180.0,58.3,37.1,30.5,0.06597,19.64,10.01,4.0,3.0,12.0,106.5,260.68,0.79164,3.672222222222222,0.24225649999999999,0.3060185185185185,6616.61,1.0,Shelving,0.0,1,11.480263157894738
PH10246,24654867,2028-10-07,Saleable,4886,2026-02-28,Metoprolol 100mg Tablets 3x10,Halvora Healthcare,Pharma,Tablets,Below 25C,100.0,35.2,36.4,17.4,0.02229,6.31,7.55,5.0,8.0,40.0,154.2,277.4,0.8916000000000001,48.86,1.0890894,1.2215,36889.299999999996,2.0,Pallet racking,2.0,0,31.315789473684212
PH10247,24760341,2027-03-07,Saleable,8,2026-02-28,Prednisolone 5mg Tablets 30s,Arcadine Pharma,Pharma,Tablets,Below 25C,60.0,47.2,38.5,23.1,0.04198,10.47,15.54,6.0,5.0,30.0,130.5,339.1,1.2594,0.13333333333333333,0.0055973333333333335,0.0044444444444444444,124.32,1.0,Shelving,0.0,1,12.23684210526316
PH10248,24844705,2028-04-28,Saleable,59938,2026-02-28,Prednisolone 5mg Tablets 10x10,Halvora Healthcare,Pharma,Tablets,Below 25C,240.0,54.0,26.8,32.6,0.04718,9.47,25.0,6.0,3.0,18.0,112.8,195.46,0.84924,249.74166666666667,11.782811833333334,13.874537037037037,1498450.0,14.0,Pallet racking,14.0,0,25.986842105263158
PH10249,24919940,2028-04-08,Saleable,11019,2026-02-28,Sertraline 100mg Tablets 3x10,Venrick Laboratories,Pharma,Tablets,Below 25C,100.0,38.6,31.9,31.7,0.03903,10.96,2.34,8.0,3.0,24.0,110.1,288.04,0.93672,110.19,4.3007157000000005,4.59125,25784.46,5.0,Pallet racking,5.0,0,25.328947368421055
PH10250,25084666,2028-10-29,Saleable,5865,2026-02-28,Levothyroxine 100mcg Tablets 100s,Dunmore Therapeutics,Pharma,Tablets,Below 25C,240.0,51.7,26.6,18.4,0.025304048,5.5,22.07,6.0,5.0,30.0,107.0,190.0,0.75912144,24.4375,0.618367673,0.8145833333333333,129440.55,1.0,Pallet racking,1.0,0,32.03947368421053
PH10250,25075266,2028-07-22,Saleable,2719,2026-02-28,Levothyroxine 100mcg Tablets 100s,Dunmore Therapeutics,Pharma,Tablets,Below 25C,240.0,51.7,26.6,18.4,0.025304048,5.5,22.07,6.0,5.0,30.0,107.0,190.0,0.75912144,11.329166666666667,0.28667377713333336,0.3776388888888889,60008.33,1.0,Pallet racking,1.0,0,28.782894736842106
PH10250,25040493,2026-12-13,Saleable,2536,2026-02-28,Levothyroxine 100mcg Tablets 100s,Dunmore Therapeutics,Pharma,Tablets,Below 25C,240.0,51.7,26.6,18.4,0.025304048,5.5,22.07,6.0,5.0,30.0,107.0,190.0,0.75912144,10.566666666666666,0.26737944053333335,0.3522222222222222,55969.520000000004,1.0,Pallet racking,1.0,0,9.473684210526317
PH10251,25151165,2028-11-19,Saleable,1969,2026-02-28,Rosuvastatin 5mg Tablets 100s,Marwick Pharmaceuticals,Pharma,Tablets,Below 25C,180.0,42.4,36.0,17.2,0.02625,5.2,7.67,6.0,5.0,30.0,101.0,181.0,0.7875,10.938888888888888,0.2871458333333333,0.3646296296296296,15102.23,1.0,Pallet racking,1.0,0,32.73026315789474
PH10251,25179513,2026-09-26,FOC,98,2026-02-28,Rosuvastatin 5mg Tablets 100s,Marwick Pharmaceuticals,Pharma,Tablets,Below 25C,180.0,42.4,36.0,17.2,0.02625,5.2,7.67,6.0,5.0,30.0,101.0,181.0,0.7875,0.5444444444444444,0.014291666666666664,0.018148148148148146,751.66,1.0,Shelving,0.0,1,6.907894736842105
PH10252,25298713,2027-09-10,Saleable,4507,2026-02-28,Amlodipine 5mg Tablets 3x10,Arcadine Pharma,Pharma,Tablets,Below 25C,240.0,52.0,38.0,31.7,0.06264,17.4,10.1,3.0,4.0,12.0,141.8,233.8,0.75168,18.779166666666665,1.176327,1.5649305555555555,45520.7,2.0,Pallet racking,2.0,0,18.388157894736842
PH10253,25324361,2028-11-30,Saleable,59229,2026-02-28,Metoprolol 50mg Tablets 10x10,Halvora Healthcare,Pharma,Tablets,Below 25C,240.0,47.1,26.5,19.2,0.02396,3.92,24.76,8.0,5.0,40.0,111.0,181.8,0.9584,246.7875,5.913028499999999,6.1696875,1466510.04,7.0,Pallet racking,7.0,0,33.0921052631579
PH10253,25376841,2028-11-02,Saleable,4700,2026-02-28,Metoprolol 50mg Tablets 10x10,Halvora Healthcare,Pharma,Tablets,Below 25C,240.0,47.1,26.5,19.2,0.02396,3.92,24.76,8.0,5.0,40.0,111.0,181.8,0.9584,19.583333333333332,0.4692166666666666,0.4895833333333333,116372.00000000001,1.0,Pallet racking,1.0,0,32.17105263157895
PH10254,25494914,2028-10-18,Saleable,1462,2026-02-28,Gliclazide 80mg Tablets 100s,Marwick Pharmaceuticals,Pharma,Tablets,Below 25C,120.0,57.1,32.8,31.5,0.059,10.04,16.62,6.0,4.0,24.0,141.0,265.96,1.416,12.183333333333334,0.7188166666666667,0.5076388888888889,24298.440000000002,1.0,Pallet racking,1.0,0,31.67763157894737
PH10254,25442919,2028-01-04,Saleable,1615,2026-02-28,Gliclazide 80mg Tablets 100s,Marwick Pharmaceuticals,Pharma,Tablets,Below 25C,120.0,57.1,32.8,31.5,0.059,10.04,16.62,6.0,4.0,24.0,141.0,265.96,1.416,13.458333333333334,0.7940416666666666,0.560763888888889,26841.300000000003,1.0,Pallet racking,1.0,0,22.203947368421055
PH10254,25411436,2025-08-30,Expired,246,2026-02-28,Gliclazide 80mg Tablets 100s,Marwick Pharmaceuticals,Pharma,Tablets,Below 25C,120.0,57.1,32.8,31.5,0.059,10.04,16.62,6.0,4.0,24.0,141.0,265.96,1.416,2.05,0.12094999999999999,0.08541666666666665,4088.5200000000004,1.0,Quarantine,0.0,0,-5.986842105263158
PH10255,25519320,2026-11-25,Saleable,2873,2026-02-28,Diclofenac 50mg Tablets 100s,Corvane Pharma,Pharma,Tablets,Below 25C,120.0,55.3,25.9,16.7,0.02392,3.92,19.34,6.0,5.0,30.0,98.5,142.6,0.7176,23.941666666666666,0.5726846666666666,0.7980555555555555,55563.82,1.0,Pallet racking,1.0,0,8.881578947368421
PH10255,25540916,2028-01-13,Saleable,3875,2026-02-28,Diclofenac 50mg Tablets 100s,Corvane Pharma,Pharma,Tablets,Below 25C,120.0,55.3,25.9,16.7,0.02392,3.92,19.34,6.0,5.0,30.0,98.5,142.6,0.7176,32.291666666666664,0.7724166666666666,1.0763888888888888,74942.5,2.0,Pallet racking,2.0,0,22.5
PH10255,25594734,2028-10-21,Saleable,2210,2026-02-28,Diclofenac 50mg Tablets 100s,Corvane Pharma,Pharma,Tablets,Below 25C,120.0,55.3,25.9,16.7,0.02392,3.92,19.34,6.0,5.0,30.0,98.5,142.6,0.7176,18.416666666666668,0.4405266666666667,0.6138888888888889,42741.4,1.0,Pallet racking,1.0,0,31.776315789473685
PH10255,25540850,2028-12-24,Saleable,2691,2026-02-28,Diclofenac 50mg Tablets 100s,Corvane Pharma,Pharma,Tablets,Below 25C,120.0,55.3,25.9,16.7,0.02392,3.92,19.34,6.0,5.0,30.0,98.5,142.6,0.7176,22.425,0.536406,0.7475,52043.94,1.0,Pallet racking,1.0,0,33.881578947368425
PH10255,25553652,2027-03-05,Saleable,687,2026-02-28,Diclofenac 50mg Tablets 100s,Corvane Pharma,Pharma,Tablets,Below 25C,120.0,55.3,25.9,16.7,0.02392,3.92,19.34,6.0,5.0,30.0,98.5,142.6,0.7176,5.725,0.13694199999999998,0.19083333333333333,13286.58,1.0,Shelving,0.0,1,12.171052631578949
PH10256,25622468,2026-12-06,Saleable,9392,2026-02-28,Telmisartan 80mg Tablets 10x10,Halvora Healthcare,Pharma,Tablets,Below 25C,120.0,37.3,40.0,20.8,0.03103,6.79,10.0,6.0,7.0,42.0,160.6,310.18,1.30326,78.26666666666667,2.4286146666666664,1.8634920634920635,93920.0,2.0,Pallet racking,2.0,0,9.243421052631579
PH10256,25699482,2027-08-05,Saleable,16169,2026-02-28,Telmisartan 80mg Tablets 10x10,Halvora Healthcare,Pharma,Tablets,Below 25C,120.0,37.3,40.0,20.8,0.03103,6.79,10.0,6.0,7.0,42.0,160.6,310.18,1.30326,134.74166666666667,4.181033916666666,3.208134920634921,161690.0,4.0,Pallet racking,4.0,0,17.203947368421055
PH10256,25639727,2027-11-21,Saleable,2541,2026-02-28,Telmisartan 80mg Tablets 10x10,Halvora Healthcare,Pharma,Tablets,Below 25C,120.0,37.3,40.0,20.8,0.03103,6.79,10.0,6.0,7.0,42.0,160.6,310.18,1.30326,21.175,0.65706025,0.5041666666666667,25410.0,1.0,Pallet racking,1.0,0,20.75657894736842
PH10256,25661113,2027-01-15,Saleable,9957,2026-02-28,Telmisartan 80mg Tablets 10x10,Halvora Healthcare,Pharma,Tablets,Below 25C,120.0,37.3,40.0,20.8,0.03103,6.79,10.0,6.0,7.0,42.0,160.6,310.18,1.30326,82.975,2.5747142499999995,1.975595238095238,99570.0,2.0,Pallet racking,2.0,0,10.55921052631579
PH10257,25750365,2026-08-11,Saleable,31830,2026-02-28,Prednisolone 5mg Tablets 100s,Corvane Pharma,Pharma,Tablets,Below 25C,240.0,49.8,30.0,19.7,0.02943,6.89,16.56,8.0,4.0,32.0,93.8,245.48,0.94176,132.625,3.90315375,4.14453125,527104.7999999999,5.0,Pallet racking,5.0,0,5.394736842105264
PH10257,25724165,2027-12-09,FOC,1591,2026-02-28,Prednisolone 5mg Tablets 100s,Corvane Pharma,Pharma,Tablets,Below 25C,240.0,49.8,30.0,19.7,0.02943,6.89,16.56,8.0,4.0,32.0,93.8,245.48,0.94176,6.629166666666666,0.195096375,0.20716145833333333,26346.96,1.0,Shelving,0.0,1,21.348684210526315
PH10258,25819947,2028-01-08,Saleable,660,2026-02-28,Carvedilol 6.25mg Tablets 2x14,Marwick Pharmaceuticals,Pharma,Tablets,Below 25C,120.0,58.0,30.8,30.0,0.05359,11.82,11.32,6.0,2.0,12.0,75.0,166.84,0.64308,5.5,0.294745,0.4583333333333333,7471.2,1.0,Pallet racking,1.0,0,22.335526315789476
PH10259,25965108,2028-01-23,Saleable,1161,2026-02-28,Glimepiride 2mg Tablets 2x14,Arcadine Pharma,Pharma,Tablets,Below 25C,240.0,55.2,25.4,29.7,0.04164,6.37,16.08,6.0,3.0,18.0,104.1,139.66,0.7495200000000001,4.8375,0.20143350000000004,0.26875000000000004,18668.879999999997,1.0,Shelving,0.0,1,22.828947368421055
PH10260,26029631,2027-10-21,Saleable,1530,2026-02-28,Clopidogrel 75mg Tablets 100s,Halvora Healthcare,Pharma,Tablets,Below 25C,100.0,42.2,26.4,30.9,0.03443,6.71,20.48,6.0,4.0,24.0,138.6,186.04,0.82632,15.3,0.5267790000000001,0.6375000000000001,31334.4,1.0,Pallet racking,1.0,0,19.736842105263158
PH10261,26167568,2028-11-11,Saleable,2209,2026-02-28,Fish Oil Omega-3 1000mg Capsules 10x10,Venrick Laboratories,Pharma,Capsules,Below 25C,120.0,52.1,25.4,21.1,0.02792,7.13,21.25,6.0,5.0,30.0,120.5,238.9,0.8376,18.408333333333335,0.5139606666666667,0.6136111111111112,46941.25,1.0,Pallet racking,1.0,0,32.4671052631579
PH10262,26279410,2027-09-22,Saleable,2460,2026-02-28,Itraconazole 100mg Capsules 2x14,Marwick Pharmaceuticals,Pharma,Capsules,Below 25C,120.0,37.0,35.8,29.1,0.03855,8.86,9.57,6.0,2.0,12.0,73.2,131.32,0.4626,20.5,0.7902750000000001,1.7083333333333333,23542.2,2.0,Pallet racking,2.0,0,18.782894736842106
PH10263,26320922,2026-06-20,Saleable,1578,2026-02-28,Fluoxetine 20mg Capsules 60s,Venrick Laboratories,Pharma,Capsules,Below 25C,100.0,38.4,30.6,27.6,0.03243,5.37,27.66,9.0,3.0,27.0,97.8,169.99,0.87561,15.78,0.5117454,0.5844444444444444,43647.48,1.0,Pallet racking,1.0,0,3.68421052631579
PH10263,26399491,2026-11-21,Damaged,47,2026-02-28,Fluoxetine 20mg Capsules 60s,Venrick Laboratories,Pharma,Capsules,Below 25C,100.0,38.4,30.6,27.6,0.03243,5.37,27.66,9.0,3.0,27.0,97.8,169.99,0.87561,0.47,0.0152421,0.017407407407407406,1300.02,1.0,Quarantine,0.0,0,8.75
PH10264,26435667,2027-09-04,Saleable,5541,2026-02-28,Vitamin D3 1000IU Capsules 30s,Corvane Pharma,Pharma,Capsules,Below 25C,60.0,44.9,39.2,20.8,0.03661,6.19,10.6,5.0,7.0,35.0,160.6,241.65,1.28135,92.35,3.3809334999999994,2.6385714285714283,58734.6,3.0,Pallet racking,3.0,0,18.190789473684212
PH10264,26464306,2026-10-20,Sample,110,2026-02-28,Vitamin D3 1000IU Capsules 30s,Corvane Pharma,Pharma,Capsules,Below 25C,60.0,44.9,39.2,20.8,0.03661,6.19,10.6,5.0,7.0,35.0,160.6,241.65,1.28135,1.8333333333333333,0.06711833333333332,0.05238095238095238,1166.0,1.0,Shelving,0.0,1,7.697368421052632
PH10265,26573500,2028-05-13,Saleable,1768,2026-02-28,Cefalexin 500mg Capsules 30s,Venrick Laboratories,Pharma,Capsules,Below 25C,100.0,40.3,36.3,23.1,0.03379,9.45,16.52,6.0,3.0,18.0,84.30000000000001,195.1,0.60822,17.68,0.5974072,0.9822222222222222,29207.36,1.0,Pallet racking,1.0,0,26.48026315789474
PH10266,26673039,2027-09-19,Saleable,610,2026-02-28,Itraconazole 100mg Capsules 60s,Venrick Laboratories,Pharma,Capsules,Below 25C,200.0,43.5,25.1,26.4,0.02882,4.56,4.54,8.0,3.0,24.0,94.2,134.44,0.69168,3.05,0.08790099999999999,0.12708333333333333,2769.4,1.0,Shelving,0.0,1,18.68421052631579
PH10266,26631912,2028-06-20,Saleable,3313,2026-02-28,Itraconazole 100mg Capsules 60s,Venrick Laboratories,Pharma,Capsules,Below 25C,200.0,43.5,25.1,26.4,0.02882,4.56,4.54,8.0,3.0,24.0,94.2,134.44,0.69168,16.565,0.47740330000000003,0.6902083333333334,15041.02,1.0,Pallet racking,1.0,0,27.73026315789474
PH10267,26791358,2027-10-08,Saleable,109,2026-02-28,Pregabalin 150mg Capsules 2x14,Solandra Health,Pharma,Capsules,Below 25C,60.0,40.7,33.5,16.2,0.02209,5.53,20.66,6.0,5.0,30.0,96.0,190.9,0.6627,1.8166666666666667,0.04013016666666666,0.06055555555555556,2251.94,1.0,Shelving,0.0,1,19.30921052631579
PH10267,26734829,2028-04-13,Saleable,50,2026-02-28,Pregabalin 150mg Capsules 2x14,Solandra Health,Pharma,Capsules,Below 25C,60.0,40.7,33.5,16.2,0.02209,5.53,20.66,6.0,5.0,30.0,96.0,190.9,0.6627,0.8333333333333334,0.018408333333333332,0.02777777777777778,1033.0,1.0,Shelving,0.0,1,25.49342105263158
PH10267,26718578,2027-01-22,FOC,8,2026-02-28,Pregabalin 150mg Capsules 2x14,Solandra Health,Pharma,Capsules,Below 25C,60.0,40.7,33.5,16.2,0.02209,5.53,20.66,6.0,5.0,30.0,96.0,190.9,0.6627,0.13333333333333333,0.0029453333333333332,0.0044444444444444444,165.28,1.0,Shelving,0.0,1,10.789473684210527
PH10268,26865149,2028-01-19,Saleable,1399,2026-02-28,Fluoxetine 20mg Capsules 30s,Venrick Laboratories,Pharma,Capsules,Below 25C,60.0,51.2,38.6,29.8,0.05889,8.37,15.79,4.0,2.0,8.0,74.6,91.96,0.47112,23.316666666666666,1.3731185,2.9145833333333333,22090.21,3.0,Pallet racking,3.0,0,22.697368421052634
PH10268,26829030,2028-12-05,Saleable,521,2026-02-28,Fluoxetine 20mg Capsules 30s,Venrick Laboratories,Pharma,Capsules,Below 25C,60.0,51.2,38.6,29.8,0.05889,8.37,15.79,4.0,2.0,8.0,74.6,91.96,0.47112,8.683333333333334,0.5113615,1.0854166666666667,8226.59,2.0,Pallet racking,2.0,0,33.256578947368425
PH10269,26930475,2027-11-01,Saleable,175,2026-02-28,Cefalexin 250mg Capsules 3x10,Corvane Pharma,Pharma,Capsules,Below 25C,200.0,37.0,25.9,24.3,0.02329,4.62,20.7,9.0,5.0,45.0,136.5,232.9,1.04805,0.875,0.02037875,0.019444444444444445,3622.5,1.0,Shelving,0.0,1,20.098684210526315
PH10269,26999202,2027-09-14,Saleable,504,2026-02-28,Cefalexin 250mg Capsules 3x10,Corvane Pharma,Pharma,Capsules,Below 25C,200.0,37.0,25.9,24.3,0.02329,4.62,20.7,9.0,5.0,45.0,136.5,232.9,1.04805,2.52,0.0586908,0.056,10432.8,1.0,Shelving,0.0,1,18.519736842105264
PH10269,26980957,2029-02-02,Saleable,933,2026-02-28,Cefalexin 250mg Capsules 3x10,Corvane Pharma,Pharma,Capsules,Below 25C,200.0,37.0,25.9,24.3,0.02329,4.62,20.7,9.0,5.0,45.0,136.5,232.9,1.04805,4.665,0.10864785,0.10366666666666667,19313.1,1.0,Shelving,0.0,1,35.19736842105263
PH10270,27075419,2027-12-21,Saleable,71587,2026-02-28,Doxycycline 100mg Capsules 10x10,Corvane Pharma,Pharma,Capsules,Below 25C,200.0,30.2,30.3,16.7,0.01528,3.19,23.99,9.0,6.0,54.0,115.2,197.26,0.82512,357.935,5.4692468000000005,6.628425925925926,1717372.13,7.0,Pallet racking,7.0,0,21.74342105263158
PH10271,27135739,2028-10-13,Saleable,74,2026-02-28,Vitamin D3 1000IU Capsules 10x10,Venrick Laboratories,Pharma,Capsules,Below 25C,120.0,48.3,39.8,28.5,0.05479,7.81,23.66,6.0,3.0,18.0,100.5,165.57999999999998,0.98622,0.6166666666666667,0.03378716666666667,0.03425925925925926,1750.84,1.0,Shelving,0.0,1,31.513157894736842
PH10271,27187899,2026-09-08,Saleable,8,2026-02-28,Vitamin D3 1000IU Capsules 10x10,Venrick Laboratories,Pharma,Capsules,Below 25C,120.0,48.3,39.8,28.5,0.05479,7.81,23.66,6.0,3.0,18.0,100.5,165.57999999999998,0.98622,0.06666666666666667,0.0036526666666666665,0.003703703703703704,189.28,1.0,Shelving,0.0,1,6.315789473684211
PH10271,27112266,2027-09-23,Saleable,36,2026-02-28,Vitamin D3 1000IU Capsules 10x10,Venrick Laboratories,Pharma,Capsules,Below 25C,120.0,48.3,39.8,28.5,0.05479,7.81,23.66,6.0,3.0,18.0,100.5,165.57999999999998,0.98622,0.3,0.016437,0.016666666666666666,851.76,1.0,Shelving,0.0,1,18.815789473684212
PH10272,27217494,2028-07-20,Saleable,1515,2026-02-28,Amoxicillin 500mg Capsules 10x10,Solandra Health,Pharma,Capsules,Below 25C,120.0,45.4,39.0,17.8,0.03152,4.7,20.09,6.0,6.0,36.0,121.8,194.2,1.13472,12.625,0.39794,0.3506944444444444,30436.35,1.0,Pallet racking,1.0,0,28.717105263157897
PH10273,27379451,2028-05-30,Saleable,13,2026-02-28,Amoxicillin 250mg Capsules 30s,Corvane Pharma,Pharma,Capsules,Below 25C,100.0,38.1,33.0,20.7,0.02603,4.69,12.02,9.0,5.0,45.0,118.5,236.05,1.17135,0.13,0.0033839000000000004,0.002888888888888889,156.26,1.0,Shelving,0.0,1,27.039473684210527
PH10273,27311706,2026-06-01,Saleable,155,2026-02-28,Amoxicillin 250mg Capsules 30s,Corvane Pharma,Pharma,Capsules,Below 25C,100.0,38.1,33.0,20.7,0.02603,4.69,12.02,9.0,5.0,45.0,118.5,236.05,1.17135,1.55,0.0403465,0.034444444444444444,1863.1,1.0,Shelving,0.0,1,3.05921052631579
PH10273,27329840,2026-04-08,Damaged,5,2026-02-28,Amoxicillin 250mg Capsules 30s,Corvane Pharma,Pharma,Capsules,Below 25C,100.0,38.1,33.0,20.7,0.02603,4.69,12.02,9.0,5.0,45.0,118.5,236.05,1.17135,0.05,0.0013015000000000001,0.0011111111111111111,60.099999999999994,1.0,Quarantine,0.0,0,1.2828947368421053
PH10274,27411314,2029-02-07,Saleable,696,2026-02-28,Amoxicillin 250mg Capsules 2x14,Solandra Health,Pharma,Capsules,Below 25C,200.0,49.1,31.8,25.5,0.03982,8.91,24.28,6.0,5.0,30.0,142.5,292.3,1.1946,3.48,0.1385736,0.116,16898.88,1.0,Shelving,0.0,1,35.36184210526316
PH10274,27442523,2026-11-10,Saleable,1865,2026-02-28,Amoxicillin 250mg Capsules 2x14,Solandra Health,Pharma,Capsules,Below 25C,200.0,49.1,31.8,25.5,0.03982,8.91,24.28,6.0,5.0,30.0,142.5,292.3,1.1946,9.325,0.37132149999999997,0.3108333333333333,45282.200000000004,1.0,Pallet racking,1.0,0,8.388157894736842
PH10274,27484093,2027-11-17,Saleable,3720,2026-02-28,Amoxicillin 250mg Capsules 2x14,Solandra Health,Pharma,Capsules,Below 25C,200.0,49.1,31.8,25.5,0.03982,8.91,24.28,6.0,5.0,30.0,142.5,292.3,1.1946,18.6,0.7406520000000001,0.62,90321.6,1.0,Pallet racking,1.0,0,20.625
PH10274,27485610,2027-05-01,Saleable,948,2026-02-28,Amoxicillin 250mg Capsules 2x14,Solandra Health,Pharma,Capsules,Below 25C,200.0,49.1,31.8,25.5,0.03982,8.91,24.28,6.0,5.0,30.0,142.5,292.3,1.1946,4.74,0.18874680000000002,0.158,23017.440000000002,1.0,Shelving,0.0,1,14.046052631578949
PH10274,27419127,2025-03-05,Expired,578,2026-02-28,Amoxicillin 250mg Capsules 2x14,Solandra Health,Pharma,Capsules,Below 25C,200.0,49.1,31.8,25.5,0.03982,8.91,24.28,6.0,5.0,30.0,142.5,292.3,1.1946,2.89,0.11507980000000001,0.09633333333333334,14033.84,1.0,Quarantine,0.0,0,-11.842105263157896
PH10275,27583127,2027-07-16,Saleable,2520,2026-02-28,Gabapentin 300mg Capsules 30s,Marwick Pharmaceuticals,Pharma,Capsules,Below 25C,60.0,34.6,37.6,18.7,0.02433,6.22,19.05,6.0,3.0,18.0,71.1,136.95999999999998,0.43794,42.0,1.02186,2.3333333333333335,48006.0,3.0,Pallet racking,3.0,0,16.54605263157895
PH10275,27537621,2026-08-09,Saleable,261,2026-02-28,Gabapentin 300mg Capsules 30s,Marwick Pharmaceuticals,Pharma,Capsules,Below 25C,60.0,34.6,37.6,18.7,0.02433,6.22,19.05,6.0,3.0,18.0,71.1,136.95999999999998,0.43794,4.35,0.1058355,0.24166666666666664,4972.05,1.0,Shelving,0.0,1,5.328947368421053
PH10276,27635274,2027-10-11,Saleable,409,2026-02-28,Doxycycline 100mg Capsules 3x10,Corvane Pharma,Pharma,Capsules,Below 25C,100.0,53.7,29.2,25.5,0.03999,8.48,27.32,6.0,5.0,30.0,142.5,279.4,1.1997,4.09,0.16355909999999999,0.13633333333333333,11173.880000000001,1.0,Shelving,0.0,1,19.407894736842106
PH10276,27660720,2027-01-30,Saleable,455,2026-02-28,Doxycycline 100mg Capsules 3x10,Corvane Pharma,Pharma,Capsules,Below 25C,100.0,53.7,29.2,25.5,0.03999,8.48,27.32,6.0,5.0,30.0,142.5,279.4,1.1997,4.55,0.1819545,0.15166666666666667,12430.6,1.0,Shelving,0.0,1,11.052631578947368
PH10277,27739657,2028-03-24,Saleable,1768,2026-02-28,Tamsulosin 400mcg Capsules 30s,Corvane Pharma,Pharma,Capsules,Below 25C,120.0,41.8,33.4,29.3,0.04091,9.54,13.24,6.0,5.0,30.0,161.5,311.2,1.2273,14.733333333333333,0.6027406666666667,0.4911111111111111,23408.32,1.0,Pallet racking,1.0,0,24.835526315789476
PH10278,27823620,2026-06-24,Saleable,12,2026-02-28,Itraconazole 100mg Capsules 10x10,Marwick Pharmaceuticals,Pharma,Capsules,Below 25C,200.0,51.7,39.5,20.8,0.04248,9.07,8.58,3.0,4.0,12.0,98.2,133.84,0.50976,0.06,0.0025488,0.005,102.96000000000001,1.0,Shelving,0.0,1,3.8157894736842106
PH10279,27932873,2027-09-01,Saleable,574,2026-02-28,Amoxicillin 500mg Capsules 3x10,Marwick Pharmaceuticals,Pharma,Capsules,Below 25C,60.0,52.3,35.1,21.6,0.03965,8.99,6.15,4.0,4.0,16.0,101.4,168.84,0.6344,9.566666666666666,0.3793183333333333,0.5979166666666667,3530.1000000000004,1.0,Pallet racking,1.0,0,18.092105263157897
PH10279,27958254,2026-08-06,Saleable,54,2026-02-28,Amoxicillin 500mg Capsules 3x10,Marwick Pharmaceuticals,Pharma,Capsules,Below 25C,60.0,52.3,35.1,21.6,0.03965,8.99,6.15,4.0,4.0,16.0,101.4,168.84,0.6344,0.9,0.035685,0.05625,332.1,1.0,Shelving,0.0,1,5.230263157894737
PH10279,27957529,2028-09-24,Saleable,79,2026-02-28,Amoxicillin 500mg Capsules 3x10,Marwick Pharmaceuticals,Pharma,Capsules,Below 25C,60.0,52.3,35.1,21.6,0.03965,8.99,6.15,4.0,4.0,16.0,101.4,168.84,0.6344,1.3166666666666667,0.052205833333333326,0.08229166666666667,485.85,1.0,Shelving,0.0,1,30.888157894736842
PH10279,27984895,2028-10-01,Saleable,335,2026-02-28,Amoxicillin 500mg Capsules 3x10,Marwick Pharmaceuticals,Pharma,Capsules,Below 25C,60.0,52.3,35.1,21.6,0.03965,8.99,6.15,4.0,4.0,16.0,101.4,168.84,0.6344,5.583333333333333,0.22137916666666665,0.3489583333333333,2060.25,1.0,Shelving,0.0,1,31.11842105263158
PH10280,28020373,2028-01-02,Saleable,1166,2026-02-28,Tamsulosin 400mcg Capsules 60s,Venrick Laboratories,Pharma,Capsules,Below 25C,100.0,39.8,37.1,17.1,0.02525,6.15,3.88,6.0,4.0,24.0,83.4,172.60000000000002,0.6060000000000001,11.66,0.29441500000000004,0.48583333333333334,4524.08,1.0,Pallet racking,1.0,0,22.138157894736842
PH10280,28057626,2028-06-10,Saleable,3840,2026-02-28,Tamsulosin 400mcg Capsules 60s,Venrick Laboratories,Pharma,Capsules,Below 25C,100.0,39.8,37.1,17.1,0.02525,6.15,3.88,6.0,4.0,24.0,83.4,172.60000000000002,0.6060000000000001,38.4,0.9696,1.5999999999999999,14899.199999999999,2.0,Pallet racking,2.0,0,27.401315789473685
PH10281,28199649,2028-03-01,Saleable,797,2026-02-28,Gabapentin 300mg Capsules 60s,Corvane Pharma,Pharma,Capsules,Below 25C,60.0,50.7,28.9,17.6,0.02579,5.91,27.93,6.0,3.0,18.0,67.80000000000001,131.38,0.46422,13.283333333333333,0.34257716666666665,0.7379629629629629,22260.21,1.0,Pallet racking,1.0,0,24.078947368421055
PH10281,28190896,2028-10-24,Saleable,2085,2026-02-28,Gabapentin 300mg Capsules 60s,Corvane Pharma,Pharma,Capsules,Below 25C,60.0,50.7,28.9,17.6,0.02579,5.91,27.93,6.0,3.0,18.0,67.80000000000001,131.38,0.46422,34.75,0.8962025,1.9305555555555556,58234.05,2.0,Pallet racking,2.0,0,31.875
PH10281,28146507,2027-04-26,Saleable,322,2026-02-28,Gabapentin 300mg Capsules 60s,Corvane Pharma,Pharma,Capsules,Below 25C,60.0,50.7,28.9,17.6,0.02579,5.91,27.93,6.0,3.0,18.0,67.80000000000001,131.38,0.46422,5.366666666666666,0.13840633333333333,0.2981481481481481,8993.46,1.0,Shelving,0.0,1,13.881578947368421
PH10281,28199694,2028-01-07,Saleable,9360,2026-02-28,Gabapentin 300mg Capsules 60s,Corvane Pharma,Pharma,Capsules,Below 25C,60.0,50.7,28.9,17.6,0.02579,5.91,27.93,6.0,3.0,18.0,67.80000000000001,131.38,0.46422,156.0,4.02324,8.666666666666666,261424.8,9.0,Pallet racking,9.0,0,22.30263157894737
PH10282,28295764,2026-07-09,Saleable,1417,2026-02-28,Omeprazole 40mg Capsules 3x10,Corvane Pharma,Pharma,Capsules,Below 25C,120.0,39.7,26.6,19.4,0.02049,5.09,15.97,9.0,4.0,36.0,92.6,208.24,0.7376400000000001,11.808333333333334,0.24195275000000002,0.3280092592592593,22629.49,1.0,Shelving,0.0,1,4.309210526315789
PH10282,28273395,2028-07-23,Saleable,3588,2026-02-28,Omeprazole 40mg Capsules 3x10,Corvane Pharma,Pharma,Capsules,Below 25C,120.0,39.7,26.6,19.4,0.02049,5.09,15.97,9.0,4.0,36.0,92.6,208.24,0.7376400000000001,29.9,0.6126510000000001,0.8305555555555555,57300.36,1.0,Pallet racking,1.0,0,28.815789473684212
PH10282,28271149,2027-05-05,Sample,100,2026-02-28,Omeprazole 40mg Capsules 3x10,Corvane Pharma,Pharma,Capsules,Below 25C,120.0,39.7,26.6,19.4,0.02049,5.09,15.97,9.0,4.0,36.0,92.6,208.24,0.7376400000000001,0.8333333333333334,0.017075000000000003,0.02314814814814815,1597.0,1.0,Shelving,0.0,1,14.17763157894737
PH10283,28330103,2027-01-31,Saleable,13876,2026-02-28,Iron Folic 150mg Capsules 10x10,Corvane Pharma,Pharma,Capsules,Below 25C,120.0,36.6,31.8,25.0,0.0291,7.2,17.2,8.0,4.0,32.0,115.0,255.4,0.9312,115.63333333333334,3.36493,3.613541666666667,238667.19999999998,4.0,Pallet racking,4.0,0,11.085526315789474
PH10284,28495980,2026-11-22,Saleable,2805,2026-02-28,Iron Folic 150mg Capsules 60s,Venrick Laboratories,Pharma,Capsules,Below 25C,60.0,42.2,32.7,20.2,0.02787,4.95,11.45,6.0,5.0,30.0,116.0,173.5,0.8361,46.75,1.3029225,1.5583333333333333,32117.249999999996,2.0,Pallet racking,2.0,0,8.782894736842106
PH10284,28414168,2026-09-17,Sample,56,2026-02-28,Iron Folic 150mg Capsules 60s,Venrick Laboratories,Pharma,Capsules,Below 25C,60.0,42.2,32.7,20.2,0.02787,4.95,11.45,6.0,5.0,30.0,116.0,173.5,0.8361,0.9333333333333333,0.026012,0.03111111111111111,641.1999999999999,1.0,Shelving,0.0,1,6.611842105263158
PH10285,28519200,2027-05-28,Saleable,1384,2026-02-28,Pregabalin 75mg Capsules 2x14,Venrick Laboratories,Pharma,Capsules,Below 25C,120.0,34.5,35.3,15.4,0.01875,3.35,15.31,6.0,4.0,24.0,76.6,105.4,0.4499999999999999,11.533333333333333,0.21625,0.48055555555555557,21189.04,1.0,Shelving,0.0,1,14.93421052631579
PH10285,28583850,2027-11-07,Saleable,3068,2026-02-28,Pregabalin 75mg Capsules 2x14,Venrick Laboratories,Pharma,Capsules,Below 25C,120.0,34.5,35.3,15.4,0.01875,3.35,15.31,6.0,4.0,24.0,76.6,105.4,0.4499999999999999,25.566666666666666,0.479375,1.0652777777777778,46971.08,2.0,Pallet racking,2.0,0,20.29605263157895
PH10286,28677787,2028-02-07,Saleable,1462,2026-02-28,Itraconazole 100mg Capsules 30s,Corvane Pharma,Pharma,Capsules,Below 25C,100.0,38.5,29.0,24.7,0.02758,5.28,25.75,9.0,5.0,45.0,138.5,262.6,1.2411,14.62,0.40321959999999996,0.3248888888888889,37646.5,1.0,Pallet racking,1.0,0,23.322368421052634
PH10286,28622556,2028-06-03,Saleable,6863,2026-02-28,Itraconazole 100mg Capsules 30s,Corvane Pharma,Pharma,Capsules,Below 25C,100.0,38.5,29.0,24.7,0.02758,5.28,25.75,9.0,5.0,45.0,138.5,262.6,1.2411,68.63,1.8928154,1.525111111111111,176722.25,2.0,Pallet racking,2.0,0,27.17105263157895
PH10286,28612505,2025-06-14,Expired,666,2026-02-28,Itraconazole 100mg Capsules 30s,Corvane Pharma,Pharma,Capsules,Below 25C,100.0,38.5,29.0,24.7,0.02758,5.28,25.75,9.0,5.0,45.0,138.5,262.6,1.2411,6.66,0.1836828,0.148,17149.5,1.0,Quarantine,0.0,0,-8.519736842105264
PH10287,28740238,2026-06-09,Saleable,8377,2026-02-28,Gabapentin 300mg Capsules 2x14,Venrick Laboratories,Pharma,Capsules,Below 25C,200.0,53.7,36.1,20.3,0.03935,8.51,6.37,2.0,5.0,10.0,116.5,110.1,0.3935,41.885,1.6481747500000001,4.1884999999999994,53361.49,5.0,Pallet racking,5.0,0,3.322368421052632
PH10288,28873520,2028-12-20,Saleable,1601,2026-02-28,Fluoxetine 20mg Capsules 3x10,Corvane Pharma,Pharma,Capsules,Below 25C,100.0,42.2,31.2,19.2,0.02528,3.85,3.59,6.0,6.0,36.0,130.2,163.6,0.91008,16.01,0.40473280000000006,0.44472222222222224,5747.59,1.0,Pallet racking,1.0,0,33.75
PH10289,28922770,2028-11-09,Saleable,4271,2026-02-28,Omeprazole 40mg Capsules 60s,Marwick Pharmaceuticals,Pharma,Capsules,Below 25C,100.0,32.8,39.6,17.6,0.02286,5.97,10.12,7.0,6.0,42.0,120.6,275.74,0.96012,42.71,0.9763506,1.016904761904762,43222.52,2.0,Pallet racking,2.0,0,32.401315789473685
PH10289,28938239,2028-12-29,Saleable,3610,2026-02-28,Omeprazole 40mg Capsules 60s,Marwick Pharmaceuticals,Pharma,Capsules,Below 25C,100.0,32.8,39.6,17.6,0.02286,5.97,10.12,7.0,6.0,42.0,120.6,275.74,0.96012,36.1,0.8252459999999999,0.8595238095238096,36533.2,1.0,Pallet racking,1.0,0,34.04605263157895
PH10290,29097312,2028-10-19,Saleable,1190,2026-02-28,Cefalexin 250mg Capsules 10x10,Corvane Pharma,Pharma,Capsules,Below 25C,100.0,53.9,31.6,25.0,0.04258,7.14,9.4,4.0,4.0,16.0,115.0,139.24,0.68128,11.9,0.506702,0.74375,11186.0,1.0,Pallet racking,1.0,0,31.710526315789476
PH10290,29085921,2027-02-22,Saleable,228,2026-02-28,Cefalexin 250mg Capsules 10x10,Corvane Pharma,Pharma,Capsules,Below 25C,100.0,53.9,31.6,25.0,0.04258,7.14,9.4,4.0,4.0,16.0,115.0,139.24,0.68128,2.28,0.09708239999999999,0.1425,2143.2000000000003,1.0,Shelving,0.0,1,11.80921052631579
PH10290,29080181,2028-01-16,FOC,70,2026-02-28,Cefalexin 250mg Capsules 10x10,Corvane Pharma,Pharma,Capsules,Below 25C,100.0,53.9,31.6,25.0,0.04258,7.14,9.4,4.0,4.0,16.0,115.0,139.24,0.68128,0.7,0.029806,0.04375,658.0,1.0,Shelving,0.0,1,22.59868421052632
PH10291,29136434,2029-01-11,Saleable,141,2026-02-28,Omeprazole 40mg Capsules 30s,Marwick Pharmaceuticals,Pharma,Capsules,Below 25C,60.0,43.7,33.5,25.5,0.03733,5.81,28.49,6.0,2.0,12.0,66.0,94.72,0.44796,2.35,0.08772550000000001,0.19583333333333333,4017.0899999999997,1.0,Shelving,0.0,1,34.473684210526315
PH10291,29167736,2028-10-21,Saleable,293,2026-02-28,Omeprazole 40mg Capsules 30s,Marwick Pharmaceuticals,Pharma,Capsules,Below 25C,60.0,43.7,33.5,25.5,0.03733,5.81,28.49,6.0,2.0,12.0,66.0,94.72,0.44796,4.883333333333334,0.18229483333333335,0.4069444444444445,8347.57,1.0,Shelving,0.0,1,31.776315789473685
PH10292,29264020,2026-10-21,Saleable,1229,2026-02-28,Iron Folic 150mg Capsules 3x10,Marwick Pharmaceuticals,Pharma,Capsules,Below 25C,120.0,49.0,33.6,16.7,0.02749,7.62,14.25,6.0,6.0,36.0,115.2,299.32,0.98964,10.241666666666667,0.2815434166666667,0.28449074074074077,17513.25,1.0,Pallet racking,1.0,0,7.730263157894737
PH10292,29225776,2027-11-18,Saleable,1010,2026-02-28,Iron Folic 150mg Capsules 3x10,Marwick Pharmaceuticals,Pharma,Capsules,Below 25C,120.0,49.0,33.6,16.7,0.02749,7.62,14.25,6.0,6.0,36.0,115.2,299.32,0.98964,8.416666666666666,0.23137416666666666,0.23379629629629628,14392.5,1.0,Shelving,0.0,1,20.657894736842106
PH10293,29358322,2028-04-21,Saleable,3098,2026-02-28,Itraconazole 100mg Capsules 3x10,Corvane Pharma,Pharma,Capsules,Below 25C,200.0,46.4,26.7,21.4,0.02651,5.33,22.13,8.0,5.0,40.0,122.0,238.2,1.0604,15.49,0.4106399,0.38725,68558.73999999999,1.0,Pallet racking,1.0,0,25.75657894736842
PH10293,29331998,2026-12-17,Saleable,1331,2026-02-28,Itraconazole 100mg Capsules 3x10,Corvane Pharma,Pharma,Capsules,Below 25C,200.0,46.4,26.7,21.4,0.02651,5.33,22.13,8.0,5.0,40.0,122.0,238.2,1.0604,6.655,0.17642405,0.166375,29455.03,1.0,Shelving,0.0,1,9.605263157894738
PH10293,29374338,2026-10-22,Saleable,327,2026-02-28,Itraconazole 100mg Capsules 3x10,Corvane Pharma,Pharma,Capsules,Below 25C,200.0,46.4,26.7,21.4,0.02651,5.33,22.13,8.0,5.0,40.0,122.0,238.2,1.0604,1.635,0.043343849999999996,0.040875,7236.509999999999,1.0,Shelving,0.0,1,7.7631578947368425
PH10294,29455924,2026-10-27,Saleable,1163,2026-02-28,Pregabalin 150mg Capsules 10x10,Corvane Pharma,Pharma,Capsules,Below 25C,200.0,32.2,28.8,16.9,0.01567,3.61,15.5,12.0,5.0,60.0,99.5,241.6,0.9402,5.815,0.09112105000000001,0.09691666666666668,18026.5,1.0,Shelving,0.0,1,7.927631578947369
PH10294,29424218,2028-10-07,Saleable,3771,2026-02-28,Pregabalin 150mg Capsules 10x10,Corvane Pharma,Pharma,Capsules,Below 25C,200.0,32.2,28.8,16.9,0.01567,3.61,15.5,12.0,5.0,60.0,99.5,241.6,0.9402,18.855,0.29545785,0.31425000000000003,58450.5,1.0,Pallet racking,1.0,0,31.315789473684212
PH10294,29449600,2027-03-20,Saleable,183,2026-02-28,Pregabalin 150mg Capsules 10x10,Corvane Pharma,Pharma,Capsules,Below 25C,200.0,32.2,28.8,16.9,0.01567,3.61,15.5,12.0,5.0,60.0,99.5,241.6,0.9402,0.915,0.01433805,0.015250000000000001,2836.5,1.0,Shelving,0.0,1,12.664473684210527
PH10294,29483055,2027-06-27,Sample,102,2026-02-28,Pregabalin 150mg Capsules 10x10,Corvane Pharma,Pharma,Capsules,Below 25C,200.0,32.2,28.8,16.9,0.01567,3.61,15.5,12.0,5.0,60.0,99.5,241.6,0.9402,0.51,0.007991700000000001,0.0085,1581.0,1.0,Shelving,0.0,1,15.921052631578949
PH10295,29562284,2028-01-29,Saleable,5864,2026-02-28,Tamsulosin 400mcg Capsules 2x14,Venrick Laboratories,Pharma,Capsules,Below 25C,200.0,44.5,34.2,20.0,0.03044,7.63,21.96,6.0,5.0,30.0,115.0,253.9,0.9132,29.32,0.8925008,0.9773333333333334,128773.44,1.0,Pallet racking,1.0,0,23.026315789473685
PH10296,29630455,2026-12-30,Saleable,12207,2026-02-28,Vitamin D3 1000IU Capsules 3x10,Venrick Laboratories,Pharma,Capsules,Below 25C,200.0,42.7,37.5,25.2,0.04035,7.89,20.73,5.0,2.0,10.0,65.4,103.9,0.4034999999999999,61.035,2.4627622499999995,6.1034999999999995,253051.11000000002,7.0,Pallet racking,7.0,0,10.032894736842106
PH10296,29660401,2026-07-26,Saleable,1698,2026-02-28,Vitamin D3 1000IU Capsules 3x10,Venrick Laboratories,Pharma,Capsules,Below 25C,200.0,42.7,37.5,25.2,0.04035,7.89,20.73,5.0,2.0,10.0,65.4,103.9,0.4034999999999999,8.49,0.3425715,0.849,35199.54,1.0,Pallet racking,1.0,0,4.868421052631579
PH10296,29698476,2028-04-03,Saleable,495,2026-02-28,Vitamin D3 1000IU Capsules 3x10,Venrick Laboratories,Pharma,Capsules,Below 25C,200.0,42.7,37.5,25.2,0.04035,7.89,20.73,5.0,2.0,10.0,65.4,103.9,0.4034999999999999,2.475,0.09986624999999999,0.2475,10261.35,1.0,Shelving,0.0,1,25.164473684210527
PH10297,29730769,2027-12-27,Saleable,14898,2026-02-28,Amoxicillin 500mg Capsules 30s,Corvane Pharma,Pharma,Capsules,Below 25C,60.0,31.8,32.6,23.1,0.02395,3.62,3.28,9.0,5.0,45.0,130.5,187.9,1.07775,248.3,5.946785,5.517777777777778,48865.439999999995,6.0,Pallet racking,6.0,0,21.940789473684212
PH10298,29887822,2027-08-05,Saleable,5641,2026-02-28,Tamsulosin 400mcg Capsules 10x10,Venrick Laboratories,Pharma,Capsules,Below 25C,120.0,53.3,35.7,23.3,0.04434,10.46,19.1,4.0,3.0,12.0,84.9,150.52,0.53208,47.00833333333333,2.0843495,3.917361111111111,107743.1,4.0,Pallet racking,4.0,0,17.203947368421055
PH10298,29826445,2027-12-06,FOC,282,2026-02-28,Tamsulosin 400mcg Capsules 10x10,Venrick Laboratories,Pharma,Capsules,Below 25C,120.0,53.3,35.7,23.3,0.04434,10.46,19.1,4.0,3.0,12.0,84.9,150.52,0.53208,2.35,0.104199,0.19583333333333333,5386.200000000001,1.0,Shelving,0.0,1,21.25
PH10299,29988254,2026-09-01,Saleable,1289,2026-02-28,Iron Folic 150mg Capsules 30s,Corvane Pharma,Pharma,Capsules,Below 25C,100.0,37.5,29.4,22.3,0.02459,6.56,18.9,9.0,4.0,36.0,104.2,261.16,0.88524,12.89,0.3169651,0.35805555555555557,24362.1,1.0,Pallet racking,1.0,0,6.085526315789474
PH10299,29976940,2028-07-18,Saleable,237,2026-02-28,Iron Folic 150mg Capsules 30s,Corvane Pharma,Pharma,Capsules,Below 25C,100.0,37.5,29.4,22.3,0.02459,6.56,18.9,9.0,4.0,36.0,104.2,261.16,0.88524,2.37,0.058278300000000005,0.06583333333333334,4479.299999999999,1.0,Shelving,0.0,1,28.651315789473685
PH10299,29983603,2026-06-10,Saleable,1321,2026-02-28,Iron Folic 150mg Capsules 30s,Corvane Pharma,Pharma,Capsules,Below 25C,100.0,37.5,29.4,22.3,0.02459,6.56,18.9,9.0,4.0,36.0,104.2,261.16,0.88524,13.21,0.3248339,0.36694444444444446,24966.899999999998,1.0,Pallet racking,1.0,0,3.355263157894737
PH10299,29970185,2028-04-16,Saleable,363,2026-02-28,Iron Folic 150mg Capsules 30s,Corvane Pharma,Pharma,Capsules,Below 25C,100.0,37.5,29.4,22.3,0.02459,6.56,18.9,9.0,4.0,36.0,104.2,261.16,0.88524,3.63,0.0892617,0.10083333333333333,6860.7,1.0,Shelving,0.0,1,25.592105263157897
PH10300,30022422,2027-04-30,Saleable,1044,2026-02-28,Iron Folic 150mg Capsules 2x14,Corvane Pharma,Pharma,Capsules,Below 25C,200.0,35.3,25.1,23.2,0.02056,4.79,6.32,9.0,3.0,27.0,84.6,154.33,0.55512,5.22,0.10732319999999998,0.19333333333333333,6598.08,1.0,Shelving,0.0,1,14.013157894736842
PH10300,30097955,2027-11-15,FOC,52,2026-02-28,Iron Folic 150mg Capsules 2x14,Corvane Pharma,Pharma,Capsules,Below 25C,200.0,35.3,25.1,23.2,0.02056,4.79,6.32,9.0,3.0,27.0,84.6,154.33,0.55512,0.26,0.0053456,0.00962962962962963,328.64,1.0,Shelving,0.0,1,20.55921052631579
PH10301,30155154,2028-02-25,Saleable,165,2026-02-28,Doxycycline 100mg Capsules 2x14,Venrick Laboratories,Pharma,Capsules,Below 25C,100.0,45.0,36.2,15.5,0.02525,4.6,7.23,6.0,7.0,42.0,123.5,218.2,1.0605,1.65,0.0416625,0.039285714285714285,1192.95,1.0,Shelving,0.0,1,23.914473684210527
PH10301,30170703,2027-12-14,Saleable,45,2026-02-28,Doxycycline 100mg Capsules 2x14,Venrick Laboratories,Pharma,Capsules,Below 25C,100.0,45.0,36.2,15.5,0.02525,4.6,7.23,6.0,7.0,42.0,123.5,218.2,1.0605,0.45,0.011362500000000001,0.010714285714285714,325.35,1.0,Shelving,0.0,1,21.513157894736842
PH10302,30263250,2026-07-04,Saleable,1375,2026-02-28,Fish Oil Omega-3 1000mg Capsules 3x10,Corvane Pharma,Pharma,Capsules,Below 25C,100.0,53.9,31.1,17.9,0.03001,7.68,8.0,6.0,3.0,18.0,68.69999999999999,163.24,0.54018,13.75,0.4126375,0.7638888888888888,11000.0,1.0,Pallet racking,1.0,0,4.144736842105264
PH10303,30333288,2026-07-11,Saleable,591,2026-02-28,Omeprazole 40mg Capsules 2x14,Venrick Laboratories,Pharma,Capsules,Below 25C,100.0,46.8,38.7,20.8,0.03767,7.31,21.44,6.0,6.0,36.0,139.8,288.16,1.35612,5.91,0.2226297,0.16416666666666668,12671.04,1.0,Shelving,0.0,1,4.375
PH10303,30325146,2028-11-24,Saleable,3777,2026-02-28,Omeprazole 40mg Capsules 2x14,Venrick Laboratories,Pharma,Capsules,Below 25C,100.0,46.8,38.7,20.8,0.03767,7.31,21.44,6.0,6.0,36.0,139.8,288.16,1.35612,37.77,1.4227959000000001,1.0491666666666668,80978.88,2.0,Pallet racking,2.0,0,32.89473684210527
PH10303,30358597,2028-01-15,Saleable,2785,2026-02-28,Omeprazole 40mg Capsules 2x14,Venrick Laboratories,Pharma,Capsules,Below 25C,100.0,46.8,38.7,20.8,0.03767,7.31,21.44,6.0,6.0,36.0,139.8,288.16,1.35612,27.85,1.0491095000000001,0.7736111111111111,59710.4,1.0,Pallet racking,1.0,0,22.565789473684212
PH10305,30591236,2027-02-13,Saleable,1017,2026-02-28,Pregabalin 75mg Capsules 60s,Solandra Health,Pharma,Capsules,Below 25C,60.0,41.7,29.6,17.6,0.02172,3.37,13.79,8.0,7.0,56.0,138.20000000000002,213.72,1.21632,16.95,0.368154,0.3026785714285714,14024.429999999998,1.0,Pallet racking,1.0,0,11.513157894736842
PH10305,30548960,2028-06-23,Saleable,137,2026-02-28,Pregabalin 75mg Capsules 60s,Solandra Health,Pharma,Capsules,Below 25C,60.0,41.7,29.6,17.6,0.02172,3.37,13.79,8.0,7.0,56.0,138.20000000000002,213.72,1.21632,2.283333333333333,0.049594,0.040773809523809525,1889.2299999999998,1.0,Shelving,0.0,1,27.828947368421055
PH10305,30573686,2029-01-25,Saleable,77,2026-02-28,Pregabalin 75mg Capsules 60s,Solandra Health,Pharma,Capsules,Below 25C,60.0,41.7,29.6,17.6,0.02172,3.37,13.79,8.0,7.0,56.0,138.20000000000002,213.72,1.21632,1.2833333333333334,0.027874000000000003,0.02291666666666667,1061.83,1.0,Shelving,0.0,1,34.93421052631579
PH10306,30635938,2027-09-08,Saleable,2257,2026-02-28,Omeprazole 40mg Capsules 10x10,Corvane Pharma,Pharma,Capsules,Below 25C,60.0,42.7,29.6,26.2,0.0331147039999999,6.62,15.0,8.0,4.0,32.0,119.8,236.84,1.0596705279999998,37.61666666666667,1.2456647821333295,1.1755208333333333,33855.0,2.0,Pallet racking,2.0,0,18.322368421052634
PH10306,30684969,2027-05-23,Saleable,4466,2026-02-28,Omeprazole 40mg Capsules 10x10,Corvane Pharma,Pharma,Capsules,Below 25C,60.0,42.7,29.6,26.2,0.0331147039999999,6.62,15.0,8.0,4.0,32.0,119.8,236.84,1.0596705279999998,74.43333333333334,2.4648378010666594,2.326041666666667,66990.0,3.0,Pallet racking,3.0,0,14.769736842105264
PH10307,30723210,2026-11-22,Saleable,10797,2026-02-28,Vitamin D3 1000IU Capsules 2x14,Corvane Pharma,Pharma,Capsules,Below 25C,200.0,42.7,29.5,21.2,0.0267,6.15,29.35,8.0,4.0,32.0,99.8,221.8,0.8544,53.985,1.4413995000000002,1.68703125,316891.95,2.0,Pallet racking,2.0,0,8.782894736842106
PH10307,30781077,2027-09-24,Saleable,15175,2026-02-28,Vitamin D3 1000IU Capsules 2x14,Corvane Pharma,Pharma,Capsules,Below 25C,200.0,42.7,29.5,21.2,0.0267,6.15,29.35,8.0,4.0,32.0,99.8,221.8,0.8544,75.875,2.0258625,2.37109375,445386.25,3.0,Pallet racking,3.0,0,18.848684210526315
PH10307,30717991,2028-11-30,Saleable,2017,2026-02-28,Vitamin D3 1000IU Capsules 2x14,Corvane Pharma,Pharma,Capsules,Below 25C,200.0,42.7,29.5,21.2,0.0267,6.15,29.35,8.0,4.0,32.0,99.8,221.8,0.8544,10.085,0.26926950000000005,0.31515625,59198.950000000004,1.0,Pallet racking,1.0,0,33.0921052631579
PH10307,30768021,2025-05-16,Expired,2239,2026-02-28,Vitamin D3 1000IU Capsules 2x14,Corvane Pharma,Pharma,Capsules,Below 25C,200.0,42.7,29.5,21.2,0.0267,6.15,29.35,8.0,4.0,32.0,99.8,221.8,0.8544,11.195,0.2989065,0.34984375,65714.65000000001,1.0,Quarantine,0.0,0,-9.473684210526317
PH10308,30821773,2027-10-06,Saleable,20866,2026-02-28,Pregabalin 75mg Capsules 10x10,Marwick Pharmaceuticals,Pharma,Capsules,Below 25C,100.0,42.3,32.3,19.2,0.02623,4.4,15.57,6.0,3.0,18.0,72.6,104.2,0.47214,208.66,5.4731518,11.592222222222222,324883.62,12.0,Pallet racking,12.0,0,19.24342105263158
PH10309,30971393,2028-09-10,Saleable,1362,2026-02-28,Fluoxetine 20mg Capsules 2x14,Venrick Laboratories,Pharma,Capsules,Below 25C,60.0,53.6,35.6,24.2,0.04618,8.74,7.05,2.0,4.0,8.0,111.8,94.92,0.36944,22.7,1.048286,2.8375,9602.1,3.0,Pallet racking,3.0,0,30.42763157894737
PH10309,30954084,2028-08-18,Saleable,8281,2026-02-28,Fluoxetine 20mg Capsules 2x14,Venrick Laboratories,Pharma,Capsules,Below 25C,60.0,53.6,35.6,24.2,0.04618,8.74,7.05,2.0,4.0,8.0,111.8,94.92,0.36944,138.01666666666668,6.373609666666667,17.252083333333335,58381.049999999996,18.0,Pallet racking,18.0,0,29.67105263157895
PH10309,30923731,2026-07-18,FOC,482,2026-02-28,Fluoxetine 20mg Capsules 2x14,Venrick Laboratories,Pharma,Capsules,Below 25C,60.0,53.6,35.6,24.2,0.04618,8.74,7.05,2.0,4.0,8.0,111.8,94.92,0.36944,8.033333333333333,0.3709793333333333,1.0041666666666667,3398.1,2.0,Pallet racking,2.0,0,4.605263157894737
PH10310,31034997,2026-09-22,Saleable,2220,2026-02-28,Amoxicillin 500mg Capsules 60s,Venrick Laboratories,Pharma,Capsules,Below 25C,120.0,40.2,32.3,25.8,0.0335,7.51,16.24,6.0,5.0,30.0,144.0,250.3,1.005,18.5,0.61975,0.6166666666666667,36052.799999999996,1.0,Pallet racking,1.0,0,6.776315789473685
PH10311,31186967,2026-08-09,Saleable,4303,2026-02-28,Gabapentin 300mg Capsules 3x10,Venrick Laboratories,Pharma,Capsules,Below 25C,120.0,40.3,34.3,21.7,0.03,6.87,10.55,6.0,5.0,30.0,123.5,231.1,0.8999999999999999,35.858333333333334,1.07575,1.1952777777777779,45396.65,2.0,Pallet racking,2.0,0,5.328947368421053
PH10311,31120108,2027-03-04,Saleable,42884,2026-02-28,Gabapentin 300mg Capsules 3x10,Venrick Laboratories,Pharma,Capsules,Below 25C,120.0,40.3,34.3,21.7,0.03,6.87,10.55,6.0,5.0,30.0,123.5,231.1,0.8999999999999999,357.3666666666667,10.721,11.912222222222223,452426.2,12.0,Pallet racking,12.0,0,12.138157894736842
PH10311,31111438,2028-04-26,Saleable,18465,2026-02-28,Gabapentin 300mg Capsules 3x10,Venrick Laboratories,Pharma,Capsules,Below 25C,120.0,40.3,34.3,21.7,0.03,6.87,10.55,6.0,5.0,30.0,123.5,231.1,0.8999999999999999,153.875,4.61625,5.129166666666666,194805.75,6.0,Pallet racking,6.0,0,25.92105263157895
PH10311,31157867,2026-06-26,Sample,1313,2026-02-28,Gabapentin 300mg Capsules 3x10,Venrick Laboratories,Pharma,Capsules,Below 25C,120.0,40.3,34.3,21.7,0.03,6.87,10.55,6.0,5.0,30.0,123.5,231.1,0.8999999999999999,10.941666666666666,0.32825,0.3647222222222222,13852.150000000001,1.0,Pallet racking,1.0,0,3.8815789473684212
PH10312,31247792,2028-07-17,Saleable,4899,2026-02-28,Amoxicillin 250mg Capsules 3x10,Corvane Pharma,Pharma,Capsules,Below 25C,120.0,38.3,26.8,24.2,0.02484,6.78,12.38,9.0,3.0,27.0,87.6,208.06,0.67068,40.825,1.0140930000000001,1.512037037037037,60649.62,2.0,Pallet racking,2.0,0,28.61842105263158
PH10313,31326892,2027-10-29,Saleable,23562,2026-02-28,Cefalexin 250mg Capsules 30s,Venrick Laboratories,Pharma,Capsules,Below 25C,100.0,36.4,29.2,24.6,0.02615,7.14,11.75,7.0,5.0,35.0,138.0,274.9,0.91525,235.62,6.161463,6.732,276853.5,7.0,Pallet racking,7.0,0,20.0
PH10314,31466944,2027-07-24,Saleable,7822,2026-02-28,Fish Oil Omega-3 1000mg Capsules 30s,Corvane Pharma,Pharma,Capsules,Below 25C,100.0,31.9,34.0,28.8,0.03124,4.45,27.11,8.0,3.0,24.0,101.4,131.8,0.74976,78.22,2.4435928,3.2591666666666668,212054.41999999998,4.0,Pallet racking,4.0,0,16.80921052631579
PH10315,31563881,2028-09-24,Saleable,975,2026-02-28,Cefalexin 250mg Capsules 60s,Venrick Laboratories,Pharma,Capsules,Below 25C,200.0,43.4,36.3,29.9,0.04711,7.13,11.49,6.0,5.0,30.0,164.5,238.9,1.4133,4.875,0.22966124999999998,0.1625,11202.75,1.0,Shelving,0.0,1,30.888157894736842
PH10315,31530923,2027-03-17,Saleable,1627,2026-02-28,Cefalexin 250mg Capsules 60s,Venrick Laboratories,Pharma,Capsules,Below 25C,200.0,43.4,36.3,29.9,0.04711,7.13,11.49,6.0,5.0,30.0,164.5,238.9,1.4133,8.135,0.38323985,0.27116666666666667,18694.23,1.0,Pallet racking,1.0,0,12.56578947368421
PH10316,31659292,2028-09-18,Saleable,1770,2026-02-28,Doxycycline 100mg Capsules 30s,Venrick Laboratories,Pharma,Capsules,Below 25C,100.0,30.9,37.7,26.3,0.03064,6.96,16.08,9.0,2.0,18.0,67.6,150.28,0.55152,17.7,0.542328,0.9833333333333333,28461.6,1.0,Pallet racking,1.0,0,30.690789473684212
PH10317,31748407,2028-01-07,Saleable,3267,2026-02-28,Omeprazole 20mg Capsules 60s,Corvane Pharma,Pharma,Capsules,Below 25C,200.0,31.7,39.8,17.8,0.02246,4.33,25.45,9.0,7.0,63.0,139.60000000000002,297.79,1.41498,16.335,0.36688410000000005,0.2592857142857143,83145.15,1.0,Pallet racking,1.0,0,22.30263157894737
PH10317,31718984,2026-11-27,Saleable,694,2026-02-28,Omeprazole 20mg Capsules 60s,Corvane Pharma,Pharma,Capsules,Below 25C,200.0,31.7,39.8,17.8,0.02246,4.33,25.45,9.0,7.0,63.0,139.60000000000002,297.79,1.41498,3.47,0.07793620000000001,0.05507936507936508,17662.3,1.0,Shelving,0.0,1,8.947368421052632
PH10318,31881639,2027-02-05,Saleable,2435,2026-02-28,Cefalexin 500mg Capsules 10x10,Corvane Pharma,Pharma,Capsules,Below 25C,60.0,40.5,28.7,22.9,0.02662,7.29,9.08,8.0,5.0,40.0,129.5,316.6,1.0648,40.583333333333336,1.0803283333333336,1.0145833333333334,22109.8,2.0,Pallet racking,2.0,0,11.25
PH10318,31834936,2026-11-11,Saleable,353,2026-02-28,Cefalexin 500mg Capsules 10x10,Corvane Pharma,Pharma,Capsules,Below 25C,60.0,40.5,28.7,22.9,0.02662,7.29,9.08,8.0,5.0,40.0,129.5,316.6,1.0648,5.883333333333334,0.15661433333333336,0.14708333333333334,3205.2400000000002,1.0,Shelving,0.0,1,8.421052631578947
PH10319,31932955,2027-06-06,Saleable,2158,2026-02-28,Cefalexin 500mg Capsules 3x10,Corvane Pharma,Pharma,Capsules,Below 25C,120.0,50.3,38.8,29.9,0.05835,13.07,17.28,3.0,3.0,9.0,104.7,142.63,0.52515,17.983333333333334,1.0493275,1.9981481481481482,37290.240000000005,2.0,Pallet racking,2.0,0,15.230263157894738
PH10320,32056246,2027-04-25,Saleable,414,2026-02-28,Tamsulosin 400mcg Capsules 3x10,Venrick Laboratories,Pharma,Capsules,Below 25C,60.0,51.1,26.0,21.8,0.02896,5.44,8.43,6.0,5.0,30.0,124.0,188.2,0.8688,6.9,0.199824,0.23,3490.02,1.0,Shelving,0.0,1,13.848684210526317
PH10320,32028069,2027-02-15,Saleable,352,2026-02-28,Tamsulosin 400mcg Capsules 3x10,Venrick Laboratories,Pharma,Capsules,Below 25C,60.0,51.1,26.0,21.8,0.02896,5.44,8.43,6.0,5.0,30.0,124.0,188.2,0.8688,5.866666666666666,0.16989866666666664,0.19555555555555554,2967.3599999999997,1.0,Shelving,0.0,1,11.578947368421053
PH10321,32195828,2027-10-29,Saleable,7589,2026-02-28,Cefalexin 250mg Capsules 2x14,Venrick Laboratories,Pharma,Capsules,Below 25C,120.0,40.3,27.3,17.5,0.01925,3.07,7.54,8.0,6.0,48.0,120.0,172.36,0.924,63.24166666666667,1.2174020833333332,1.3175347222222222,57221.06,2.0,Pallet racking,2.0,0,20.0
PH10321,32114903,2028-09-03,Saleable,629,2026-02-28,Cefalexin 250mg Capsules 2x14,Venrick Laboratories,Pharma,Capsules,Below 25C,120.0,40.3,27.3,17.5,0.01925,3.07,7.54,8.0,6.0,48.0,120.0,172.36,0.924,5.241666666666666,0.10090208333333332,0.10920138888888888,4742.66,1.0,Shelving,0.0,1,30.197368421052634
PH10322,32214257,2028-05-20,Saleable,225,2026-02-28,Fluoxetine 20mg Capsules 10x10,Marwick Pharmaceuticals,Pharma,Capsules,Below 25C,200.0,32.3,29.9,23.3,0.0225,5.16,12.55,12.0,6.0,72.0,154.8,396.52,1.62,1.125,0.025312499999999998,0.015625,2823.75,1.0,Shelving,0.0,1,26.710526315789476
PH10322,32280191,2028-06-30,Saleable,1020,2026-02-28,Fluoxetine 20mg Capsules 10x10,Marwick Pharmaceuticals,Pharma,Capsules,Below 25C,200.0,32.3,29.9,23.3,0.0225,5.16,12.55,12.0,6.0,72.0,154.8,396.52,1.62,5.1,0.11474999999999999,0.07083333333333333,12801.0,1.0,Shelving,0.0,1,28.05921052631579
PH10322,32267770,2026-09-07,Saleable,271,2026-02-28,Fluoxetine 20mg Capsules 10x10,Marwick Pharmaceuticals,Pharma,Capsules,Below 25C,200.0,32.3,29.9,23.3,0.0225,5.16,12.55,12.0,6.0,72.0,154.8,396.52,1.62,1.355,0.030487499999999997,0.018819444444444444,3401.05,1.0,Shelving,0.0,1,6.282894736842105
PH10323,32360761,2027-01-11,Saleable,12254,2026-02-28,Amoxicillin 250mg Capsules 60s,Venrick Laboratories,Pharma,Capsules,Below 25C,100.0,41.1,28.3,25.5,0.02966,7.78,27.11,8.0,4.0,32.0,117.0,273.96000000000004,0.94912,122.54,3.6345364,3.829375,332205.94,4.0,Pallet racking,4.0,0,10.427631578947368
PH10324,32441349,2028-01-31,Saleable,499,2026-02-28,Omeprazole 20mg Capsules 3x10,Corvane Pharma,Pharma,Capsules,Below 25C,60.0,48.1,26.3,20.2,0.02555,3.94,9.17,8.0,5.0,40.0,116.0,182.6,1.022,8.316666666666666,0.21249083333333332,0.20791666666666667,4575.83,1.0,Shelving,0.0,1,23.092105263157897
PH10324,32497534,2026-04-13,Damaged,14,2026-02-28,Omeprazole 20mg Capsules 3x10,Corvane Pharma,Pharma,Capsules,Below 25C,60.0,48.1,26.3,20.2,0.02555,3.94,9.17,8.0,5.0,40.0,116.0,182.6,1.022,0.23333333333333334,0.005961666666666666,0.005833333333333334,128.38,1.0,Quarantine,0.0,0,1.4473684210526316
PH10325,32518253,2028-04-12,Saleable,70,2026-02-28,Omeprazole 20mg Capsules 10x10,Venrick Laboratories,Pharma,Capsules,Below 25C,60.0,41.2,38.0,27.6,0.04321,11.68,9.64,6.0,4.0,24.0,125.4,305.32,1.03704,1.1666666666666667,0.05041166666666667,0.04861111111111111,674.8000000000001,1.0,Shelving,0.0,1,25.460526315789476
PH10325,32569311,2026-10-15,Saleable,109,2026-02-28,Omeprazole 20mg Capsules 10x10,Venrick Laboratories,Pharma,Capsules,Below 25C,60.0,41.2,38.0,27.6,0.04321,11.68,9.64,6.0,4.0,24.0,125.4,305.32,1.03704,1.8166666666666667,0.07849816666666666,0.07569444444444444,1050.76,1.0,Shelving,0.0,1,7.532894736842105
PH10326,32697215,2028-04-24,Saleable,3351,2026-02-28,Cefalexin 500mg Capsules 60s,Solandra Health,Pharma,Capsules,Below 25C,100.0,30.9,29.9,21.6,0.01996,3.03,19.87,12.0,3.0,36.0,79.80000000000001,134.07999999999998,0.71856,33.51,0.6688595999999999,0.9308333333333333,66584.37000000001,1.0,Pallet racking,1.0,0,25.855263157894736
PH10326,32676210,2027-11-28,Sample,67,2026-02-28,Cefalexin 500mg Capsules 60s,Solandra Health,Pharma,Capsules,Below 25C,100.0,30.9,29.9,21.6,0.01996,3.03,19.87,12.0,3.0,36.0,79.80000000000001,134.07999999999998,0.71856,0.67,0.0133732,0.018611111111111113,1331.29,1.0,Shelving,0.0,1,20.986842105263158
PH10327,32739982,2027-07-08,Saleable,1176,2026-02-28,Vitamin D3 1000IU Capsules 60s,Venrick Laboratories,Pharma,Capsules,Below 25C,60.0,40.0,35.5,28.5,0.04047,10.91,28.24,6.0,2.0,12.0,72.0,155.92000000000002,0.4856399999999999,19.6,0.793212,1.6333333333333335,33210.24,2.0,Pallet racking,2.0,0,16.282894736842106
PH10327,32792927,2027-03-26,Saleable,547,2026-02-28,Vitamin D3 1000IU Capsules 60s,Venrick Laboratories,Pharma,Capsules,Below 25C,60.0,40.0,35.5,28.5,0.04047,10.91,28.24,6.0,2.0,12.0,72.0,155.92000000000002,0.4856399999999999,9.116666666666667,0.3689515,0.7597222222222223,15447.279999999999,1.0,Pallet racking,1.0,0,12.86184210526316
PH10328,32861540,2028-10-28,Saleable,1435,2026-02-28,Amoxicillin 250mg Capsules 10x10,Corvane Pharma,Pharma,Capsules,Below 25C,60.0,46.0,38.3,20.0,0.03524,6.59,15.26,6.0,3.0,18.0,75.0,143.62,0.63432,23.916666666666668,0.8428233333333334,1.3287037037037037,21898.1,2.0,Pallet racking,2.0,0,32.006578947368425
PH10328,32892301,2026-08-08,Saleable,2761,2026-02-28,Amoxicillin 250mg Capsules 10x10,Corvane Pharma,Pharma,Capsules,Below 25C,60.0,46.0,38.3,20.0,0.03524,6.59,15.26,6.0,3.0,18.0,75.0,143.62,0.63432,46.016666666666666,1.6216273333333333,2.5564814814814816,42132.86,3.0,Pallet racking,3.0,0,5.296052631578948
PH10328,32867725,2027-02-08,Sample,83,2026-02-28,Amoxicillin 250mg Capsules 10x10,Corvane Pharma,Pharma,Capsules,Below 25C,60.0,46.0,38.3,20.0,0.03524,6.59,15.26,6.0,3.0,18.0,75.0,143.62,0.63432,1.3833333333333333,0.04874866666666667,0.07685185185185185,1266.58,1.0,Shelving,0.0,1,11.348684210526317
PH10328,32813112,2025-07-14,Expired,335,2026-02-28,Amoxicillin 250mg Capsules 10x10,Corvane Pharma,Pharma,Capsules,Below 25C,60.0,46.0,38.3,20.0,0.03524,6.59,15.26,6.0,3.0,18.0,75.0,143.62,0.63432,5.583333333333333,0.19675666666666666,0.3101851851851852,5112.1,1.0,Quarantine,0.0,0,-7.532894736842105
PH10329,32984052,2028-01-22,Saleable,189,2026-02-28,Pregabalin 150mg Capsules 60s,Venrick Laboratories,Pharma,Capsules,Below 25C,120.0,38.1,28.2,21.6,0.02321,4.31,24.79,9.0,6.0,54.0,144.60000000000002,257.74,1.25334,1.575,0.03655575,0.029166666666666667,4685.3099999999995,1.0,Shelving,0.0,1,22.79605263157895
PH10329,32961424,2027-10-07,Saleable,268,2026-02-28,Pregabalin 150mg Capsules 60s,Venrick Laboratories,Pharma,Capsules,Below 25C,120.0,38.1,28.2,21.6,0.02321,4.31,24.79,9.0,6.0,54.0,144.60000000000002,257.74,1.25334,2.2333333333333334,0.05183566666666667,0.04135802469135803,6643.719999999999,1.0,Shelving,0.0,1,19.276315789473685
PH10330,33071458,2028-09-28,Saleable,2130,2026-02-28,Fish Oil Omega-3 1000mg Capsules 60s,Venrick Laboratories,Pharma,Capsules,Below 25C,60.0,50.8,29.9,27.0,0.04101,8.8,7.66,6.0,5.0,30.0,150.0,289.0,1.2303,35.5,1.455855,1.1833333333333333,16315.800000000001,2.0,Pallet racking,2.0,0,31.019736842105264
PH10330,33035365,2027-08-12,FOC,106,2026-02-28,Fish Oil Omega-3 1000mg Capsules 60s,Venrick Laboratories,Pharma,Capsules,Below 25C,60.0,50.8,29.9,27.0,0.04101,8.8,7.66,6.0,5.0,30.0,150.0,289.0,1.2303,1.7666666666666666,0.07245099999999999,0.058888888888888886,811.96,1.0,Shelving,0.0,1,17.43421052631579
PH10331,33176028,2027-09-02,Saleable,5860,2026-02-28,Cetirizine 5mg/5ml Syrup 200ml,Solandra Health,Pharma,Syrups,Below 25C,36.0,40.6,24.4,23.4,0.02318,13.92,6.94,8.0,3.0,24.0,85.19999999999999,359.08,0.5563199999999999,162.77777777777777,3.7731888888888885,6.782407407407407,40668.4,7.0,Pallet racking,7.0,0,18.125
PH10332,33221868,2026-08-23,Saleable,339,2026-02-28,Paracetamol 120mg/5ml Syrup 100ml,Solandra Health,Pharma,Syrups,Below 25C,24.0,34.3,25.5,16.6,0.01452,11.39,3.26,7.0,7.0,49.0,131.20000000000002,583.11,0.71148,14.125,0.205095,0.288265306122449,1105.1399999999999,1.0,Shelving,0.0,1,5.7894736842105265
PH10332,33234401,2026-07-30,Saleable,467,2026-02-28,Paracetamol 120mg/5ml Syrup 100ml,Solandra Health,Pharma,Syrups,Below 25C,24.0,34.3,25.5,16.6,0.01452,11.39,3.26,7.0,7.0,49.0,131.20000000000002,583.11,0.71148,19.458333333333332,0.282535,0.39710884353741494,1522.4199999999998,1.0,Pallet racking,1.0,0,5.0
PH10333,33362607,2029-01-08,Saleable,2707,2026-02-28,Cough Expectorant Syrup 100ml,Halvora Healthcare,Pharma,Syrups,Below 25C,24.0,45.0,21.6,19.4,0.01886,14.68,6.47,10.0,4.0,40.0,92.6,612.2,0.7544,112.79166666666667,2.127250833333333,2.8197916666666667,17514.29,3.0,Pallet racking,3.0,0,34.375
PH10334,33493870,2026-11-09,Saleable,1920,2026-02-28,Multivitamin Syrup 200ml,Halvora Healthcare,Pharma,Syrups,Below 25C,24.0,40.6,20.4,15.2,0.01259,8.25,8.59,10.0,7.0,70.0,121.4,602.5,0.8813000000000001,80.0,1.0072,1.1428571428571428,16492.8,2.0,Pallet racking,2.0,0,8.355263157894738
PH10334,33481309,2028-06-06,Saleable,24251,2026-02-28,Multivitamin Syrup 200ml,Halvora Healthcare,Pharma,Syrups,Below 25C,24.0,40.6,20.4,15.2,0.01259,8.25,8.59,10.0,7.0,70.0,121.4,602.5,0.8813000000000001,1010.4583333333334,12.721670416666667,14.435119047619049,208316.09,15.0,Pallet racking,15.0,0,27.269736842105264
PH10335,33589217,2027-06-18,Saleable,12214,2026-02-28,Iron Tonic Syrup 200ml,Solandra Health,Pharma,Syrups,Below 25C,36.0,33.3,25.7,18.3,0.01566,8.82,4.69,12.0,6.0,72.0,124.8,765.88,1.12752,339.27777777777777,5.31309,4.7121913580246915,57283.66,5.0,Pallet racking,5.0,0,15.625
PH10335,33597702,2027-12-14,Saleable,13,2026-02-28,Iron Tonic Syrup 200ml,Solandra Health,Pharma,Syrups,Below 25C,36.0,33.3,25.7,18.3,0.01566,8.82,4.69,12.0,6.0,72.0,124.8,765.88,1.12752,0.3611111111111111,0.005655,0.005015432098765432,60.970000000000006,1.0,Shelving,0.0,1,21.513157894736842
PH10335,33579651,2027-02-08,Saleable,16956,2026-02-28,Iron Tonic Syrup 200ml,Solandra Health,Pharma,Syrups,Below 25C,36.0,33.3,25.7,18.3,0.01566,8.82,4.69,12.0,6.0,72.0,124.8,765.88,1.12752,471.0,7.37586,6.541666666666667,79523.64,7.0,Pallet racking,7.0,0,11.348684210526317
PH10336,33628939,2027-04-23,Saleable,886,2026-02-28,Iron Tonic Syrup 60ml,Solandra Health,Pharma,Syrups,Below 25C,48.0,40.9,22.5,20.9,0.01923,15.14,5.3,8.0,5.0,40.0,119.5,751.72,0.7692,18.458333333333332,0.35495375,0.4614583333333333,4695.8,1.0,Pallet racking,1.0,0,13.782894736842106
PH10338,33885709,2029-01-11,Saleable,19925,2026-02-28,Paracetamol 120mg/5ml Syrup 60ml,Halvora Healthcare,Pharma,Syrups,Below 25C,60.0,30.8,30.3,16.8,0.01568,11.82,3.6,8.0,7.0,56.0,132.60000000000002,686.9200000000001,0.87808,332.0833333333333,5.207066666666666,5.930059523809524,71730.0,6.0,Pallet racking,6.0,0,34.473684210526315
PH10338,33859111,2026-09-30,Saleable,2081,2026-02-28,Paracetamol 120mg/5ml Syrup 60ml,Halvora Healthcare,Pharma,Syrups,Below 25C,60.0,30.8,30.3,16.8,0.01568,11.82,3.6,8.0,7.0,56.0,132.60000000000002,686.9200000000001,0.87808,34.68333333333333,0.5438346666666666,0.619345238095238,7491.6,1.0,Pallet racking,1.0,0,7.0394736842105265
PH10339,33941741,2027-08-12,Saleable,6537,2026-02-28,Amoxicillin 125mg/5ml Dry Syrup 60ml,Halvora Healthcare,Pharma,Syrups,Below 25C,24.0,42.6,21.4,15.1,0.01377,8.79,4.4,10.0,7.0,70.0,120.7,640.3,0.9639,272.375,3.75060375,3.8910714285714287,28762.800000000003,4.0,Pallet racking,4.0,0,17.43421052631579
PH10340,34077922,2028-01-28,Saleable,40498,2026-02-28,Loratadine 5mg/5ml Syrup 200ml,Halvora Healthcare,Pharma,Syrups,Below 25C,60.0,41.2,29.9,15.9,0.01959,15.04,6.84,6.0,8.0,48.0,142.2,837.16,0.94032,674.9666666666667,13.222597,14.061805555555557,277006.32,15.0,Pallet racking,15.0,0,22.99342105263158
PH10342,34216457,2026-08-02,Saleable,265,2026-02-28,Ibuprofen 100mg/5ml Suspension 60ml,Halvora Healthcare,Pharma,Syrups,Below 25C,36.0,43.7,26.2,18.2,0.02084,15.91,6.03,8.0,5.0,40.0,106.0,915.96,0.8336,7.361111111111111,0.15340555555555555,0.18402777777777776,1597.95,1.0,Shelving,0.0,1,5.098684210526316
PH10342,34222685,2028-02-01,Saleable,775,2026-02-28,Ibuprofen 100mg/5ml Suspension 60ml,Halvora Healthcare,Pharma,Syrups,Below 25C,36.0,43.7,26.2,18.2,0.02084,15.91,6.03,8.0,5.0,40.0,106.0,915.96,0.8336,21.52777777777778,0.4486388888888889,0.5381944444444444,4673.25,1.0,Pallet racking,1.0,0,23.125
PH10342,34225106,2028-01-26,Saleable,22,2026-02-28,Ibuprofen 100mg/5ml Suspension 60ml,Halvora Healthcare,Pharma,Syrups,Below 25C,36.0,43.7,26.2,18.2,0.02084,15.91,6.03,8.0,5.0,40.0,106.0,915.96,0.8336,0.6111111111111112,0.012735555555555557,0.015277777777777779,132.66,1.0,Shelving,0.0,1,22.92763157894737
PH10342,34254335,2028-11-13,Saleable,367,2026-02-28,Ibuprofen 100mg/5ml Suspension 60ml,Halvora Healthcare,Pharma,Syrups,Below 25C,36.0,43.7,26.2,18.2,0.02084,15.91,6.03,8.0,5.0,40.0,106.0,915.96,0.8336,10.194444444444445,0.21245222222222224,0.2548611111111111,2213.01,1.0,Shelving,0.0,1,32.53289473684211
PH10343,34310048,2028-02-13,Saleable,5083,2026-02-28,Cough Expectorant Syrup 60ml,Halvora Healthcare,Pharma,Syrups,Below 25C,24.0,33.0,34.9,23.6,0.02718,19.58,8.47,7.0,3.0,21.0,85.80000000000001,436.18,0.57078,211.79166666666666,5.756497499999999,10.08531746031746,43053.01,11.0,Pallet racking,11.0,0,23.519736842105264
PH10344,34457103,2027-04-11,Saleable,63,2026-02-28,Cetirizine 5mg/5ml Syrup 60ml,Halvora Healthcare,Pharma,Syrups,Below 25C,48.0,42.4,29.2,19.1,0.02365,15.06,9.19,8.0,5.0,40.0,110.5,627.4,0.946,1.3125,0.031040625000000002,0.0328125,578.9699999999999,1.0,Shelving,0.0,1,13.388157894736842
PH10344,34440408,2028-10-16,Saleable,84,2026-02-28,Cetirizine 5mg/5ml Syrup 60ml,Halvora Healthcare,Pharma,Syrups,Below 25C,48.0,42.4,29.2,19.1,0.02365,15.06,9.19,8.0,5.0,40.0,110.5,627.4,0.946,1.75,0.0413875,0.04375,771.9599999999999,1.0,Shelving,0.0,1,31.61184210526316
PH10344,34443386,2027-03-21,Saleable,226,2026-02-28,Cetirizine 5mg/5ml Syrup 60ml,Halvora Healthcare,Pharma,Syrups,Below 25C,48.0,42.4,29.2,19.1,0.02365,15.06,9.19,8.0,5.0,40.0,110.5,627.4,0.946,4.708333333333333,0.11135208333333332,0.11770833333333333,2076.94,1.0,Shelving,0.0,1,12.697368421052632
PH10344,34486777,2026-11-13,FOC,18,2026-02-28,Cetirizine 5mg/5ml Syrup 60ml,Halvora Healthcare,Pharma,Syrups,Below 25C,48.0,42.4,29.2,19.1,0.02365,15.06,9.19,8.0,5.0,40.0,110.5,627.4,0.946,0.375,0.00886875,0.009375,165.42,1.0,Shelving,0.0,1,8.486842105263158
PH10345,34527455,2027-02-15,Saleable,414,2026-02-28,Lactulose 3.3g/5ml Solution 100ml,Solandra Health,Pharma,Syrups,Below 25C,24.0,44.9,33.1,17.1,0.02541,19.59,5.42,4.0,6.0,24.0,117.6,495.16,0.6098399999999999,17.25,0.43832249999999995,0.71875,2243.88,1.0,Pallet racking,1.0,0,11.578947368421053
PH10345,34544609,2027-10-11,Saleable,173,2026-02-28,Lactulose 3.3g/5ml Solution 100ml,Solandra Health,Pharma,Syrups,Below 25C,24.0,44.9,33.1,17.1,0.02541,19.59,5.42,4.0,6.0,24.0,117.6,495.16,0.6098399999999999,7.208333333333333,0.18316375,0.3003472222222222,937.66,1.0,Shelving,0.0,1,19.407894736842106
PH10345,34579144,2026-08-13,FOC,29,2026-02-28,Lactulose 3.3g/5ml Solution 100ml,Solandra Health,Pharma,Syrups,Below 25C,24.0,44.9,33.1,17.1,0.02541,19.59,5.42,4.0,6.0,24.0,117.6,495.16,0.6098399999999999,1.2083333333333333,0.030703749999999995,0.05034722222222222,157.18,1.0,Shelving,0.0,1,5.460526315789474
PH10346,34676628,2026-06-27,Saleable,341,2026-02-28,Salbutamol 2mg/5ml Syrup 200ml,Solandra Health,Pharma,Syrups,Below 25C,36.0,37.3,22.2,20.0,0.01656,9.5,8.5,12.0,5.0,60.0,115.0,595.0,0.9936,9.472222222222221,0.15685999999999997,0.15787037037037036,2898.5,1.0,Shelving,0.0,1,3.9144736842105265
PH10346,34694790,2026-07-24,Saleable,4561,2026-02-28,Salbutamol 2mg/5ml Syrup 200ml,Solandra Health,Pharma,Syrups,Below 25C,36.0,37.3,22.2,20.0,0.01656,9.5,8.5,12.0,5.0,60.0,115.0,595.0,0.9936,126.69444444444444,2.09806,2.111574074074074,38768.5,3.0,Pallet racking,3.0,0,4.802631578947369
PH10347,34711289,2026-08-31,Saleable,3043,2026-02-28,Iron Tonic Syrup 100ml,Solandra Health,Pharma,Syrups,Below 25C,36.0,40.9,33.6,22.6,0.03106,19.95,11.78,6.0,5.0,30.0,128.0,623.5,0.9318,84.52777777777777,2.6254327777777777,2.817592592592592,35846.54,3.0,Pallet racking,3.0,0,6.052631578947369
PH10348,34882665,2028-05-30,Saleable,189,2026-02-28,Cough Expectorant Syrup 200ml,Solandra Health,Pharma,Syrups,Below 25C,36.0,34.2,27.0,21.2,0.01958,11.39,10.3,9.0,3.0,27.0,78.6,332.53000000000003,0.52866,5.25,0.102795,0.19444444444444445,1946.7,1.0,Shelving,0.0,1,27.039473684210527
PH10348,34895500,2028-10-20,Saleable,286,2026-02-28,Cough Expectorant Syrup 200ml,Solandra Health,Pharma,Syrups,Below 25C,36.0,34.2,27.0,21.2,0.01958,11.39,10.3,9.0,3.0,27.0,78.6,332.53000000000003,0.52866,7.944444444444445,0.15555222222222223,0.294238683127572,2945.8,1.0,Shelving,0.0,1,31.74342105263158
PH10349,34993585,2028-09-03,Saleable,3205,2026-02-28,Antacid Oral Suspension 100ml,Halvora Healthcare,Pharma,Syrups,Below 25C,48.0,40.5,22.2,21.5,0.01933,12.85,4.63,10.0,4.0,40.0,101.0,539.0,0.7732,66.77083333333333,1.2906802083333333,1.6692708333333333,14839.15,2.0,Pallet racking,2.0,0,30.197368421052634
PH10350,35042316,2027-03-18,Saleable,1688,2026-02-28,Amoxicillin 125mg/5ml Dry Syrup 200ml,Halvora Healthcare,Pharma,Syrups,Below 25C,48.0,36.1,24.5,22.4,0.01981,14.05,11.26,10.0,5.0,50.0,127.0,727.5,0.9905,35.166666666666664,0.6966516666666667,0.7033333333333333,19006.88,1.0,Pallet racking,1.0,0,12.598684210526317
PH10351,35156445,2028-04-05,Saleable,4964,2026-02-28,Antacid Oral Suspension 200ml,Solandra Health,Pharma,Syrups,Below 25C,24.0,38.0,33.9,21.1,0.02718,20.82,3.9,6.0,4.0,24.0,99.4,524.6800000000001,0.65232,206.83333333333334,5.62173,8.618055555555555,19359.6,9.0,Pallet racking,9.0,0,25.230263157894736
PH10352,35298772,2027-04-13,Saleable,1803,2026-02-28,Paracetamol 120mg/5ml Syrup 200ml,Halvora Healthcare,Pharma,Syrups,Below 25C,60.0,37.3,24.3,17.6,0.01595,10.07,3.67,12.0,5.0,60.0,103.0,750.04,0.957,30.05,0.4792975,0.5008333333333334,6617.01,1.0,Pallet racking,1.0,0,13.453947368421053
PH10352,35260741,2028-09-17,Saleable,13,2026-02-28,Paracetamol 120mg/5ml Syrup 200ml,Halvora Healthcare,Pharma,Syrups,Below 25C,60.0,37.3,24.3,17.6,0.01595,10.07,3.67,12.0,5.0,60.0,103.0,750.04,0.957,0.21666666666666667,0.0034558333333333333,0.0036111111111111114,47.71,1.0,Shelving,0.0,1,30.657894736842106
PH10353,35367350,2028-05-03,Saleable,2044,2026-02-28,Multivitamin Syrup 60ml,Halvora Healthcare,Pharma,Syrups,Below 25C,60.0,33.5,25.4,19.0,0.01617,11.05,5.42,8.0,6.0,48.0,129.0,555.4000000000001,0.77616,34.06666666666667,0.5508580000000001,0.7097222222222223,11078.48,1.0,Pallet racking,1.0,0,26.151315789473685
PH10353,35376281,2027-10-06,Saleable,368,2026-02-28,Multivitamin Syrup 60ml,Halvora Healthcare,Pharma,Syrups,Below 25C,60.0,33.5,25.4,19.0,0.01617,11.05,5.42,8.0,6.0,48.0,129.0,555.4000000000001,0.77616,6.133333333333334,0.09917600000000001,0.1277777777777778,1994.56,1.0,Shelving,0.0,1,19.24342105263158
PH10353,35357567,2027-10-26,Saleable,1550,2026-02-28,Multivitamin Syrup 60ml,Halvora Healthcare,Pharma,Syrups,Below 25C,60.0,33.5,25.4,19.0,0.01617,11.05,5.42,8.0,6.0,48.0,129.0,555.4000000000001,0.77616,25.833333333333332,0.417725,0.5381944444444444,8401.0,1.0,Pallet racking,1.0,0,19.901315789473685
PH10354,35486188,2026-07-02,Saleable,374,2026-02-28,Oral Rehydration Solution 200ml,Halvora Healthcare,Pharma,Syrups,Below 25C,60.0,35.3,30.1,22.5,0.02391,14.92,11.92,9.0,5.0,45.0,127.5,830.68,1.07595,6.233333333333333,0.149039,0.1385185185185185,4458.08,1.0,Shelving,0.0,1,4.078947368421053
PH10355,35570760,2027-03-14,Saleable,18196,2026-02-28,Loratadine 5mg/5ml Syrup 100ml,Solandra Health,Pharma,Syrups,Below 25C,36.0,31.9,32.0,18.0,0.01837,12.97,10.52,9.0,6.0,54.0,123.0,842.11,0.99198,505.44444444444446,9.285014444444446,9.360082304526749,191421.91999999998,10.0,Pallet racking,10.0,0,12.467105263157896
PH10355,35581257,2027-02-15,Sample,363,2026-02-28,Loratadine 5mg/5ml Syrup 100ml,Solandra Health,Pharma,Syrups,Below 25C,36.0,31.9,32.0,18.0,0.01837,12.97,10.52,9.0,6.0,54.0,123.0,842.11,0.99198,10.083333333333334,0.18523083333333334,0.18672839506172842,3818.7599999999998,1.0,Shelving,0.0,1,11.578947368421053
PH10356,35664264,2026-08-09,Saleable,20201,2026-02-28,Azithromycin 200mg/5ml Suspension 200ml,Solandra Health,Pharma,Syrups,Below 25C,48.0,42.9,24.8,15.9,0.01692,9.34,9.97,8.0,6.0,48.0,110.4,473.32,0.81216,420.8541666666667,7.120852500000001,8.76779513888889,201403.97,9.0,Pallet racking,9.0,0,5.328947368421053
PH10357,35738087,2028-11-08,Saleable,163,2026-02-28,Amoxicillin 125mg/5ml Dry Syrup 100ml,Solandra Health,Pharma,Syrups,Below 25C,60.0,41.6,31.1,25.0,0.03234,20.73,4.57,6.0,5.0,30.0,140.0,771.28,0.9702,2.716666666666667,0.087857,0.09055555555555556,744.9100000000001,1.0,Shelving,0.0,1,32.36842105263158
PH10357,35798921,2027-08-08,Saleable,155,2026-02-28,Amoxicillin 125mg/5ml Dry Syrup 100ml,Solandra Health,Pharma,Syrups,Below 25C,60.0,41.6,31.1,25.0,0.03234,20.73,4.57,6.0,5.0,30.0,140.0,771.28,0.9702,2.5833333333333335,0.08354500000000001,0.08611111111111111,708.35,1.0,Shelving,0.0,1,17.30263157894737
PH10358,35894150,2029-01-01,Saleable,465,2026-02-28,Oral Rehydration Solution 60ml,Halvora Healthcare,Pharma,Syrups,Below 25C,60.0,36.7,20.2,21.1,0.01564,10.25,10.75,10.0,4.0,40.0,99.4,435.0,0.6256,7.75,0.12121000000000001,0.19375,4998.75,1.0,Shelving,0.0,1,34.14473684210527
PH10359,35985700,2027-04-09,Saleable,8032,2026-02-28,Salbutamol 2mg/5ml Syrup 60ml,Solandra Health,Pharma,Syrups,Below 25C,60.0,38.3,25.7,17.2,0.01693,13.27,10.5,9.0,6.0,54.0,118.2,980.44,0.91422,133.86666666666667,2.2663626666666667,2.4790123456790125,84336.0,3.0,Pallet racking,3.0,0,13.322368421052632
PH10360,36029995,2027-07-05,Saleable,797,2026-02-28,Cetirizine 5mg/5ml Syrup 100ml,Halvora Healthcare,Pharma,Syrups,Below 25C,60.0,38.2,30.9,17.3,0.02042,13.25,11.51,9.0,5.0,45.0,101.5,621.25,0.9189,13.283333333333333,0.27124566666666666,0.29518518518518516,9173.47,1.0,Pallet racking,1.0,0,16.18421052631579
PH10361,36158941,2028-09-12,Saleable,3756,2026-02-28,Antacid Oral Suspension 60ml,Halvora Healthcare,Pharma,Syrups,Below 25C,36.0,36.6,21.8,18.4,0.01468,11.6,6.71,12.0,5.0,60.0,107.0,721.0,0.8808,104.33333333333333,1.5316133333333333,1.7388888888888887,25202.76,2.0,Pallet racking,2.0,0,30.49342105263158
PH10361,36179128,2026-11-04,Saleable,400,2026-02-28,Antacid Oral Suspension 60ml,Halvora Healthcare,Pharma,Syrups,Below 25C,36.0,36.6,21.8,18.4,0.01468,11.6,6.71,12.0,5.0,60.0,107.0,721.0,0.8808,11.11111111111111,0.1631111111111111,0.18518518518518517,2684.0,1.0,Shelving,0.0,1,8.19078947368421
PH10362,36296022,2028-03-03,Saleable,1019,2026-02-28,Salbutamol 2mg/5ml Syrup 100ml,Halvora Healthcare,Pharma,Syrups,Below 25C,24.0,36.8,20.6,18.6,0.0141,10.93,5.27,12.0,5.0,60.0,108.0,680.8,0.846,42.458333333333336,0.5986625,0.7076388888888889,5370.129999999999,1.0,Pallet racking,1.0,0,24.144736842105264
PH10362,36262831,2028-04-01,Saleable,5614,2026-02-28,Salbutamol 2mg/5ml Syrup 100ml,Halvora Healthcare,Pharma,Syrups,Below 25C,24.0,36.8,20.6,18.6,0.0141,10.93,5.27,12.0,5.0,60.0,108.0,680.8,0.846,233.91666666666666,3.298225,3.898611111111111,29585.78,4.0,Pallet racking,4.0,0,25.09868421052632
PH10363,36311835,2029-02-10,Saleable,10,2026-02-28,Multivitamin Syrup 100ml,Solandra Health,Pharma,Syrups,Below 25C,48.0,38.0,26.4,21.3,0.02137,14.97,10.88,9.0,5.0,45.0,121.5,833.38,0.96165,0.20833333333333334,0.004452083333333334,0.00462962962962963,108.80000000000001,1.0,Shelving,0.0,1,35.46052631578947
PH10363,36378927,2027-04-06,Saleable,533,2026-02-28,Multivitamin Syrup 100ml,Solandra Health,Pharma,Syrups,Below 25C,48.0,38.0,26.4,21.3,0.02137,14.97,10.88,9.0,5.0,45.0,121.5,833.38,0.96165,11.104166666666666,0.23729604166666665,0.24675925925925923,5799.04,1.0,Shelving,0.0,1,13.223684210526317
PH10364,36466745,2028-01-11,Saleable,7786,2026-02-28,Loratadine 5mg/5ml Syrup 60ml,Halvora Healthcare,Pharma,Syrups,Below 25C,48.0,38.9,24.9,15.7,0.01521,9.66,3.72,12.0,6.0,72.0,109.2,952.36,1.09512,162.20833333333334,2.46718875,2.2528935185185186,28963.920000000002,3.0,Pallet racking,3.0,0,22.43421052631579
PH10365,36584780,2027-07-04,Saleable,1801,2026-02-28,Ibuprofen 100mg/5ml Suspension 100ml,Solandra Health,Pharma,Syrups,Below 25C,36.0,35.2,28.4,24.6,0.02459,18.76,6.86,9.0,2.0,18.0,64.2,362.68,0.44262,50.02777777777778,1.2301830555555555,2.7793209876543212,12354.86,3.0,Pallet racking,3.0,0,16.151315789473685
PH10365,36542467,2028-11-10,Saleable,1188,2026-02-28,Ibuprofen 100mg/5ml Suspension 100ml,Solandra Health,Pharma,Syrups,Below 25C,36.0,35.2,28.4,24.6,0.02459,18.76,6.86,9.0,2.0,18.0,64.2,362.68,0.44262,33.0,0.81147,1.8333333333333333,8149.68,2.0,Pallet racking,2.0,0,32.43421052631579
PH10366,36637466,2026-09-23,Saleable,1908,2026-02-28,Lactulose 3.3g/5ml Solution 60ml,Halvora Healthcare,Pharma,Syrups,Below 25C,36.0,34.6,27.1,18.4,0.01725,13.69,8.92,9.0,5.0,45.0,107.0,887.4699999999999,0.7762500000000001,53.0,0.9142500000000001,1.1777777777777778,17019.36,2.0,Pallet racking,2.0,0,6.809210526315789
PH10366,36683135,2029-01-02,Saleable,229,2026-02-28,Lactulose 3.3g/5ml Solution 60ml,Halvora Healthcare,Pharma,Syrups,Below 25C,36.0,34.6,27.1,18.4,0.01725,13.69,8.92,9.0,5.0,45.0,107.0,887.4699999999999,0.7762500000000001,6.361111111111111,0.10972916666666667,0.14135802469135803,2042.68,1.0,Shelving,0.0,1,34.17763157894737
PH10367,36745811,2027-07-23,Saleable,3566,2026-02-28,Zinc Sulfate Syrup 200ml,Solandra Health,Pharma,Syrups,Below 25C,48.0,44.6,27.9,20.7,0.02576,16.09,6.42,8.0,5.0,40.0,118.5,797.3199999999999,1.0304,74.29166666666667,1.9137533333333336,1.8572916666666668,22893.72,2.0,Pallet racking,2.0,0,16.776315789473685
PH10367,36740921,2027-09-27,Saleable,4602,2026-02-28,Zinc Sulfate Syrup 200ml,Solandra Health,Pharma,Syrups,Below 25C,48.0,44.6,27.9,20.7,0.02576,16.09,6.42,8.0,5.0,40.0,118.5,797.3199999999999,1.0304,95.875,2.4697400000000003,2.396875,29544.84,3.0,Pallet racking,3.0,0,18.947368421052634
PH10368,36858159,2027-04-07,Saleable,1232,2026-02-28,Lactulose 3.3g/5ml Solution 200ml,Solandra Health,Pharma,Syrups,Below 25C,48.0,41.5,28.0,15.4,0.01789,12.94,10.3,8.0,4.0,32.0,76.6,439.08,0.57248,25.666666666666668,0.4591766666666667,0.8020833333333334,12689.6,1.0,Pallet racking,1.0,0,13.256578947368421
PH10368,36824755,2027-12-01,Saleable,2786,2026-02-28,Lactulose 3.3g/5ml Solution 200ml,Solandra Health,Pharma,Syrups,Below 25C,48.0,41.5,28.0,15.4,0.01789,12.94,10.3,8.0,4.0,32.0,76.6,439.08,0.57248,58.041666666666664,1.0383654166666667,1.8138020833333333,28695.800000000003,2.0,Pallet racking,2.0,0,21.085526315789476
PH10368,36880335,2028-07-19,Saleable,2065,2026-02-28,Lactulose 3.3g/5ml Solution 200ml,Solandra Health,Pharma,Syrups,Below 25C,48.0,41.5,28.0,15.4,0.01789,12.94,10.3,8.0,4.0,32.0,76.6,439.08,0.57248,43.020833333333336,0.7696427083333334,1.3444010416666667,21269.5,2.0,Pallet racking,2.0,0,28.68421052631579
PH10369,36936821,2026-08-03,Saleable,19,2026-02-28,Ibuprofen 100mg/5ml Suspension 200ml,Solandra Health,Pharma,Syrups,Below 25C,24.0,35.2,30.7,17.7,0.01913,11.97,3.12,7.0,3.0,21.0,68.1,276.37,0.40173,0.7916666666666666,0.015144583333333333,0.037698412698412696,59.28,1.0,Shelving,0.0,1,5.131578947368421
PH10369,36927434,2027-01-05,Saleable,31,2026-02-28,Ibuprofen 100mg/5ml Suspension 200ml,Solandra Health,Pharma,Syrups,Below 25C,24.0,35.2,30.7,17.7,0.01913,11.97,3.12,7.0,3.0,21.0,68.1,276.37,0.40173,1.2916666666666667,0.024709583333333337,0.06150793650793651,96.72,1.0,Shelving,0.0,1,10.230263157894738
PH10370,37052620,2029-02-03,Saleable,1150,2026-02-28,Zinc Sulfate Syrup 60ml,Halvora Healthcare,Pharma,Syrups,Below 25C,48.0,35.1,21.2,18.8,0.01399,9.79,7.42,12.0,4.0,48.0,90.2,494.92,0.67152,23.958333333333332,0.33517708333333335,0.4991319444444444,8533.0,1.0,Pallet racking,1.0,0,35.23026315789474
PH10370,37046549,2029-01-28,Saleable,2478,2026-02-28,Zinc Sulfate Syrup 60ml,Halvora Healthcare,Pharma,Syrups,Below 25C,48.0,35.1,21.2,18.8,0.01399,9.79,7.42,12.0,4.0,48.0,90.2,494.92,0.67152,51.625,0.72223375,1.0755208333333333,18386.76,2.0,Pallet racking,2.0,0,35.03289473684211
PH10370,37088567,2028-10-13,Saleable,39,2026-02-28,Zinc Sulfate Syrup 60ml,Halvora Healthcare,Pharma,Syrups,Below 25C,48.0,35.1,21.2,18.8,0.01399,9.79,7.42,12.0,4.0,48.0,90.2,494.92,0.67152,0.8125,0.011366875,0.016927083333333332,289.38,1.0,Shelving,0.0,1,31.513157894736842
PH10371,37163168,2027-01-07,Saleable,2864,2026-02-28,Glucose 4% + NaCl 0.18% IV 250ml Bag,Clearford Infusions,Pharma,IV Fluids,Below 25C,12.0,50.6,36.5,22.4,0.04137,37.49,5.68,4.0,4.0,16.0,104.6,924.76,0.66192,238.66666666666666,9.873639999999998,14.916666666666666,16267.519999999999,15.0,Pallet racking,15.0,0,10.296052631578949
PH10372,37229049,2026-12-27,Saleable,745,2026-02-28,Glucose 4% + NaCl 0.18% IV 1000ml Bag,Clearford Infusions,Pharma,IV Fluids,Below 25C,12.0,52.5,32.2,22.2,0.03753,32.89,1.96,6.0,3.0,18.0,81.6,814.36,0.67554,62.083333333333336,2.3299875,3.4490740740740744,1460.2,4.0,Pallet racking,4.0,0,9.93421052631579
PH10372,37235726,2028-03-19,Saleable,2052,2026-02-28,Glucose 4% + NaCl 0.18% IV 1000ml Bag,Clearford Infusions,Pharma,IV Fluids,Below 25C,12.0,52.5,32.2,22.2,0.03753,32.89,1.96,6.0,3.0,18.0,81.6,814.36,0.67554,171.0,6.41763,9.5,4021.92,10.0,Pallet racking,10.0,0,24.67105263157895
PH10373,37330313,2028-04-28,Saleable,2930,2026-02-28,Compound Sodium Lactate IV 1000ml Bottle,Clearford Infusions,Pharma,IV Fluids,Below 25C,12.0,45.8,39.1,27.9,0.04996,49.79,5.06,5.0,2.0,10.0,70.8,771.85,0.4996,244.16666666666666,12.198566666666666,24.416666666666664,14825.8,25.0,Pallet racking,25.0,0,25.986842105263158
PH10373,37389000,2025-06-15,Expired,234,2026-02-28,Compound Sodium Lactate IV 1000ml Bottle,Clearford Infusions,Pharma,IV Fluids,Below 25C,12.0,45.8,39.1,27.9,0.04996,49.79,5.06,5.0,2.0,10.0,70.8,771.85,0.4996,19.5,0.97422,1.95,1184.04,2.0,Quarantine,0.0,0,-8.486842105263158
PH10374,37497444,2028-07-04,Saleable,967,2026-02-28,Sodium Chloride 0.45% IV 1000ml Bottle,Clearford Infusions,Pharma,IV Fluids,Below 25C,24.0,45.2,30.6,27.9,0.03859,36.5,2.49,6.0,3.0,18.0,98.7,901.0,0.69462,40.291666666666664,1.5548554166666666,2.2384259259259256,2407.8300000000004,3.0,Pallet racking,3.0,0,28.190789473684212
PH10375,37588475,2027-07-02,Saleable,4536,2026-02-28,Dextrose 5% IV 1000ml Bag,Clearford Infusions,Pharma,IV Fluids,Below 25C,24.0,52.7,30.7,21.3,0.03446,31.21,5.4,4.0,5.0,20.0,121.5,898.88,0.6891999999999999,189.0,6.5129399999999995,9.45,24494.4,10.0,Pallet racking,10.0,0,16.085526315789476
PH10376,37649542,2028-11-29,Saleable,78,2026-02-28,Sodium Chloride 0.9% IV 1000ml Bottle,Clearford Infusions,Pharma,IV Fluids,Below 25C,20.0,45.9,31.4,21.6,0.03113,31.1,3.88,6.0,3.0,18.0,79.80000000000001,958.0,0.5603400000000001,3.9,0.121407,0.21666666666666667,302.64,1.0,Shelving,0.0,1,33.05921052631579
PH10376,37669770,2028-09-06,Saleable,2693,2026-02-28,Sodium Chloride 0.9% IV 1000ml Bottle,Clearford Infusions,Pharma,IV Fluids,Below 25C,20.0,45.9,31.4,21.6,0.03113,31.1,3.88,6.0,3.0,18.0,79.80000000000001,958.0,0.5603400000000001,134.65,4.1916545,7.480555555555556,10448.84,8.0,Pallet racking,8.0,0,30.29605263157895
PH10376,37665765,2027-01-27,Saleable,2195,2026-02-28,Sodium Chloride 0.9% IV 1000ml Bottle,Clearford Infusions,Pharma,IV Fluids,Below 25C,20.0,45.9,31.4,21.6,0.03113,31.1,3.88,6.0,3.0,18.0,79.80000000000001,958.0,0.5603400000000001,109.75,3.4165175000000003,6.097222222222222,8516.6,7.0,Pallet racking,7.0,0,10.953947368421053
PH10377,37781535,2027-05-08,Saleable,672,2026-02-28,Dextrose 10% IV 250ml Bag,Clearford Infusions,Pharma,IV Fluids,Below 25C,20.0,45.4,30.2,27.8,0.03812,36.84,4.32,6.0,3.0,18.0,98.4,909.16,0.68616,33.6,1.2808320000000002,1.8666666666666667,2903.04,2.0,Pallet racking,2.0,0,14.276315789473685
PH10378,37890470,2029-01-07,Saleable,3289,2026-02-28,Sodium Chloride 0.9% IV 1000ml Bag,Clearford Infusions,Pharma,IV Fluids,Below 25C,12.0,48.8,32.6,25.9,0.0412,36.92,4.91,4.0,4.0,16.0,118.6,763.4000000000001,0.6592,274.0833333333333,11.292233333333332,17.130208333333332,16148.99,18.0,Pallet racking,18.0,0,34.3421052631579
PH10379,37997696,2027-05-20,Saleable,107,2026-02-28,Glucose 4% + NaCl 0.18% IV 500ml Bag,Clearford Infusions,Pharma,IV Fluids,Below 25C,10.0,45.4,37.3,24.1,0.04081,40.35,5.5,6.0,2.0,12.0,63.2,751.3000000000001,0.48972,10.7,0.43666699999999997,0.8916666666666666,588.5,1.0,Pallet racking,1.0,0,14.671052631578949
PH10379,37972226,2028-02-18,Saleable,1100,2026-02-28,Glucose 4% + NaCl 0.18% IV 500ml Bag,Clearford Infusions,Pharma,IV Fluids,Below 25C,10.0,45.4,37.3,24.1,0.04081,40.35,5.5,6.0,2.0,12.0,63.2,751.3000000000001,0.48972,110.0,4.4891,9.166666666666666,6050.0,10.0,Pallet racking,10.0,0,23.68421052631579
PH10379,37962793,2026-06-06,Sample,24,2026-02-28,Glucose 4% + NaCl 0.18% IV 500ml Bag,Clearford Infusions,Pharma,IV Fluids,Below 25C,10.0,45.4,37.3,24.1,0.04081,40.35,5.5,6.0,2.0,12.0,63.2,751.3000000000001,0.48972,2.4,0.09794399999999999,0.19999999999999998,132.0,1.0,Shelving,0.0,1,3.223684210526316
PH10380,38016540,2028-06-30,Saleable,1508,2026-02-28,Compound Sodium Lactate IV 1000ml Bag,Clearford Infusions,Pharma,IV Fluids,Below 25C,10.0,50.2,30.5,28.1,0.04302,36.84,3.24,5.0,3.0,15.0,99.3,577.6,0.6453,150.8,6.4874160000000005,10.053333333333335,4885.92,11.0,Pallet racking,11.0,0,28.05921052631579
PH10380,38028631,2026-05-21,Damaged,45,2026-02-28,Compound Sodium Lactate IV 1000ml Bag,Clearford Infusions,Pharma,IV Fluids,Below 25C,10.0,50.2,30.5,28.1,0.04302,36.84,3.24,5.0,3.0,15.0,99.3,577.6,0.6453,4.5,0.19359,0.3,145.8,1.0,Quarantine,0.0,0,2.697368421052632
PH10381,38172470,2027-04-29,Saleable,927,2026-02-28,Dextrose 5% IV 500ml Bag,Clearford Infusions,Pharma,IV Fluids,Below 25C,20.0,41.5,34.5,20.6,0.02949,27.86,2.29,6.0,4.0,24.0,97.4,860.8,0.70776,46.35,1.3668615,1.9312500000000001,2122.83,2.0,Pallet racking,2.0,0,13.980263157894738
PH10381,38182289,2028-08-14,Saleable,2958,2026-02-28,Dextrose 5% IV 500ml Bag,Clearford Infusions,Pharma,IV Fluids,Below 25C,20.0,41.5,34.5,20.6,0.02949,27.86,2.29,6.0,4.0,24.0,97.4,860.8,0.70776,147.9,4.361571,6.1625000000000005,6773.82,7.0,Pallet racking,7.0,0,29.539473684210527
PH10381,38130743,2028-08-28,Saleable,2698,2026-02-28,Dextrose 5% IV 500ml Bag,Clearford Infusions,Pharma,IV Fluids,Below 25C,20.0,41.5,34.5,20.6,0.02949,27.86,2.29,6.0,4.0,24.0,97.4,860.8,0.70776,134.9,3.978201,5.620833333333334,6178.42,6.0,Pallet racking,6.0,0,30.0
PH10381,38129418,2028-05-22,Saleable,1094,2026-02-28,Dextrose 5% IV 500ml Bag,Clearford Infusions,Pharma,IV Fluids,Below 25C,20.0,41.5,34.5,20.6,0.02949,27.86,2.29,6.0,4.0,24.0,97.4,860.8,0.70776,54.7,1.613103,2.279166666666667,2505.26,3.0,Pallet racking,3.0,0,26.776315789473685
PH10382,38251422,2028-04-26,Saleable,3362,2026-02-28,Glucose 4% + NaCl 0.18% IV 1000ml Bottle,Clearford Infusions,Pharma,IV Fluids,Below 25C,10.0,42.6,33.6,21.8,0.0312,28.69,3.92,6.0,3.0,18.0,80.4,541.4200000000001,0.5616,336.2,10.489439999999998,18.677777777777777,13179.039999999999,19.0,Pallet racking,19.0,0,25.92105263157895
PH10383,38338432,2027-10-08,Saleable,669,2026-02-28,Sodium Chloride 0.45% IV 250ml Bag,Clearford Infusions,Pharma,IV Fluids,Below 25C,24.0,57.0,39.9,20.7,0.04708,42.85,1.54,3.0,5.0,15.0,118.5,667.75,0.7061999999999999,27.875,1.312355,1.8583333333333334,1030.26,2.0,Pallet racking,2.0,0,19.30921052631579
PH10383,38394678,2029-01-05,Saleable,65,2026-02-28,Sodium Chloride 0.45% IV 250ml Bag,Clearford Infusions,Pharma,IV Fluids,Below 25C,24.0,57.0,39.9,20.7,0.04708,42.85,1.54,3.0,5.0,15.0,118.5,667.75,0.7061999999999999,2.7083333333333335,0.12750833333333333,0.18055555555555555,100.10000000000001,1.0,Shelving,0.0,1,34.276315789473685
PH10384,38452409,2028-08-26,Saleable,148,2026-02-28,Compound Sodium Lactate IV 250ml Bag,Clearford Infusions,Pharma,IV Fluids,Below 25C,20.0,58.7,33.9,25.1,0.04995,48.91,1.79,4.0,3.0,12.0,90.3,1003.2,0.5994,7.4,0.36963,0.6166666666666667,264.92,1.0,Pallet racking,1.0,0,29.93421052631579
PH10384,38473200,2028-06-08,Saleable,238,2026-02-28,Compound Sodium Lactate IV 250ml Bag,Clearford Infusions,Pharma,IV Fluids,Below 25C,20.0,58.7,33.9,25.1,0.04995,48.91,1.79,4.0,3.0,12.0,90.3,1003.2,0.5994,11.9,0.5944050000000001,0.9916666666666667,426.02,1.0,Pallet racking,1.0,0,27.335526315789476
PH10384,38470132,2027-12-20,Saleable,228,2026-02-28,Compound Sodium Lactate IV 250ml Bag,Clearford Infusions,Pharma,IV Fluids,Below 25C,20.0,58.7,33.9,25.1,0.04995,48.91,1.79,4.0,3.0,12.0,90.3,1003.2,0.5994,11.4,0.56943,0.9500000000000001,408.12,1.0,Pallet racking,1.0,0,21.710526315789476
PH10385,38548301,2027-06-20,Saleable,3466,2026-02-28,Glucose 4% + NaCl 0.18% IV 500ml Bottle,Clearford Infusions,Pharma,IV Fluids,Below 25C,20.0,40.6,31.8,26.3,0.03396,31.6,5.56,5.0,4.0,20.0,120.2,657.0,0.6791999999999999,173.3,5.885268,8.665000000000001,19270.96,9.0,Pallet racking,9.0,0,15.69078947368421
PH10386,38681245,2027-02-07,Saleable,392,2026-02-28,Dextrose 10% IV 1000ml Bottle,Clearford Infusions,Pharma,IV Fluids,Below 25C,10.0,43.7,34.3,28.4,0.04257,40.95,3.45,6.0,2.0,12.0,71.8,516.4000000000001,0.51084,39.2,1.668744,3.266666666666667,1352.4,4.0,Pallet racking,4.0,0,11.31578947368421
PH10386,38620424,2027-07-16,Saleable,230,2026-02-28,Dextrose 10% IV 1000ml Bottle,Clearford Infusions,Pharma,IV Fluids,Below 25C,10.0,43.7,34.3,28.4,0.04257,40.95,3.45,6.0,2.0,12.0,71.8,516.4000000000001,0.51084,23.0,0.9791099999999999,1.9166666666666667,793.5,2.0,Pallet racking,2.0,0,16.54605263157895
PH10386,38670707,2027-03-01,Saleable,15,2026-02-28,Dextrose 10% IV 1000ml Bottle,Clearford Infusions,Pharma,IV Fluids,Below 25C,10.0,43.7,34.3,28.4,0.04257,40.95,3.45,6.0,2.0,12.0,71.8,516.4000000000001,0.51084,1.5,0.063855,0.125,51.75,1.0,Shelving,0.0,1,12.039473684210527
PH10387,38770605,2027-11-20,Saleable,1883,2026-02-28,Dextrose 10% IV 500ml Bottle,Clearford Infusions,Pharma,IV Fluids,Below 25C,10.0,55.0,31.3,21.2,0.0365,33.54,3.95,6.0,3.0,18.0,78.6,829.96,0.6569999999999999,188.3,6.87295,10.461111111111112,7437.85,11.0,Pallet racking,11.0,0,20.723684210526315
PH10388,38899038,2026-09-12,Saleable,100,2026-02-28,Dextrose 10% IV 1000ml Bag,Clearford Infusions,Pharma,IV Fluids,Below 25C,24.0,59.8,39.0,25.0,0.0583,52.58,1.74,2.0,4.0,8.0,115.0,445.64,0.4664,4.166666666666667,0.24291666666666667,0.5208333333333334,174.0,1.0,Shelving,0.0,1,6.447368421052632
PH10388,38831800,2028-04-02,Saleable,454,2026-02-28,Dextrose 10% IV 1000ml Bag,Clearford Infusions,Pharma,IV Fluids,Below 25C,24.0,59.8,39.0,25.0,0.0583,52.58,1.74,2.0,4.0,8.0,115.0,445.64,0.4664,18.916666666666668,1.1028416666666667,2.3645833333333335,789.96,3.0,Pallet racking,3.0,0,25.13157894736842
PH10388,38811535,2027-07-29,Saleable,25,2026-02-28,Dextrose 10% IV 1000ml Bag,Clearford Infusions,Pharma,IV Fluids,Below 25C,24.0,59.8,39.0,25.0,0.0583,52.58,1.74,2.0,4.0,8.0,115.0,445.64,0.4664,1.0416666666666667,0.06072916666666667,0.13020833333333334,43.5,1.0,Shelving,0.0,1,16.973684210526315
PH10388,38824539,2027-10-28,FOC,29,2026-02-28,Dextrose 10% IV 1000ml Bag,Clearford Infusions,Pharma,IV Fluids,Below 25C,24.0,59.8,39.0,25.0,0.0583,52.58,1.74,2.0,4.0,8.0,115.0,445.64,0.4664,1.2083333333333333,0.07044583333333333,0.15104166666666666,50.46,1.0,Shelving,0.0,1,19.967105263157897
PH10388,38827195,2027-01-14,Damaged,17,2026-02-28,Dextrose 10% IV 1000ml Bag,Clearford Infusions,Pharma,IV Fluids,Below 25C,24.0,59.8,39.0,25.0,0.0583,52.58,1.74,2.0,4.0,8.0,115.0,445.64,0.4664,0.7083333333333334,0.04129583333333334,0.08854166666666667,29.58,1.0,Quarantine,0.0,0,10.526315789473685
PH10389,38911895,2028-10-14,Saleable,2641,2026-02-28,Sodium Chloride 0.45% IV 500ml Bag,Clearford Infusions,Pharma,IV Fluids,Below 25C,10.0,42.8,35.1,24.4,0.03666,36.5,1.99,5.0,3.0,15.0,88.19999999999999,755.0,0.5498999999999999,264.1,9.681906,17.60666666666667,5255.59,18.0,Pallet racking,18.0,0,31.54605263157895
PH10389,38981119,2027-12-22,Saleable,834,2026-02-28,Sodium Chloride 0.45% IV 500ml Bag,Clearford Infusions,Pharma,IV Fluids,Below 25C,10.0,42.8,35.1,24.4,0.03666,36.5,1.99,5.0,3.0,15.0,88.19999999999999,755.0,0.5498999999999999,83.4,3.0574440000000003,5.5600000000000005,1659.66,6.0,Pallet racking,6.0,0,21.776315789473685
PH10389,38927400,2027-04-02,Sample,69,2026-02-28,Sodium Chloride 0.45% IV 500ml Bag,Clearford Infusions,Pharma,IV Fluids,Below 25C,10.0,42.8,35.1,24.4,0.03666,36.5,1.99,5.0,3.0,15.0,88.19999999999999,755.0,0.5498999999999999,6.9,0.252954,0.46,137.31,1.0,Pallet racking,1.0,0,13.092105263157896
PH10390,39066827,2028-12-05,Saleable,7,2026-02-28,Compound Sodium Lactate IV 500ml Bag,Clearford Infusions,Pharma,IV Fluids,Below 25C,12.0,45.6,38.4,24.1,0.0422,41.51,2.03,6.0,2.0,12.0,63.2,1021.24,0.5064,0.5833333333333334,0.02461666666666667,0.04861111111111111,14.209999999999999,1.0,Shelving,0.0,1,33.256578947368425
PH10390,39011210,2027-07-10,Saleable,3,2026-02-28,Compound Sodium Lactate IV 500ml Bag,Clearford Infusions,Pharma,IV Fluids,Below 25C,12.0,45.6,38.4,24.1,0.0422,41.51,2.03,6.0,2.0,12.0,63.2,1021.24,0.5064,0.25,0.01055,0.020833333333333332,6.09,1.0,Shelving,0.0,1,16.348684210526315
PH10390,39058705,2026-08-13,Saleable,10,2026-02-28,Compound Sodium Lactate IV 500ml Bag,Clearford Infusions,Pharma,IV Fluids,Below 25C,12.0,45.6,38.4,24.1,0.0422,41.51,2.03,6.0,2.0,12.0,63.2,1021.24,0.5064,0.8333333333333334,0.03516666666666667,0.06944444444444445,20.299999999999997,1.0,Shelving,0.0,1,5.460526315789474
PH10390,39077495,2026-10-18,Saleable,3,2026-02-28,Compound Sodium Lactate IV 500ml Bag,Clearford Infusions,Pharma,IV Fluids,Below 25C,12.0,45.6,38.4,24.1,0.0422,41.51,2.03,6.0,2.0,12.0,63.2,1021.24,0.5064,0.25,0.01055,0.020833333333333332,6.09,1.0,Shelving,0.0,1,7.631578947368421
PH10391,39195271,2026-12-23,Saleable,684,2026-02-28,Compound Sodium Lactate IV 500ml Bottle,Clearford Infusions,Pharma,IV Fluids,Below 25C,24.0,58.6,33.8,28.2,0.05586,50.39,3.7,4.0,3.0,12.0,99.6,629.6800000000001,0.67032,28.5,1.59201,2.375,2530.8,3.0,Pallet racking,3.0,0,9.802631578947368
PH10391,39115610,2028-09-22,Saleable,1250,2026-02-28,Compound Sodium Lactate IV 500ml Bottle,Clearford Infusions,Pharma,IV Fluids,Below 25C,24.0,58.6,33.8,28.2,0.05586,50.39,3.7,4.0,3.0,12.0,99.6,629.6800000000001,0.67032,52.083333333333336,2.9093750000000003,4.340277777777778,4625.0,5.0,Pallet racking,5.0,0,30.822368421052634
PH10392,39276261,2028-05-22,Saleable,278,2026-02-28,Sodium Chloride 0.9% IV 500ml Bottle,Clearford Infusions,Pharma,IV Fluids,Below 25C,12.0,45.2,32.9,20.6,0.03063,28.09,2.72,5.0,4.0,20.0,97.4,586.8,0.6126,23.166666666666668,0.7095950000000001,1.1583333333333334,756.1600000000001,2.0,Pallet racking,2.0,0,26.776315789473685
PH10392,39257343,2027-03-23,Saleable,545,2026-02-28,Sodium Chloride 0.9% IV 500ml Bottle,Clearford Infusions,Pharma,IV Fluids,Below 25C,12.0,45.2,32.9,20.6,0.03063,28.09,2.72,5.0,4.0,20.0,97.4,586.8,0.6126,45.416666666666664,1.3911125,2.270833333333333,1482.4,3.0,Pallet racking,3.0,0,12.763157894736842
PH10393,39388814,2026-10-06,Saleable,62,2026-02-28,Dextrose 5% IV 500ml Bottle,Clearford Infusions,Pharma,IV Fluids,Below 25C,12.0,41.6,35.5,26.9,0.03973,37.6,2.15,6.0,3.0,18.0,95.7,927.4,0.71514,5.166666666666667,0.20527166666666669,0.28703703703703703,133.29999999999998,1.0,Shelving,0.0,1,7.236842105263158
PH10393,39355944,2028-09-21,Saleable,424,2026-02-28,Dextrose 5% IV 500ml Bottle,Clearford Infusions,Pharma,IV Fluids,Below 25C,12.0,41.6,35.5,26.9,0.03973,37.6,2.15,6.0,3.0,18.0,95.7,927.4,0.71514,35.333333333333336,1.4037933333333334,1.962962962962963,911.5999999999999,2.0,Pallet racking,2.0,0,30.789473684210527
PH10393,39318626,2028-09-12,Saleable,159,2026-02-28,Dextrose 5% IV 500ml Bottle,Clearford Infusions,Pharma,IV Fluids,Below 25C,12.0,41.6,35.5,26.9,0.03973,37.6,2.15,6.0,3.0,18.0,95.7,927.4,0.71514,13.25,0.5264225,0.7361111111111112,341.84999999999997,1.0,Pallet racking,1.0,0,30.49342105263158
PH10393,39310515,2026-11-20,Saleable,102,2026-02-28,Dextrose 5% IV 500ml Bottle,Clearford Infusions,Pharma,IV Fluids,Below 25C,12.0,41.6,35.5,26.9,0.03973,37.6,2.15,6.0,3.0,18.0,95.7,927.4,0.71514,8.5,0.33770500000000003,0.4722222222222222,219.29999999999998,1.0,Pallet racking,1.0,0,8.717105263157896
PH10394,39434950,2028-03-22,Saleable,5276,2026-02-28,Dextrose 10% IV 500ml Bag,Clearford Infusions,Pharma,IV Fluids,Below 25C,20.0,49.2,35.2,24.1,0.04174,38.83,4.03,6.0,3.0,18.0,87.30000000000001,956.92,0.75132,263.8,11.011012000000001,14.655555555555557,21262.280000000002,15.0,Pallet racking,15.0,0,24.769736842105264
PH10395,39551882,2027-04-13,Saleable,3079,2026-02-28,Dextrose 5% IV 250ml Bag,Clearford Infusions,Pharma,IV Fluids,Below 25C,12.0,58.1,32.5,28.3,0.05344,52.24,4.18,6.0,2.0,12.0,71.6,965.32,0.6412800000000001,256.5833333333333,13.711813333333332,21.381944444444443,12870.22,22.0,Pallet racking,22.0,0,13.453947368421053
PH10395,39541269,2026-07-18,Sample,61,2026-02-28,Dextrose 5% IV 250ml Bag,Clearford Infusions,Pharma,IV Fluids,Below 25C,12.0,58.1,32.5,28.3,0.05344,52.24,4.18,6.0,2.0,12.0,71.6,965.32,0.6412800000000001,5.083333333333333,0.2716533333333333,0.4236111111111111,254.98,1.0,Pallet racking,1.0,0,4.605263157894737
PH10396,39699782,2027-08-05,Saleable,281,2026-02-28,Hydrocortisone 100mg Vial 1s,Dunmore Therapeutics,Pharma,Injections,2-8C,50.0,40.7,34.3,24.3,0.03392,4.96,22.3,6.0,6.0,36.0,160.8,203.56,1.22112,5.62,0.1906304,0.15611111111111112,6266.3,1.0,Shelving,0.0,1,17.203947368421055
PH10396,39628667,2028-08-05,Saleable,1626,2026-02-28,Hydrocortisone 100mg Vial 1s,Dunmore Therapeutics,Pharma,Injections,2-8C,50.0,40.7,34.3,24.3,0.03392,4.96,22.3,6.0,6.0,36.0,160.8,203.56,1.22112,32.52,1.1030784,0.9033333333333334,36259.8,1.0,Pallet racking,1.0,0,29.24342105263158
PH10396,39624023,2028-09-26,Saleable,4406,2026-02-28,Hydrocortisone 100mg Vial 1s,Dunmore Therapeutics,Pharma,Injections,2-8C,50.0,40.7,34.3,24.3,0.03392,4.96,22.3,6.0,6.0,36.0,160.8,203.56,1.22112,88.12,2.9890304,2.447777777777778,98253.8,3.0,Pallet racking,3.0,0,30.953947368421055
PH10397,39796135,2026-08-07,Saleable,6,2026-02-28,Pantoprazole 40mg Vial 10s,Tessaline Biologics,Pharma,Injections,Below 25C,100.0,30.2,22.1,21.9,0.01462,2.91,11.05,14.0,3.0,42.0,80.69999999999999,147.22,0.6140399999999999,0.06,0.0008772,0.0014285714285714286,66.30000000000001,1.0,Shelving,0.0,1,5.2631578947368425
PH10397,39773648,2028-12-20,Saleable,695,2026-02-28,Pantoprazole 40mg Vial 10s,Tessaline Biologics,Pharma,Injections,Below 25C,100.0,30.2,22.1,21.9,0.01462,2.91,11.05,14.0,3.0,42.0,80.69999999999999,147.22,0.6140399999999999,6.95,0.10160899999999999,0.16547619047619047,7679.750000000001,1.0,Shelving,0.0,1,33.75
PH10397,39789169,2026-08-03,FOC,35,2026-02-28,Pantoprazole 40mg Vial 10s,Tessaline Biologics,Pharma,Injections,Below 25C,100.0,30.2,22.1,21.9,0.01462,2.91,11.05,14.0,3.0,42.0,80.69999999999999,147.22,0.6140399999999999,0.35,0.005116999999999999,0.008333333333333333,386.75,1.0,Shelving,0.0,1,5.131578947368421
PH10398,39867570,2026-06-17,Saleable,2240,2026-02-28,Heparin 5000IU/ml 5ml Vial 10s,Tessaline Biologics,Pharma,Injections,2-8C,200.0,35.6,25.2,13.2,0.01184,1.85,6.26,7.0,9.0,63.0,133.8,141.55,0.74592,11.2,0.13260799999999998,0.17777777777777776,14022.4,1.0,Shelving,0.0,1,3.585526315789474
PH10398,39845000,2027-01-16,Saleable,1597,2026-02-28,Heparin 5000IU/ml 5ml Vial 10s,Tessaline Biologics,Pharma,Injections,2-8C,200.0,35.6,25.2,13.2,0.01184,1.85,6.26,7.0,9.0,63.0,133.8,141.55,0.74592,7.985,0.0945424,0.12674603174603175,9997.22,1.0,Shelving,0.0,1,10.592105263157896
PH10398,39856053,2026-09-19,Saleable,2266,2026-02-28,Heparin 5000IU/ml 5ml Vial 10s,Tessaline Biologics,Pharma,Injections,2-8C,200.0,35.6,25.2,13.2,0.01184,1.85,6.26,7.0,9.0,63.0,133.8,141.55,0.74592,11.33,0.1341472,0.17984126984126983,14185.16,1.0,Shelving,0.0,1,6.677631578947369
PH10398,39882708,2027-06-20,Saleable,9110,2026-02-28,Heparin 5000IU/ml 5ml Vial 10s,Tessaline Biologics,Pharma,Injections,2-8C,200.0,35.6,25.2,13.2,0.01184,1.85,6.26,7.0,9.0,63.0,133.8,141.55,0.74592,45.55,0.539312,0.723015873015873,57028.6,1.0,Pallet racking,1.0,0,15.69078947368421
PH10398,39846871,2026-11-11,FOC,760,2026-02-28,Heparin 5000IU/ml 5ml Vial 10s,Tessaline Biologics,Pharma,Injections,2-8C,200.0,35.6,25.2,13.2,0.01184,1.85,6.26,7.0,9.0,63.0,133.8,141.55,0.74592,3.8,0.044992,0.06031746031746031,4757.599999999999,1.0,Shelving,0.0,1,8.421052631578947
PH10399,39954036,2027-02-01,Saleable,1535,2026-02-28,Enoxaparin 40mg Prefilled Syringe 1s,Clearford Infusions,Pharma,Injections,Below 25C,100.0,34.8,31.2,15.4,0.01672,4.03,37.09,9.0,8.0,72.0,138.2,315.16,1.20384,15.35,0.256652,0.21319444444444444,56933.15000000001,1.0,Pallet racking,1.0,0,11.118421052631579
PH10399,39991736,2027-06-14,Saleable,1501,2026-02-28,Enoxaparin 40mg Prefilled Syringe 1s,Clearford Infusions,Pharma,Injections,Below 25C,100.0,34.8,31.2,15.4,0.01672,4.03,37.09,9.0,8.0,72.0,138.2,315.16,1.20384,15.01,0.2509672,0.20847222222222223,55672.090000000004,1.0,Pallet racking,1.0,0,15.49342105263158
PH10399,39976249,2027-11-21,Saleable,554,2026-02-28,Enoxaparin 40mg Prefilled Syringe 1s,Clearford Infusions,Pharma,Injections,Below 25C,100.0,34.8,31.2,15.4,0.01672,4.03,37.09,9.0,8.0,72.0,138.2,315.16,1.20384,5.54,0.0926288,0.07694444444444444,20547.86,1.0,Shelving,0.0,1,20.75657894736842
PH10400,40041724,2026-07-19,Saleable,31737,2026-02-28,Pantoprazole 40mg Vial 1s,Dunmore Therapeutics,Pharma,Injections,Below 25C,200.0,38.2,23.4,20.4,0.01824,2.23,17.6,12.0,6.0,72.0,137.39999999999998,185.56,1.31328,158.685,2.8944144,2.2039583333333335,558571.2000000001,3.0,Pallet racking,3.0,0,4.6381578947368425
PH10400,40043446,2027-12-02,FOC,1586,2026-02-28,Pantoprazole 40mg Vial 1s,Dunmore Therapeutics,Pharma,Injections,Below 25C,200.0,38.2,23.4,20.4,0.01824,2.23,17.6,12.0,6.0,72.0,137.39999999999998,185.56,1.31328,7.93,0.1446432,0.11013888888888888,27913.600000000002,1.0,Shelving,0.0,1,21.11842105263158
PH10401,40147429,2027-01-02,Saleable,1783,2026-02-28,Lidocaine 2% 5ml Ampoule 10s,Dunmore Therapeutics,Pharma,Injections,Below 25C,100.0,26.4,33.9,15.5,0.01387,2.97,38.26,8.0,5.0,40.0,92.5,143.8,0.5548,17.83,0.2473021,0.44575,68217.58,1.0,Shelving,0.0,1,10.131578947368421
PH10401,40140736,2026-11-07,Saleable,2103,2026-02-28,Lidocaine 2% 5ml Ampoule 10s,Dunmore Therapeutics,Pharma,Injections,Below 25C,100.0,26.4,33.9,15.5,0.01387,2.97,38.26,8.0,5.0,40.0,92.5,143.8,0.5548,21.03,0.2916861,0.52575,80460.78,1.0,Pallet racking,1.0,0,8.289473684210527
PH10401,40129381,2027-08-21,Saleable,354,2026-02-28,Lidocaine 2% 5ml Ampoule 10s,Dunmore Therapeutics,Pharma,Injections,Below 25C,100.0,26.4,33.9,15.5,0.01387,2.97,38.26,8.0,5.0,40.0,92.5,143.8,0.5548,3.54,0.0490998,0.0885,13544.039999999999,1.0,Shelving,0.0,1,17.730263157894736
PH10402,40243970,2026-11-07,Saleable,743,2026-02-28,Cefuroxime 750mg Vial 10s,Clearford Infusions,Pharma,Injections,Below 25C,200.0,33.1,25.5,13.1,0.01106,1.35,28.33,12.0,6.0,72.0,93.6,122.2,0.79632,3.715,0.0410879,0.05159722222222222,21049.19,1.0,Shelving,0.0,1,8.289473684210527
PH10403,40339154,2027-08-03,Saleable,1439,2026-02-28,Amikacin 500mg/2ml Vial 5s,Tessaline Biologics,Pharma,Injections,Below 25C,50.0,30.4,32.7,21.8,0.02167,4.52,38.8,9.0,5.0,45.0,124.0,228.4,0.97515,28.78,0.6236626,0.6395555555555555,55833.2,1.0,Pallet racking,1.0,0,17.138157894736842
PH10403,40396870,2026-11-04,Saleable,344,2026-02-28,Amikacin 500mg/2ml Vial 5s,Tessaline Biologics,Pharma,Injections,Below 25C,50.0,30.4,32.7,21.8,0.02167,4.52,38.8,9.0,5.0,45.0,124.0,228.4,0.97515,6.88,0.1490896,0.15288888888888888,13347.199999999999,1.0,Shelving,0.0,1,8.19078947368421
PH10403,40387913,2027-06-01,Saleable,1802,2026-02-28,Amikacin 500mg/2ml Vial 5s,Tessaline Biologics,Pharma,Injections,Below 25C,50.0,30.4,32.7,21.8,0.02167,4.52,38.8,9.0,5.0,45.0,124.0,228.4,0.97515,36.04,0.7809867999999999,0.8008888888888889,69917.59999999999,1.0,Pallet racking,1.0,0,15.06578947368421
PH10403,40334402,2026-10-15,FOC,179,2026-02-28,Amikacin 500mg/2ml Vial 5s,Tessaline Biologics,Pharma,Injections,Below 25C,50.0,30.4,32.7,21.8,0.02167,4.52,38.8,9.0,5.0,45.0,124.0,228.4,0.97515,3.58,0.0775786,0.07955555555555556,6945.2,1.0,Shelving,0.0,1,7.532894736842105
PH10404,40452091,2026-08-18,Saleable,197,2026-02-28,Tramadol 100mg/2ml Ampoule 1s,Dunmore Therapeutics,Pharma,Injections,Below 25C,50.0,41.8,23.0,12.8,0.01231,1.75,16.94,10.0,11.0,110.0,155.8,217.5,1.3541,3.94,0.0485014,0.03581818181818182,3337.1800000000003,1.0,Shelving,0.0,1,5.625
PH10404,40442726,2028-01-20,Saleable,496,2026-02-28,Tramadol 100mg/2ml Ampoule 1s,Dunmore Therapeutics,Pharma,Injections,Below 25C,50.0,41.8,23.0,12.8,0.01231,1.75,16.94,10.0,11.0,110.0,155.8,217.5,1.3541,9.92,0.1221152,0.09018181818181818,8402.24,1.0,Shelving,0.0,1,22.730263157894736
PH10404,40445135,2028-11-23,Saleable,4093,2026-02-28,Tramadol 100mg/2ml Ampoule 1s,Dunmore Therapeutics,Pharma,Injections,Below 25C,50.0,41.8,23.0,12.8,0.01231,1.75,16.94,10.0,11.0,110.0,155.8,217.5,1.3541,81.86,1.0076966,0.7441818181818182,69335.42,1.0,Pallet racking,1.0,0,32.86184210526316
PH10405,40591808,2028-09-03,Saleable,1478,2026-02-28,Metoclopramide 10mg/2ml Ampoule 5s,Dunmore Therapeutics,Pharma,Injections,2-8C,50.0,38.4,22.5,14.8,0.01279,1.88,7.28,11.0,4.0,44.0,74.2,107.72,0.5627599999999999,29.56,0.3780724,0.6718181818181818,10759.84,1.0,Pallet racking,1.0,0,30.197368421052634
PH10405,40531735,2028-06-17,Saleable,41,2026-02-28,Metoclopramide 10mg/2ml Ampoule 5s,Dunmore Therapeutics,Pharma,Injections,2-8C,50.0,38.4,22.5,14.8,0.01279,1.88,7.28,11.0,4.0,44.0,74.2,107.72,0.5627599999999999,0.82,0.010487799999999999,0.018636363636363635,298.48,1.0,Shelving,0.0,1,27.63157894736842
PH10405,40584273,2028-12-16,Saleable,2564,2026-02-28,Metoclopramide 10mg/2ml Ampoule 5s,Dunmore Therapeutics,Pharma,Injections,2-8C,50.0,38.4,22.5,14.8,0.01279,1.88,7.28,11.0,4.0,44.0,74.2,107.72,0.5627599999999999,51.28,0.6558712,1.1654545454545455,18665.920000000002,2.0,Pallet racking,2.0,0,33.61842105263158
PH10406,40670301,2027-12-10,Saleable,2787,2026-02-28,Dexamethasone 4mg/ml Ampoule 5s,Dunmore Therapeutics,Pharma,Injections,2-8C,50.0,41.9,30.6,13.8,0.01769,3.98,21.27,6.0,6.0,36.0,97.8,168.28,0.6368400000000001,55.74,0.9860406,1.5483333333333333,59279.49,2.0,Pallet racking,2.0,0,21.38157894736842
PH10406,40693091,2027-09-05,Saleable,3196,2026-02-28,Dexamethasone 4mg/ml Ampoule 5s,Dunmore Therapeutics,Pharma,Injections,2-8C,50.0,41.9,30.6,13.8,0.01769,3.98,21.27,6.0,6.0,36.0,97.8,168.28,0.6368400000000001,63.92,1.1307448,1.7755555555555556,67978.92,2.0,Pallet racking,2.0,0,18.223684210526315
PH10406,40657959,2027-06-03,FOC,299,2026-02-28,Dexamethasone 4mg/ml Ampoule 5s,Dunmore Therapeutics,Pharma,Injections,2-8C,50.0,41.9,30.6,13.8,0.01769,3.98,21.27,6.0,6.0,36.0,97.8,168.28,0.6368400000000001,5.98,0.10578620000000001,0.16611111111111113,6359.73,1.0,Shelving,0.0,1,15.131578947368421
PH10406,40691563,2027-05-15,Damaged,179,2026-02-28,Dexamethasone 4mg/ml Ampoule 5s,Dunmore Therapeutics,Pharma,Injections,2-8C,50.0,41.9,30.6,13.8,0.01769,3.98,21.27,6.0,6.0,36.0,97.8,168.28,0.6368400000000001,3.58,0.0633302,0.09944444444444445,3807.33,1.0,Quarantine,0.0,0,14.506578947368421
PH10407,40796506,2028-12-20,Saleable,3064,2026-02-28,Pantoprazole 40mg Vial 5s,Dunmore Therapeutics,Pharma,Injections,Below 25C,50.0,40.6,24.7,17.2,0.01725,4.22,16.3,8.0,4.0,32.0,83.8,160.04,0.552,61.28,1.05708,1.915,49943.200000000004,2.0,Pallet racking,2.0,0,33.75
PH10408,40899132,2027-10-09,Saleable,176,2026-02-28,Tramadol 100mg/2ml Ampoule 5s,Tessaline Biologics,Pharma,Injections,Below 25C,100.0,32.6,31.1,20.7,0.02099,5.01,28.12,9.0,4.0,36.0,97.8,205.36,0.7556400000000001,1.76,0.0369424,0.04888888888888889,4949.12,1.0,Shelving,0.0,1,19.342105263157897
PH10408,40855844,2028-09-02,Saleable,1619,2026-02-28,Tramadol 100mg/2ml Ampoule 5s,Tessaline Biologics,Pharma,Injections,Below 25C,100.0,32.6,31.1,20.7,0.02099,5.01,28.12,9.0,4.0,36.0,97.8,205.36,0.7556400000000001,16.19,0.3398281000000001,0.44972222222222225,45526.28,1.0,Pallet racking,1.0,0,30.164473684210527
PH10408,40855679,2025-08-19,Expired,143,2026-02-28,Tramadol 100mg/2ml Ampoule 5s,Tessaline Biologics,Pharma,Injections,Below 25C,100.0,32.6,31.1,20.7,0.02099,5.01,28.12,9.0,4.0,36.0,97.8,205.36,0.7556400000000001,1.43,0.030015700000000003,0.03972222222222222,4021.1600000000003,1.0,Quarantine,0.0,0,-6.348684210526316
PH10409,40928333,2027-10-03,Saleable,505,2026-02-28,Lidocaine 2% 5ml Ampoule 5s,Clearford Infusions,Pharma,Injections,Below 25C,200.0,25.7,28.6,18.1,0.0133,2.4,20.51,12.0,4.0,48.0,87.4,140.2,0.6384,2.525,0.033582499999999994,0.05260416666666667,10357.550000000001,1.0,Shelving,0.0,1,19.144736842105264
PH10409,40930930,2027-05-10,Saleable,2145,2026-02-28,Lidocaine 2% 5ml Ampoule 5s,Clearford Infusions,Pharma,Injections,Below 25C,200.0,25.7,28.6,18.1,0.0133,2.4,20.51,12.0,4.0,48.0,87.4,140.2,0.6384,10.725,0.14264249999999998,0.22343749999999998,43993.950000000004,1.0,Shelving,0.0,1,14.342105263157896
PH10410,41012846,2027-10-11,Saleable,328,2026-02-28,Ondansetron 4mg/2ml Ampoule 10s,Tessaline Biologics,Pharma,Injections,Below 25C,100.0,30.5,34.5,20.6,0.02168,4.54,10.58,9.0,6.0,54.0,138.60000000000002,270.16,1.17072,3.28,0.0711104,0.060740740740740734,3470.2400000000002,1.0,Shelving,0.0,1,19.407894736842106
PH10411,41172546,2027-07-07,Saleable,288,2026-02-28,Cefuroxime 750mg Vial 5s,Dunmore Therapeutics,Pharma,Injections,2-8C,50.0,27.8,26.7,18.7,0.01388,2.3,29.77,11.0,5.0,55.0,108.5,151.5,0.7634,5.76,0.0799488,0.10472727272727272,8573.76,1.0,Shelving,0.0,1,16.25
PH10411,41180859,2026-09-06,Damaged,8,2026-02-28,Cefuroxime 750mg Vial 5s,Dunmore Therapeutics,Pharma,Injections,2-8C,50.0,27.8,26.7,18.7,0.01388,2.3,29.77,11.0,5.0,55.0,108.5,151.5,0.7634,0.16,0.0022208,0.0029090909090909093,238.16,1.0,Quarantine,0.0,0,6.25
PH10412,41298715,2027-07-11,Saleable,400,2026-02-28,Lidocaine 2% 5ml Ampoule 1s,Dunmore Therapeutics,Pharma,Injections,Below 25C,200.0,31.3,31.8,20.3,0.02021,3.9,33.68,9.0,5.0,45.0,116.5,200.5,0.90945,2.0,0.04042,0.044444444444444446,13472.0,1.0,Shelving,0.0,1,16.38157894736842
PH10413,41359412,2026-08-24,Saleable,484,2026-02-28,Metoclopramide 10mg/2ml Ampoule 1s,Dunmore Therapeutics,Pharma,Injections,Below 25C,100.0,29.4,24.7,21.5,0.01561,3.87,22.14,16.0,4.0,64.0,101.0,272.68,0.99904,4.84,0.0755524,0.075625,10715.76,1.0,Shelving,0.0,1,5.822368421052632
PH10414,41487953,2027-09-03,Saleable,4692,2026-02-28,Furosemide 20mg/2ml Ampoule 5s,Tessaline Biologics,Pharma,Injections,Below 25C,100.0,42.1,20.3,20.5,0.01752,2.67,25.08,10.0,4.0,40.0,97.0,131.8,0.7008000000000001,46.92,0.8220384000000001,1.173,117675.35999999999,2.0,Pallet racking,2.0,0,18.157894736842106
PH10415,41541534,2027-10-27,Saleable,1197,2026-02-28,Metoclopramide 10mg/2ml Ampoule 10s,Clearford Infusions,Pharma,Injections,2-8C,50.0,25.7,27.7,19.2,0.01367,2.68,36.67,12.0,5.0,60.0,111.0,185.8,0.8202,23.94,0.3272598,0.399,43893.990000000005,1.0,Pallet racking,1.0,0,19.93421052631579
PH10415,41591738,2028-11-12,Saleable,134,2026-02-28,Metoclopramide 10mg/2ml Ampoule 10s,Clearford Infusions,Pharma,Injections,2-8C,50.0,25.7,27.7,19.2,0.01367,2.68,36.67,12.0,5.0,60.0,111.0,185.8,0.8202,2.68,0.036635600000000004,0.04466666666666667,4913.780000000001,1.0,Shelving,0.0,1,32.5
PH10416,41694801,2027-11-14,Saleable,1259,2026-02-28,Heparin 5000IU/ml 5ml Vial 1s,Tessaline Biologics,Pharma,Injections,Below 25C,200.0,37.3,28.5,17.0,0.01807,3.7,30.57,9.0,5.0,45.0,100.0,191.5,0.8131499999999999,6.295,0.11375065,0.1398888888888889,38487.63,1.0,Shelving,0.0,1,20.526315789473685
PH10416,41630876,2027-02-06,Saleable,363,2026-02-28,Heparin 5000IU/ml 5ml Vial 1s,Tessaline Biologics,Pharma,Injections,Below 25C,200.0,37.3,28.5,17.0,0.01807,3.7,30.57,9.0,5.0,45.0,100.0,191.5,0.8131499999999999,1.815,0.032797049999999994,0.04033333333333333,11096.91,1.0,Shelving,0.0,1,11.282894736842106
PH10417,41757422,2028-05-11,Saleable,351,2026-02-28,Ketorolac 30mg/ml Ampoule 1s,Dunmore Therapeutics,Pharma,Injections,2-8C,50.0,26.7,34.9,22.3,0.02078,2.92,31.92,9.0,4.0,36.0,104.2,130.12,0.74808,7.02,0.1458756,0.19499999999999998,11203.92,1.0,Shelving,0.0,1,26.414473684210527
PH10417,41729365,2027-07-11,Saleable,401,2026-02-28,Ketorolac 30mg/ml Ampoule 1s,Dunmore Therapeutics,Pharma,Injections,2-8C,50.0,26.7,34.9,22.3,0.02078,2.92,31.92,9.0,4.0,36.0,104.2,130.12,0.74808,8.02,0.1666556,0.22277777777777777,12799.92,1.0,Shelving,0.0,1,16.38157894736842
PH10417,41789073,2027-05-31,Saleable,625,2026-02-28,Ketorolac 30mg/ml Ampoule 1s,Dunmore Therapeutics,Pharma,Injections,2-8C,50.0,26.7,34.9,22.3,0.02078,2.92,31.92,9.0,4.0,36.0,104.2,130.12,0.74808,12.5,0.25975,0.3472222222222222,19950.0,1.0,Pallet racking,1.0,0,15.032894736842106
PH10418,41834527,2028-12-04,Saleable,400,2026-02-28,Ketorolac 30mg/ml Ampoule 10s,Tessaline Biologics,Pharma,Injections,Below 25C,200.0,30.9,23.0,16.9,0.01201,2.6,20.65,15.0,6.0,90.0,116.4,259.0,1.0809,2.0,0.02402,0.022222222222222223,8260.0,1.0,Shelving,0.0,1,33.223684210526315
PH10419,41968193,2028-12-19,Saleable,2665,2026-02-28,Dexamethasone 4mg/ml Ampoule 10s,Clearford Infusions,Pharma,Injections,Below 25C,100.0,33.8,30.2,21.3,0.02174,5.33,11.01,9.0,5.0,45.0,121.5,264.85,0.9783,26.65,0.579371,0.5922222222222222,29341.649999999998,1.0,Pallet racking,1.0,0,33.7171052631579
PH10420,42064885,2027-05-24,Saleable,27727,2026-02-28,Enoxaparin 40mg Prefilled Syringe 10s,Tessaline Biologics,Pharma,Injections,Below 25C,100.0,27.4,30.0,15.1,0.01241,2.73,19.72,12.0,8.0,96.0,135.8,287.08,1.19136,277.27,3.4409206999999995,2.8882291666666666,546776.44,3.0,Pallet racking,3.0,0,14.80263157894737
PH10420,42030062,2028-02-21,Saleable,7188,2026-02-28,Enoxaparin 40mg Prefilled Syringe 10s,Tessaline Biologics,Pharma,Injections,Below 25C,100.0,27.4,30.0,15.1,0.01241,2.73,19.72,12.0,8.0,96.0,135.8,287.08,1.19136,71.88,0.8920307999999999,0.7487499999999999,141747.36,1.0,Pallet racking,1.0,0,23.782894736842106
PH10421,42149222,2028-05-29,Saleable,2000,2026-02-28,Heparin 5000IU/ml 5ml Vial 5s,Tessaline Biologics,Pharma,Injections,Below 25C,200.0,38.4,20.7,18.8,0.01494,2.61,12.49,12.0,5.0,60.0,109.0,181.6,0.8964,10.0,0.1494,0.16666666666666666,24980.0,1.0,Shelving,0.0,1,27.00657894736842
PH10421,42133367,2026-09-18,Saleable,489,2026-02-28,Heparin 5000IU/ml 5ml Vial 5s,Tessaline Biologics,Pharma,Injections,Below 25C,200.0,38.4,20.7,18.8,0.01494,2.61,12.49,12.0,5.0,60.0,109.0,181.6,0.8964,2.445,0.0365283,0.040749999999999995,6107.61,1.0,Shelving,0.0,1,6.644736842105264
PH10422,42289696,2027-02-12,Saleable,480,2026-02-28,Amikacin 500mg/2ml Vial 10s,Dunmore Therapeutics,Pharma,Injections,Below 25C,100.0,34.2,31.7,21.3,0.02309,3.99,38.6,9.0,6.0,54.0,142.8,240.46,1.24686,4.8,0.110832,0.08888888888888889,18528.0,1.0,Shelving,0.0,1,11.480263157894738
PH10423,42334920,2028-10-01,Saleable,1161,2026-02-28,Enoxaparin 40mg Prefilled Syringe 5s,Dunmore Therapeutics,Pharma,Injections,Below 25C,100.0,41.2,23.9,20.3,0.01999,3.93,18.23,8.0,6.0,48.0,136.8,213.64,0.95952,11.61,0.2320839,0.24187499999999998,21165.03,1.0,Shelving,0.0,1,31.11842105263158
PH10423,42343561,2027-05-23,Sample,23,2026-02-28,Enoxaparin 40mg Prefilled Syringe 5s,Dunmore Therapeutics,Pharma,Injections,Below 25C,100.0,41.2,23.9,20.3,0.01999,3.93,18.23,8.0,6.0,48.0,136.8,213.64,0.95952,0.23,0.004597700000000001,0.004791666666666667,419.29,1.0,Shelving,0.0,1,14.769736842105264
PH10424,42438065,2028-10-21,Saleable,8,2026-02-28,Furosemide 20mg/2ml Ampoule 10s,Dunmore Therapeutics,Pharma,Injections,Below 25C,200.0,34.9,27.8,13.7,0.01329,3.21,4.27,9.0,5.0,45.0,83.5,169.45,0.59805,0.04,0.0005316,0.0008888888888888889,34.16,1.0,Shelving,0.0,1,31.776315789473685
PH10424,42486792,2027-08-16,Saleable,9,2026-02-28,Furosemide 20mg/2ml Ampoule 10s,Dunmore Therapeutics,Pharma,Injections,Below 25C,200.0,34.9,27.8,13.7,0.01329,3.21,4.27,9.0,5.0,45.0,83.5,169.45,0.59805,0.045,0.0005980499999999999,0.001,38.42999999999999,1.0,Shelving,0.0,1,17.565789473684212
PH10424,42447489,2027-08-04,Sample,1,2026-02-28,Furosemide 20mg/2ml Ampoule 10s,Dunmore Therapeutics,Pharma,Injections,Below 25C,200.0,34.9,27.8,13.7,0.01329,3.21,4.27,9.0,5.0,45.0,83.5,169.45,0.59805,0.005,6.645e-05,0.00011111111111111112,4.27,1.0,Shelving,0.0,1,17.17105263157895
PH10425,42584574,2027-06-02,Saleable,6463,2026-02-28,Dexamethasone 4mg/ml Ampoule 1s,Dunmore Therapeutics,Pharma,Injections,2-8C,100.0,43.4,22.1,21.5,0.02062,3.02,4.85,8.0,3.0,24.0,79.5,97.48,0.49488,64.63,1.3326706,2.6929166666666666,31345.55,3.0,Pallet racking,3.0,0,15.098684210526317
PH10426,42628182,2027-06-18,Saleable,10207,2026-02-28,Ketorolac 30mg/ml Ampoule 5s,Clearford Infusions,Pharma,Injections,2-8C,100.0,36.3,31.3,22.7,0.02579,3.22,16.12,9.0,4.0,36.0,105.8,140.92000000000002,0.92844,102.07,2.6323852999999997,2.835277777777778,164536.84,3.0,Pallet racking,3.0,0,15.625
PH10426,42653015,2027-04-06,Saleable,17762,2026-02-28,Ketorolac 30mg/ml Ampoule 5s,Clearford Infusions,Pharma,Injections,2-8C,100.0,36.3,31.3,22.7,0.02579,3.22,16.12,9.0,4.0,36.0,105.8,140.92000000000002,0.92844,177.62,4.5808198,4.933888888888889,286323.44,5.0,Pallet racking,5.0,0,13.223684210526317
PH10426,42632807,2025-12-25,Expired,2237,2026-02-28,Ketorolac 30mg/ml Ampoule 5s,Clearford Infusions,Pharma,Injections,2-8C,100.0,36.3,31.3,22.7,0.02579,3.22,16.12,9.0,4.0,36.0,105.8,140.92000000000002,0.92844,22.37,0.5769223,0.6213888888888889,36060.44,1.0,Quarantine,0.0,0,-2.138157894736842
PH10427,42733627,2027-11-19,Saleable,1182,2026-02-28,Amikacin 500mg/2ml Vial 1s,Dunmore Therapeutics,Pharma,Injections,Below 25C,200.0,27.2,30.8,18.2,0.01525,3.57,20.48,12.0,3.0,36.0,69.6,153.51999999999998,0.5489999999999999,5.91,0.0901275,0.16416666666666668,24207.36,1.0,Shelving,0.0,1,20.690789473684212
PH10427,42797649,2026-11-12,Saleable,53448,2026-02-28,Amikacin 500mg/2ml Vial 1s,Dunmore Therapeutics,Pharma,Injections,Below 25C,200.0,27.2,30.8,18.2,0.01525,3.57,20.48,12.0,3.0,36.0,69.6,153.51999999999998,0.5489999999999999,267.24,4.07541,7.423333333333334,1094615.04,8.0,Pallet racking,8.0,0,8.453947368421053
PH10427,42745699,2027-11-03,Saleable,1275,2026-02-28,Amikacin 500mg/2ml Vial 1s,Dunmore Therapeutics,Pharma,Injections,Below 25C,200.0,27.2,30.8,18.2,0.01525,3.57,20.48,12.0,3.0,36.0,69.6,153.51999999999998,0.5489999999999999,6.375,0.09721874999999999,0.17708333333333334,26112.0,1.0,Shelving,0.0,1,20.164473684210527
PH10428,42887507,2028-09-01,Saleable,125,2026-02-28,Hydrocortisone 100mg Vial 5s,Tessaline Biologics,Pharma,Injections,2-8C,100.0,25.2,22.7,19.8,0.01133,1.53,19.31,16.0,3.0,48.0,74.4,98.44,0.54384,1.25,0.0141625,0.026041666666666668,2413.75,1.0,Shelving,0.0,1,30.13157894736842
PH10429,42932684,2028-09-14,Saleable,261,2026-02-28,Furosemide 20mg/2ml Ampoule 1s,Dunmore Therapeutics,Pharma,Injections,Below 25C,50.0,26.6,29.7,23.0,0.01817,4.38,37.9,12.0,3.0,36.0,84.0,182.68,0.6541199999999999,5.22,0.09484739999999998,0.145,9891.9,1.0,Shelving,0.0,1,30.55921052631579
PH10429,42943770,2027-03-24,Saleable,1031,2026-02-28,Furosemide 20mg/2ml Ampoule 1s,Dunmore Therapeutics,Pharma,Injections,Below 25C,50.0,26.6,29.7,23.0,0.01817,4.38,37.9,12.0,3.0,36.0,84.0,182.68,0.6541199999999999,20.62,0.3746654,0.5727777777777778,39074.9,1.0,Pallet racking,1.0,0,12.796052631578949
PH10429,42979588,2028-03-14,Saleable,108,2026-02-28,Furosemide 20mg/2ml Ampoule 1s,Dunmore Therapeutics,Pharma,Injections,Below 25C,50.0,26.6,29.7,23.0,0.01817,4.38,37.9,12.0,3.0,36.0,84.0,182.68,0.6541199999999999,2.16,0.0392472,0.060000000000000005,4093.2,1.0,Shelving,0.0,1,24.50657894736842
PH10430,43074363,2027-11-15,Saleable,3248,2026-02-28,Tramadol 100mg/2ml Ampoule 10s,Tessaline Biologics,Pharma,Injections,Below 25C,200.0,31.9,31.2,14.6,0.01453,2.26,21.71,8.0,8.0,64.0,131.8,169.64,0.92992,16.24,0.23596719999999996,0.25375,70514.08,1.0,Shelving,0.0,1,20.55921052631579
PH10430,43020865,2027-04-09,Saleable,1156,2026-02-28,Tramadol 100mg/2ml Ampoule 10s,Tessaline Biologics,Pharma,Injections,Below 25C,200.0,31.9,31.2,14.6,0.01453,2.26,21.71,8.0,8.0,64.0,131.8,169.64,0.92992,5.78,0.0839834,0.0903125,25096.760000000002,1.0,Shelving,0.0,1,13.322368421052632
PH10431,43181073,2028-03-19,Saleable,705,2026-02-28,Ceftriaxone 1g Vial 10s,Dunmore Therapeutics,Pharma,Injections,Below 25C,200.0,37.7,32.6,18.0,0.02212,3.69,21.38,9.0,5.0,45.0,105.0,191.05,0.9954,3.525,0.077973,0.07833333333333334,15072.9,1.0,Shelving,0.0,1,24.67105263157895
PH10432,43282227,2028-09-29,Saleable,38967,2026-02-28,Cefuroxime 750mg Vial 1s,Dunmore Therapeutics,Pharma,Injections,Below 25C,200.0,33.5,28.4,24.8,0.02359,3.2,12.76,9.0,2.0,18.0,64.6,82.6,0.42462,194.835,4.59615765,10.824166666666667,497218.92,11.0,Pallet racking,11.0,0,31.05263157894737
PH10433,43310741,2026-12-11,Saleable,1,2026-02-28,Ceftriaxone 1g Vial 5s,Tessaline Biologics,Pharma,Injections,Below 25C,50.0,43.9,32.8,12.0,0.01728,3.26,16.89,4.0,9.0,36.0,123.0,142.36,0.62208,0.02,0.0003456,0.0005555555555555556,16.89,1.0,Shelving,0.0,1,9.407894736842106
PH10433,43381792,2028-04-06,Saleable,19,2026-02-28,Ceftriaxone 1g Vial 5s,Tessaline Biologics,Pharma,Injections,Below 25C,50.0,43.9,32.8,12.0,0.01728,3.26,16.89,4.0,9.0,36.0,123.0,142.36,0.62208,0.38,0.0065664,0.010555555555555556,320.91,1.0,Shelving,0.0,1,25.263157894736842
PH10433,43398063,2027-12-19,FOC,1,2026-02-28,Ceftriaxone 1g Vial 5s,Tessaline Biologics,Pharma,Injections,Below 25C,50.0,43.9,32.8,12.0,0.01728,3.26,16.89,4.0,9.0,36.0,123.0,142.36,0.62208,0.02,0.0003456,0.0005555555555555556,16.89,1.0,Shelving,0.0,1,21.67763157894737
PH10433,43389473,2027-11-05,Damaged,1,2026-02-28,Ceftriaxone 1g Vial 5s,Tessaline Biologics,Pharma,Injections,Below 25C,50.0,43.9,32.8,12.0,0.01728,3.26,16.89,4.0,9.0,36.0,123.0,142.36,0.62208,0.02,0.0003456,0.0005555555555555556,16.89,1.0,Quarantine,0.0,0,20.230263157894736
PH10434,43412878,2027-12-27,Saleable,10053,2026-02-28,Ceftriaxone 1g Vial 1s,Tessaline Biologics,Pharma,Injections,2-8C,200.0,41.4,27.5,21.7,0.02471,5.06,16.57,8.0,4.0,32.0,101.8,186.92,0.79072,50.265,1.24204815,1.57078125,166578.21,2.0,Pallet racking,2.0,0,21.940789473684212
PH10435,43554129,2027-05-05,Saleable,1148,2026-02-28,Ondansetron 4mg/2ml Ampoule 5s,Dunmore Therapeutics,Pharma,Injections,Below 25C,200.0,35.4,21.9,22.2,0.01721,3.01,19.11,12.0,4.0,48.0,103.8,169.48,0.8260799999999999,5.74,0.0987854,0.11958333333333333,21938.28,1.0,Shelving,0.0,1,14.17763157894737
PH10435,43559780,2028-04-01,Saleable,596,2026-02-28,Ondansetron 4mg/2ml Ampoule 5s,Dunmore Therapeutics,Pharma,Injections,Below 25C,200.0,35.4,21.9,22.2,0.01721,3.01,19.11,12.0,4.0,48.0,103.8,169.48,0.8260799999999999,2.98,0.0512858,0.06208333333333333,11389.56,1.0,Shelving,0.0,1,25.09868421052632
PH10435,43522661,2026-08-19,Saleable,2054,2026-02-28,Ondansetron 4mg/2ml Ampoule 5s,Dunmore Therapeutics,Pharma,Injections,Below 25C,200.0,35.4,21.9,22.2,0.01721,3.01,19.11,12.0,4.0,48.0,103.8,169.48,0.8260799999999999,10.27,0.17674669999999998,0.21395833333333333,39251.94,1.0,Shelving,0.0,1,5.657894736842105
PH10435,43528550,2027-12-27,Saleable,1153,2026-02-28,Ondansetron 4mg/2ml Ampoule 5s,Dunmore Therapeutics,Pharma,Injections,Below 25C,200.0,35.4,21.9,22.2,0.01721,3.01,19.11,12.0,4.0,48.0,103.8,169.48,0.8260799999999999,5.765,0.09921564999999999,0.12010416666666666,22033.829999999998,1.0,Shelving,0.0,1,21.940789473684212
PH10435,43534935,2026-08-02,Saleable,345,2026-02-28,Ondansetron 4mg/2ml Ampoule 5s,Dunmore Therapeutics,Pharma,Injections,Below 25C,200.0,35.4,21.9,22.2,0.01721,3.01,19.11,12.0,4.0,48.0,103.8,169.48,0.8260799999999999,1.725,0.029687250000000002,0.035937500000000004,6592.95,1.0,Shelving,0.0,1,5.098684210526316
PH10436,43695221,2028-01-18,Saleable,21,2026-02-28,Insulin Biphasic 30/70 100IU/ml 10ml Vial,Tessaline Biologics,Pharma,Cold Chain,2-8C,20.0,29.9,19.9,17.9,0.01065,2.61,82.81,20.0,7.0,140.0,140.29999999999998,390.4,1.491,1.05,0.0111825,0.007500000000000001,1739.01,1.0,Shelving,0.0,1,22.664473684210527
PH10436,43682735,2028-01-18,Saleable,282,2026-02-28,Insulin Biphasic 30/70 100IU/ml 10ml Vial,Tessaline Biologics,Pharma,Cold Chain,2-8C,20.0,29.9,19.9,17.9,0.01065,2.61,82.81,20.0,7.0,140.0,140.29999999999998,390.4,1.491,14.1,0.150165,0.10071428571428571,23352.420000000002,1.0,Shelving,0.0,1,22.664473684210527
PH10436,43639677,2028-07-21,Saleable,20,2026-02-28,Insulin Biphasic 30/70 100IU/ml 10ml Vial,Tessaline Biologics,Pharma,Cold Chain,2-8C,20.0,29.9,19.9,17.9,0.01065,2.61,82.81,20.0,7.0,140.0,140.29999999999998,390.4,1.491,1.0,0.01065,0.007142857142857143,1656.2,1.0,Shelving,0.0,1,28.75
PH10437,43753836,2026-10-29,Saleable,20,2026-02-28,Hepatitis B Vaccine 10mcg Vial,Tessaline Biologics,Pharma,Cold Chain,2-8C,20.0,36.1,16.3,18.3,0.01077,2.33,49.27,18.0,6.0,108.0,124.8,276.64,1.16316,1.0,0.01077,0.009259259259259259,985.4000000000001,1.0,Shelving,0.0,1,7.99342105263158
PH10438,43819207,2026-12-24,Saleable,3611,2026-02-28,Insulin Isophane 100IU/ml 10ml Vial,Tessaline Biologics,Pharma,Cold Chain,2-8C,50.0,27.7,27.3,19.3,0.01459,2.85,38.68,11.0,3.0,33.0,72.9,119.05,0.48147,72.22,1.0536898000000001,2.1884848484848485,139673.48,3.0,Pallet racking,3.0,0,9.835526315789474
PH10439,43984884,2026-07-29,Saleable,2310,2026-02-28,Insulin Lispro 100IU/ml 1x3ml Pen,Tessaline Biologics,Pharma,Cold Chain,2-8C,50.0,39.5,20.5,21.9,0.01773,3.21,74.46,12.0,5.0,60.0,124.5,217.6,1.0638,46.2,0.819126,0.77,172002.59999999998,1.0,Pallet racking,1.0,0,4.967105263157895
PH10440,44020652,2028-09-27,Saleable,273,2026-02-28,Insulin Aspart 100IU/ml 5x3ml Pen,Tessaline Biologics,Pharma,Cold Chain,2-8C,50.0,24.9,29.7,23.8,0.0176,4.26,106.56,16.0,4.0,64.0,110.2,297.64,1.1264,5.46,0.096096,0.0853125,29090.88,1.0,Shelving,0.0,1,30.98684210526316
PH10440,44061696,2027-05-09,Saleable,3342,2026-02-28,Insulin Aspart 100IU/ml 5x3ml Pen,Tessaline Biologics,Pharma,Cold Chain,2-8C,50.0,24.9,29.7,23.8,0.0176,4.26,106.56,16.0,4.0,64.0,110.2,297.64,1.1264,66.84,1.176384,1.044375,356123.52,2.0,Pallet racking,2.0,0,14.30921052631579
PH10440,44086986,2027-06-16,Saleable,23,2026-02-28,Insulin Aspart 100IU/ml 5x3ml Pen,Tessaline Biologics,Pharma,Cold Chain,2-8C,50.0,24.9,29.7,23.8,0.0176,4.26,106.56,16.0,4.0,64.0,110.2,297.64,1.1264,0.46,0.008096,0.0071875,2450.88,1.0,Shelving,0.0,1,15.55921052631579
PH10440,44018442,2026-12-01,Saleable,1272,2026-02-28,Insulin Aspart 100IU/ml 5x3ml Pen,Tessaline Biologics,Pharma,Cold Chain,2-8C,50.0,24.9,29.7,23.8,0.0176,4.26,106.56,16.0,4.0,64.0,110.2,297.64,1.1264,25.44,0.44774400000000003,0.3975,135544.32,1.0,Pallet racking,1.0,0,9.078947368421053
PH10441,44149259,2028-07-28,Saleable,845,2026-02-28,Rabies Vaccine 1ml Vial,Tessaline Biologics,Pharma,Cold Chain,2-8C,10.0,32.9,27.6,22.5,0.02043,3.24,29.68,12.0,5.0,60.0,127.5,219.4,1.2258,84.5,1.726335,1.4083333333333334,25079.6,2.0,Pallet racking,2.0,0,28.98026315789474
PH10441,44182063,2028-10-02,Saleable,438,2026-02-28,Rabies Vaccine 1ml Vial,Tessaline Biologics,Pharma,Cold Chain,2-8C,10.0,32.9,27.6,22.5,0.02043,3.24,29.68,12.0,5.0,60.0,127.5,219.4,1.2258,43.8,0.8948339999999999,0.73,12999.84,1.0,Pallet racking,1.0,0,31.151315789473685
PH10442,44210030,2026-08-05,Saleable,3067,2026-02-28,Insulin Lispro 100IU/ml 10ml Vial,Tessaline Biologics,Pharma,Cold Chain,2-8C,10.0,39.3,27.7,23.5,0.02558,4.87,63.35,9.0,2.0,18.0,62.0,112.66,0.4604399999999999,306.7,7.8453859999999995,17.038888888888888,194294.45,18.0,Pallet racking,18.0,0,5.197368421052632
PH10443,44336351,2028-11-30,Saleable,122,2026-02-28,Insulin Isophane 100IU/ml 5x3ml Cartridge,Tessaline Biologics,Pharma,Cold Chain,2-8C,50.0,36.6,23.3,18.9,0.01612,4.81,69.13,10.0,5.0,50.0,109.5,265.5,0.8059999999999999,2.44,0.039332799999999994,0.048799999999999996,8433.859999999999,1.0,Shelving,0.0,1,33.0921052631579
PH10443,44370082,2028-01-29,Saleable,1878,2026-02-28,Insulin Isophane 100IU/ml 5x3ml Cartridge,Tessaline Biologics,Pharma,Cold Chain,2-8C,50.0,36.6,23.3,18.9,0.01612,4.81,69.13,10.0,5.0,50.0,109.5,265.5,0.8059999999999999,37.56,0.6054672,0.7512000000000001,129826.13999999998,1.0,Pallet racking,1.0,0,23.026315789473685
PH10443,44396138,2029-02-05,Saleable,255,2026-02-28,Insulin Isophane 100IU/ml 5x3ml Cartridge,Tessaline Biologics,Pharma,Cold Chain,2-8C,50.0,36.6,23.3,18.9,0.01612,4.81,69.13,10.0,5.0,50.0,109.5,265.5,0.8059999999999999,5.1,0.082212,0.102,17628.149999999998,1.0,Shelving,0.0,1,35.29605263157895
PH10444,44440263,2027-10-25,Saleable,1235,2026-02-28,Influenza Vaccine 0.5ml PFS,Tessaline Biologics,Pharma,Cold Chain,2-8C,50.0,33.1,26.9,13.1,0.01166,3.41,66.05,12.0,5.0,60.0,80.5,229.6,0.6996,24.7,0.288002,0.4116666666666667,81571.75,1.0,Pallet racking,1.0,0,19.86842105263158
PH10444,44450096,2027-01-10,Saleable,2609,2026-02-28,Influenza Vaccine 0.5ml PFS,Tessaline Biologics,Pharma,Cold Chain,2-8C,50.0,33.1,26.9,13.1,0.01166,3.41,66.05,12.0,5.0,60.0,80.5,229.6,0.6996,52.18,0.6084188,0.8696666666666667,172324.44999999998,1.0,Pallet racking,1.0,0,10.394736842105264
PH10444,44460486,2027-04-25,Saleable,8074,2026-02-28,Influenza Vaccine 0.5ml PFS,Tessaline Biologics,Pharma,Cold Chain,2-8C,50.0,33.1,26.9,13.1,0.01166,3.41,66.05,12.0,5.0,60.0,80.5,229.6,0.6996,161.48,1.8828567999999999,2.691333333333333,533287.7,3.0,Pallet racking,3.0,0,13.848684210526317
PH10444,44453392,2028-11-06,Saleable,881,2026-02-28,Influenza Vaccine 0.5ml PFS,Tessaline Biologics,Pharma,Cold Chain,2-8C,50.0,33.1,26.9,13.1,0.01166,3.41,66.05,12.0,5.0,60.0,80.5,229.6,0.6996,17.62,0.20544920000000003,0.2936666666666667,58190.049999999996,1.0,Shelving,0.0,1,32.30263157894737
PH10445,44514380,2026-06-25,Saleable,15,2026-02-28,Insulin Glargine 100IU/ml 5x3ml Pen,Tessaline Biologics,Pharma,Cold Chain,2-8C,10.0,29.7,16.1,23.3,0.01114,2.39,81.54,24.0,6.0,144.0,154.8,369.16,1.60416,1.5,0.016710000000000003,0.010416666666666666,1223.1000000000001,1.0,Shelving,0.0,1,3.848684210526316
PH10445,44564281,2027-09-14,Saleable,26,2026-02-28,Insulin Glargine 100IU/ml 5x3ml Pen,Tessaline Biologics,Pharma,Cold Chain,2-8C,10.0,29.7,16.1,23.3,0.01114,2.39,81.54,24.0,6.0,144.0,154.8,369.16,1.60416,2.6,0.028964000000000004,0.018055555555555557,2120.04,1.0,Shelving,0.0,1,18.519736842105264
PH10445,44526029,2027-01-17,Damaged,1,2026-02-28,Insulin Glargine 100IU/ml 5x3ml Pen,Tessaline Biologics,Pharma,Cold Chain,2-8C,10.0,29.7,16.1,23.3,0.01114,2.39,81.54,24.0,6.0,144.0,154.8,369.16,1.60416,0.1,0.0011140000000000002,0.0006944444444444445,81.54,1.0,Quarantine,0.0,0,10.625
PH10446,44699824,2027-01-26,Saleable,5135,2026-02-28,Insulin Glargine 100IU/ml 5x3ml Cartridge,Tessaline Biologics,Pharma,Cold Chain,2-8C,20.0,29.9,19.2,11.9,0.00683,1.77,30.94,19.0,7.0,133.0,98.3,260.41,0.90839,256.75,1.7536025,1.9304511278195489,158876.9,2.0,Pallet racking,2.0,0,10.921052631578949
PH10446,44614783,2026-06-21,Saleable,4670,2026-02-28,Insulin Glargine 100IU/ml 5x3ml Cartridge,Tessaline Biologics,Pharma,Cold Chain,2-8C,20.0,29.9,19.2,11.9,0.00683,1.77,30.94,19.0,7.0,133.0,98.3,260.41,0.90839,233.5,1.594805,1.755639097744361,144489.80000000002,2.0,Pallet racking,2.0,0,3.7171052631578947
PH10446,44685824,2027-02-05,Damaged,294,2026-02-28,Insulin Glargine 100IU/ml 5x3ml Cartridge,Tessaline Biologics,Pharma,Cold Chain,2-8C,20.0,29.9,19.2,11.9,0.00683,1.77,30.94,19.0,7.0,133.0,98.3,260.41,0.90839,14.7,0.10040099999999999,0.11052631578947368,9096.36,1.0,Quarantine,0.0,0,11.25
PH10447,44777959,2026-10-26,Saleable,1041,2026-02-28,Insulin Aspart 100IU/ml 10ml Vial,Tessaline Biologics,Pharma,Cold Chain,2-8C,10.0,31.2,26.6,10.6,0.0088,2.12,83.05,12.0,12.0,144.0,142.2,330.28000000000003,1.2672,104.1,0.91608,0.7229166666666667,86455.05,1.0,Pallet racking,1.0,0,7.894736842105264
PH10448,44848462,2026-07-26,Saleable,115,2026-02-28,Erythropoietin 4000IU PFS,Tessaline Biologics,Pharma,Cold Chain,2-8C,50.0,22.3,28.1,16.0,0.01003,1.92,105.59,16.0,8.0,128.0,143.0,270.76,1.28384,2.3,0.023069,0.01796875,12142.85,1.0,Shelving,0.0,1,4.868421052631579
PH10448,44868093,2028-02-04,Saleable,218,2026-02-28,Erythropoietin 4000IU PFS,Tessaline Biologics,Pharma,Cold Chain,2-8C,50.0,22.3,28.1,16.0,0.01003,1.92,105.59,16.0,8.0,128.0,143.0,270.76,1.28384,4.36,0.04373080000000001,0.0340625,23018.62,1.0,Shelving,0.0,1,23.22368421052632
PH10448,44888385,2027-10-23,Sample,6,2026-02-28,Erythropoietin 4000IU PFS,Tessaline Biologics,Pharma,Cold Chain,2-8C,50.0,22.3,28.1,16.0,0.01003,1.92,105.59,16.0,8.0,128.0,143.0,270.76,1.28384,0.12,0.0012036,0.0009375,633.54,1.0,Shelving,0.0,1,19.80263157894737
PH10449,44947270,2026-08-06,Saleable,4412,2026-02-28,Insulin Aspart 100IU/ml 5x3ml Cartridge,Tessaline Biologics,Pharma,Cold Chain,2-8C,50.0,24.3,28.9,14.6,0.01025,2.71,49.97,14.0,10.0,140.0,161.0,404.4,1.435,88.24,0.9044599999999999,0.6302857142857142,220467.63999999998,1.0,Pallet racking,1.0,0,5.230263157894737
PH10450,45069910,2026-11-19,Saleable,190,2026-02-28,Insulin Glargine 100IU/ml 1x3ml Pen,Tessaline Biologics,Pharma,Cold Chain,2-8C,20.0,21.4,20.7,18.2,0.00806,1.92,78.46,19.0,6.0,114.0,124.2,243.88,0.91884,9.5,0.07657,0.08333333333333333,14907.4,1.0,Shelving,0.0,1,8.68421052631579
PH10450,45077243,2027-05-29,Sample,3,2026-02-28,Insulin Glargine 100IU/ml 1x3ml Pen,Tessaline Biologics,Pharma,Cold Chain,2-8C,20.0,21.4,20.7,18.2,0.00806,1.92,78.46,19.0,6.0,114.0,124.2,243.88,0.91884,0.15,0.0012089999999999998,0.0013157894736842105,235.38,1.0,Shelving,0.0,1,14.967105263157896
PH10451,45174971,2027-08-11,Saleable,261,2026-02-28,Insulin Aspart 100IU/ml 1x3ml Pen,Tessaline Biologics,Pharma,Cold Chain,2-8C,10.0,34.3,19.5,18.2,0.01217,1.95,84.83,14.0,6.0,84.0,124.2,188.8,1.02228,26.1,0.317637,0.3107142857142857,22140.63,1.0,Pallet racking,1.0,0,17.401315789473685
PH10451,45125373,2027-12-19,Saleable,2969,2026-02-28,Insulin Aspart 100IU/ml 1x3ml Pen,Tessaline Biologics,Pharma,Cold Chain,2-8C,10.0,34.3,19.5,18.2,0.01217,1.95,84.83,14.0,6.0,84.0,124.2,188.8,1.02228,296.9,3.613273,3.5345238095238094,251860.27,4.0,Pallet racking,4.0,0,21.67763157894737
PH10452,45254167,2028-01-12,Saleable,611,2026-02-28,Insulin Lispro 100IU/ml 5x3ml Cartridge,Tessaline Biologics,Pharma,Cold Chain,2-8C,50.0,23.8,20.9,16.9,0.00841,1.38,46.14,20.0,8.0,160.0,150.2,245.8,1.3456,12.22,0.10277020000000002,0.076375,28191.54,1.0,Shelving,0.0,1,22.467105263157897
PH10452,45224121,2027-02-04,Saleable,581,2026-02-28,Insulin Lispro 100IU/ml 5x3ml Cartridge,Tessaline Biologics,Pharma,Cold Chain,2-8C,50.0,23.8,20.9,16.9,0.00841,1.38,46.14,20.0,8.0,160.0,150.2,245.8,1.3456,11.62,0.0977242,0.072625,26807.34,1.0,Shelving,0.0,1,11.217105263157896
PH10452,45267929,2027-09-01,FOC,59,2026-02-28,Insulin Lispro 100IU/ml 5x3ml Cartridge,Tessaline Biologics,Pharma,Cold Chain,2-8C,50.0,23.8,20.9,16.9,0.00841,1.38,46.14,20.0,8.0,160.0,150.2,245.8,1.3456,1.18,0.0099238,0.007375,2722.26,1.0,Shelving,0.0,1,18.092105263157897
PH10453,45347673,2026-05-30,Saleable,36,2026-02-28,Insulin Biphasic 30/70 100IU/ml 1x3ml Pen,Tessaline Biologics,Pharma,Cold Chain,2-8C,20.0,34.4,19.6,18.2,0.01227,2.92,21.35,15.0,4.0,60.0,87.8,200.2,0.7362,1.8,0.022086,0.030000000000000002,768.6,1.0,Shelving,0.0,1,2.993421052631579
PH10453,45376151,2028-06-07,Saleable,278,2026-02-28,Insulin Biphasic 30/70 100IU/ml 1x3ml Pen,Tessaline Biologics,Pharma,Cold Chain,2-8C,20.0,34.4,19.6,18.2,0.01227,2.92,21.35,15.0,4.0,60.0,87.8,200.2,0.7362,13.9,0.170553,0.23166666666666666,5935.3,1.0,Shelving,0.0,1,27.30263157894737
PH10455,45578810,2029-01-17,Saleable,63,2026-02-28,Tetanus Toxoid Vaccine 0.5ml,Tessaline Biologics,Pharma,Cold Chain,2-8C,50.0,31.0,29.4,23.3,0.02124,3.73,104.28,11.0,5.0,55.0,131.5,230.15,1.1682,1.26,0.0267624,0.02290909090909091,6569.64,1.0,Shelving,0.0,1,34.67105263157895
PH10455,45541051,2028-10-11,Saleable,86,2026-02-28,Tetanus Toxoid Vaccine 0.5ml,Tessaline Biologics,Pharma,Cold Chain,2-8C,50.0,31.0,29.4,23.3,0.02124,3.73,104.28,11.0,5.0,55.0,131.5,230.15,1.1682,1.72,0.0365328,0.03127272727272727,8968.08,1.0,Shelving,0.0,1,31.447368421052634
PH10456,45655292,2026-08-02,Saleable,38983,2026-02-28,Fusidic Acid 2% Cream 30g,Halvora Healthcare,Pharma,Topicals,Below 25C,72.0,41.8,35.0,24.0,0.03511,10.94,13.63,6.0,3.0,18.0,87.0,221.92,0.63198,541.4305555555555,19.009626805555556,30.079475308641975,531338.29,31.0,Pallet racking,31.0,0,5.098684210526316
PH10457,45731830,2027-08-06,Saleable,16557,2026-02-28,Miconazole 2% Cream 30g,Solandra Health,Pharma,Topicals,Below 25C,96.0,44.8,24.3,16.6,0.01807,6.49,4.35,8.0,5.0,40.0,98.0,284.6,0.7228,172.46875,3.1165103125,4.31171875,72022.95,5.0,Pallet racking,5.0,0,17.236842105263158
PH10458,45896895,2026-09-28,Saleable,52,2026-02-28,Hydrocortisone 1% Cream 30g,Pellaro Eye & Skin,Pharma,Topicals,Below 25C,72.0,43.6,21.5,21.7,0.02034,9.34,6.13,10.0,5.0,50.0,123.5,492.0,1.017,0.7222222222222222,0.01469,0.014444444444444444,318.76,1.0,Shelving,0.0,1,6.973684210526316
PH10458,45810180,2029-01-31,Saleable,4,2026-02-28,Hydrocortisone 1% Cream 30g,Pellaro Eye & Skin,Pharma,Topicals,Below 25C,72.0,43.6,21.5,21.7,0.02034,9.34,6.13,10.0,5.0,50.0,123.5,492.0,1.017,0.05555555555555555,0.00113,0.0011111111111111111,24.52,1.0,Shelving,0.0,1,35.131578947368425
PH10459,45974077,2026-09-27,Saleable,1400,2026-02-28,Fusidic Acid 2% Cream 50g,Pellaro Eye & Skin,Pharma,Topicals,Below 25C,96.0,33.8,24.5,20.3,0.01681,5.4,10.53,12.0,5.0,60.0,116.5,349.0,1.0086,14.583333333333334,0.2451458333333333,0.24305555555555555,14742.0,1.0,Shelving,0.0,1,6.940789473684211
PH10460,46056460,2026-08-24,Saleable,32,2026-02-28,Emollient Cream 15g,Halvora Healthcare,Pharma,Topicals,Below 25C,72.0,33.0,23.7,15.3,0.01197,4.09,14.78,15.0,8.0,120.0,137.4,515.8,1.4364,0.4444444444444444,0.005319999999999999,0.0037037037037037034,472.96,1.0,Shelving,0.0,1,5.822368421052632
PH10460,46062032,2028-09-16,Saleable,9,2026-02-28,Emollient Cream 15g,Halvora Healthcare,Pharma,Topicals,Below 25C,72.0,33.0,23.7,15.3,0.01197,4.09,14.78,15.0,8.0,120.0,137.4,515.8,1.4364,0.125,0.00149625,0.0010416666666666667,133.01999999999998,1.0,Shelving,0.0,1,30.625
PH10460,46086256,2026-08-12,Saleable,9,2026-02-28,Emollient Cream 15g,Halvora Healthcare,Pharma,Topicals,Below 25C,72.0,33.0,23.7,15.3,0.01197,4.09,14.78,15.0,8.0,120.0,137.4,515.8,1.4364,0.125,0.00149625,0.0010416666666666667,133.01999999999998,1.0,Shelving,0.0,1,5.427631578947369
PH10460,46063548,2028-05-20,Saleable,2,2026-02-28,Emollient Cream 15g,Halvora Healthcare,Pharma,Topicals,Below 25C,72.0,33.0,23.7,15.3,0.01197,4.09,14.78,15.0,8.0,120.0,137.4,515.8,1.4364,0.027777777777777776,0.00033249999999999995,0.00023148148148148146,29.56,1.0,Shelving,0.0,1,26.710526315789476
PH10460,46069960,2026-12-31,Saleable,60,2026-02-28,Emollient Cream 15g,Halvora Healthcare,Pharma,Topicals,Below 25C,72.0,33.0,23.7,15.3,0.01197,4.09,14.78,15.0,8.0,120.0,137.4,515.8,1.4364,0.8333333333333334,0.009975,0.006944444444444445,886.8,1.0,Shelving,0.0,1,10.06578947368421
PH10460,46044127,2026-08-08,FOC,5,2026-02-28,Emollient Cream 15g,Halvora Healthcare,Pharma,Topicals,Below 25C,72.0,33.0,23.7,15.3,0.01197,4.09,14.78,15.0,8.0,120.0,137.4,515.8,1.4364,0.06944444444444445,0.0008312500000000001,0.0005787037037037038,73.89999999999999,1.0,Shelving,0.0,1,5.296052631578948
PH10461,46174021,2027-11-09,Saleable,19,2026-02-28,Clotrimazole 1% Cream 15g,Pellaro Eye & Skin,Pharma,Topicals,Below 25C,72.0,43.6,29.8,16.9,0.02196,6.73,6.45,8.0,8.0,64.0,150.2,455.72,1.40544,0.2638888888888889,0.005795,0.004123263888888889,122.55,1.0,Shelving,0.0,1,20.361842105263158
PH10461,46135561,2028-11-21,Saleable,329,2026-02-28,Clotrimazole 1% Cream 15g,Pellaro Eye & Skin,Pharma,Topicals,Below 25C,72.0,43.6,29.8,16.9,0.02196,6.73,6.45,8.0,8.0,64.0,150.2,455.72,1.40544,4.569444444444445,0.100345,0.07139756944444445,2122.05,1.0,Shelving,0.0,1,32.79605263157895
PH10461,46137150,2028-01-05,Saleable,868,2026-02-28,Clotrimazole 1% Cream 15g,Pellaro Eye & Skin,Pharma,Topicals,Below 25C,72.0,43.6,29.8,16.9,0.02196,6.73,6.45,8.0,8.0,64.0,150.2,455.72,1.40544,12.055555555555555,0.26474,0.18836805555555555,5598.6,1.0,Pallet racking,1.0,0,22.236842105263158
PH10461,46181236,2026-01-13,Expired,97,2026-02-28,Clotrimazole 1% Cream 15g,Pellaro Eye & Skin,Pharma,Topicals,Below 25C,72.0,43.6,29.8,16.9,0.02196,6.73,6.45,8.0,8.0,64.0,150.2,455.72,1.40544,1.3472222222222223,0.029585000000000004,0.021050347222222224,625.65,1.0,Quarantine,0.0,0,-1.5131578947368423
PH10461,46167078,2028-01-18,Damaged,36,2026-02-28,Clotrimazole 1% Cream 15g,Pellaro Eye & Skin,Pharma,Topicals,Below 25C,72.0,43.6,29.8,16.9,0.02196,6.73,6.45,8.0,8.0,64.0,150.2,455.72,1.40544,0.5,0.01098,0.0078125,232.20000000000002,1.0,Quarantine,0.0,0,22.664473684210527
PH10462,46275608,2028-11-30,Saleable,49458,2026-02-28,Betamethasone 0.1% Ointment 15g,Solandra Health,Pharma,Topicals,Below 25C,48.0,33.6,20.7,19.5,0.01356,5.95,9.78,11.0,7.0,77.0,151.5,483.15,1.04412,1030.375,13.971884999999999,13.381493506493506,483699.24,14.0,Pallet racking,14.0,0,33.0921052631579
PH10462,46298845,2028-10-14,Saleable,7042,2026-02-28,Betamethasone 0.1% Ointment 15g,Solandra Health,Pharma,Topicals,Below 25C,48.0,33.6,20.7,19.5,0.01356,5.95,9.78,11.0,7.0,77.0,151.5,483.15,1.04412,146.70833333333334,1.989365,1.9053030303030305,68870.76,2.0,Pallet racking,2.0,0,31.54605263157895
PH10462,46250856,2028-01-17,Saleable,2118,2026-02-28,Betamethasone 0.1% Ointment 15g,Solandra Health,Pharma,Topicals,Below 25C,48.0,33.6,20.7,19.5,0.01356,5.95,9.78,11.0,7.0,77.0,151.5,483.15,1.04412,44.125,0.598335,0.573051948051948,20714.039999999997,1.0,Pallet racking,1.0,0,22.63157894736842
PH10463,46334019,2027-10-01,Saleable,684,2026-02-28,Diclofenac 1% Gel 15g,Pellaro Eye & Skin,Pharma,Topicals,Below 25C,144.0,36.4,24.7,23.0,0.02068,8.78,14.9,12.0,4.0,48.0,107.0,446.44,0.99264,4.75,0.09823,0.09895833333333333,10191.6,1.0,Shelving,0.0,1,19.078947368421055
PH10464,46424924,2027-09-11,Saleable,821,2026-02-28,Clotrimazole 1% Cream 30g,Solandra Health,Pharma,Topicals,Below 25C,96.0,40.9,26.7,23.6,0.02577,8.74,11.75,8.0,5.0,40.0,133.0,374.6,1.0308000000000002,8.552083333333334,0.22038718750000003,0.21380208333333334,9646.75,1.0,Shelving,0.0,1,18.42105263157895
PH10464,46490794,2028-01-02,Saleable,110,2026-02-28,Clotrimazole 1% Cream 30g,Solandra Health,Pharma,Topicals,Below 25C,96.0,40.9,26.7,23.6,0.02577,8.74,11.75,8.0,5.0,40.0,133.0,374.6,1.0308000000000002,1.1458333333333333,0.029528125,0.028645833333333332,1292.5,1.0,Shelving,0.0,1,22.138157894736842
PH10464,46498391,2026-08-16,FOC,46,2026-02-28,Clotrimazole 1% Cream 30g,Solandra Health,Pharma,Topicals,Below 25C,96.0,40.9,26.7,23.6,0.02577,8.74,11.75,8.0,5.0,40.0,133.0,374.6,1.0308000000000002,0.4791666666666667,0.012348125000000001,0.011979166666666667,540.5,1.0,Shelving,0.0,1,5.559210526315789
PH10465,46579418,2027-06-18,Saleable,5042,2026-02-28,Calamine Lotion 50g,Pellaro Eye & Skin,Pharma,Topicals,Below 25C,72.0,32.4,23.9,21.2,0.01642,5.25,10.57,14.0,4.0,56.0,99.8,319.0,0.91952,70.02777777777777,1.149856111111111,1.2504960317460316,53293.94,2.0,Pallet racking,2.0,0,15.625
PH10466,46641447,2028-01-12,Saleable,58,2026-02-28,Aciclovir 5% Cream 50g,Pellaro Eye & Skin,Pharma,Topicals,Below 25C,144.0,39.5,27.4,20.9,0.02262,8.23,6.04,9.0,5.0,45.0,119.5,395.35,1.0179,0.4027777777777778,0.009110833333333334,0.008950617283950617,350.32,1.0,Shelving,0.0,1,22.467105263157897
PH10466,46643660,2026-10-27,Saleable,263,2026-02-28,Aciclovir 5% Cream 50g,Pellaro Eye & Skin,Pharma,Topicals,Below 25C,144.0,39.5,27.4,20.9,0.02262,8.23,6.04,9.0,5.0,45.0,119.5,395.35,1.0179,1.8263888888888888,0.041312916666666664,0.04058641975308642,1588.52,1.0,Shelving,0.0,1,7.927631578947369
PH10466,46633937,2027-12-24,Saleable,380,2026-02-28,Aciclovir 5% Cream 50g,Pellaro Eye & Skin,Pharma,Topicals,Below 25C,144.0,39.5,27.4,20.9,0.02262,8.23,6.04,9.0,5.0,45.0,119.5,395.35,1.0179,2.638888888888889,0.05969166666666667,0.05864197530864197,2295.2,1.0,Shelving,0.0,1,21.842105263157897
PH10466,46650342,2027-02-16,FOC,35,2026-02-28,Aciclovir 5% Cream 50g,Pellaro Eye & Skin,Pharma,Topicals,Below 25C,144.0,39.5,27.4,20.9,0.02262,8.23,6.04,9.0,5.0,45.0,119.5,395.35,1.0179,0.24305555555555555,0.005497916666666667,0.005401234567901234,211.4,1.0,Shelving,0.0,1,11.61184210526316
PH10467,46796165,2027-07-08,Saleable,2718,2026-02-28,Calamine Lotion 15g,Pellaro Eye & Skin,Pharma,Topicals,Below 25C,72.0,31.1,31.7,18.3,0.01804,6.6,9.85,9.0,4.0,36.0,88.2,262.6,0.64944,37.75,0.68101,1.0486111111111112,26772.3,2.0,Pallet racking,2.0,0,16.282894736842106
PH10467,46772346,2026-07-26,FOC,135,2026-02-28,Calamine Lotion 15g,Pellaro Eye & Skin,Pharma,Topicals,Below 25C,72.0,31.1,31.7,18.3,0.01804,6.6,9.85,9.0,4.0,36.0,88.2,262.6,0.64944,1.875,0.033825,0.052083333333333336,1329.75,1.0,Shelving,0.0,1,4.868421052631579
PH10468,46832528,2026-10-01,Saleable,872,2026-02-28,Diclofenac 1% Gel 30g,Solandra Health,Pharma,Topicals,Below 25C,96.0,37.1,23.3,17.5,0.01513,4.84,4.27,12.0,8.0,96.0,155.0,489.64,1.45248,9.083333333333334,0.13743083333333334,0.09461805555555557,3723.4399999999996,1.0,Shelving,0.0,1,7.072368421052632
PH10469,46991220,2026-07-08,Saleable,1131,2026-02-28,Diclofenac 1% Gel 50g,Solandra Health,Pharma,Topicals,Below 25C,72.0,35.3,29.6,16.2,0.01693,7.08,7.28,9.0,5.0,45.0,96.0,343.6,0.76185,15.708333333333334,0.26594208333333336,0.3490740740740741,8233.68,1.0,Pallet racking,1.0,0,4.276315789473684
PH10469,46932187,2027-06-05,Saleable,596,2026-02-28,Diclofenac 1% Gel 50g,Solandra Health,Pharma,Topicals,Below 25C,72.0,35.3,29.6,16.2,0.01693,7.08,7.28,9.0,5.0,45.0,96.0,343.6,0.76185,8.277777777777779,0.14014277777777778,0.18395061728395062,4338.88,1.0,Shelving,0.0,1,15.197368421052632
PH10470,47044194,2027-09-29,Saleable,1961,2026-02-28,Salicylic Acid Ointment 30g,Solandra Health,Pharma,Topicals,Below 25C,96.0,30.6,32.8,18.3,0.01837,9.14,8.56,8.0,4.0,32.0,88.2,317.48,0.58784,20.427083333333332,0.37524552083333335,0.6383463541666666,16786.16,1.0,Pallet racking,1.0,0,19.013157894736842
PH10470,47077498,2027-04-05,Saleable,1714,2026-02-28,Salicylic Acid Ointment 30g,Solandra Health,Pharma,Topicals,Below 25C,96.0,30.6,32.8,18.3,0.01837,9.14,8.56,8.0,4.0,32.0,88.2,317.48,0.58784,17.854166666666668,0.3279810416666667,0.5579427083333334,14671.84,1.0,Pallet racking,1.0,0,13.19078947368421
PH10471,47127386,2027-02-10,Saleable,2079,2026-02-28,Mupirocin 2% Ointment 50g,Solandra Health,Pharma,Topicals,Below 25C,144.0,38.7,29.2,17.1,0.01932,9.26,11.27,9.0,8.0,72.0,151.8,691.72,1.39104,14.4375,0.2789325,0.20052083333333334,23430.329999999998,1.0,Pallet racking,1.0,0,11.414473684210527
PH10472,47254989,2027-09-13,Saleable,214,2026-02-28,Miconazole 2% Cream 50g,Pellaro Eye & Skin,Pharma,Topicals,Below 25C,48.0,32.1,21.6,18.8,0.01304,5.32,9.96,15.0,5.0,75.0,109.0,424.0,0.978,4.458333333333333,0.05813666666666666,0.05944444444444444,2131.44,1.0,Shelving,0.0,1,18.486842105263158
PH10475,47562872,2028-09-12,Saleable,6594,2026-02-28,Betamethasone 0.1% Ointment 30g,Pellaro Eye & Skin,Pharma,Topicals,Below 25C,48.0,40.6,27.5,17.8,0.01987,8.65,7.37,8.0,3.0,24.0,68.4,232.6,0.4768799999999999,137.375,2.72964125,5.723958333333333,48597.78,6.0,Pallet racking,6.0,0,30.49342105263158
PH10475,47571147,2028-08-13,Saleable,52,2026-02-28,Betamethasone 0.1% Ointment 30g,Pellaro Eye & Skin,Pharma,Topicals,Below 25C,48.0,40.6,27.5,17.8,0.01987,8.65,7.37,8.0,3.0,24.0,68.4,232.6,0.4768799999999999,1.0833333333333333,0.02152583333333333,0.04513888888888889,383.24,1.0,Shelving,0.0,1,29.50657894736842
PH10476,47661863,2026-10-04,Saleable,307,2026-02-28,Betamethasone 0.1% Ointment 50g,Solandra Health,Pharma,Topicals,Below 25C,48.0,38.1,24.8,22.5,0.02126,7.79,5.55,10.0,4.0,40.0,105.0,336.6,0.8504,6.395833333333333,0.13597541666666665,0.15989583333333332,1703.85,1.0,Shelving,0.0,1,7.171052631578948
PH10477,47768537,2028-10-18,Saleable,24,2026-02-28,Salicylic Acid Ointment 15g,Pellaro Eye & Skin,Pharma,Topicals,Below 25C,96.0,31.7,30.1,23.9,0.0228,9.06,5.87,9.0,6.0,54.0,158.39999999999998,514.24,1.2312,0.25,0.0057,0.004629629629629629,140.88,1.0,Shelving,0.0,1,31.67763157894737
PH10478,47857787,2027-07-13,Saleable,763,2026-02-28,Emollient Cream 30g,Pellaro Eye & Skin,Pharma,Topicals,Below 25C,96.0,43.1,29.3,22.6,0.02854,14.06,12.62,8.0,3.0,24.0,82.80000000000001,362.44,0.68496,7.947916666666667,0.22683354166666667,0.3311631944444445,9629.06,1.0,Shelving,0.0,1,16.447368421052634
PH10478,47813871,2028-04-25,Saleable,850,2026-02-28,Emollient Cream 30g,Pellaro Eye & Skin,Pharma,Topicals,Below 25C,96.0,43.1,29.3,22.6,0.02854,14.06,12.62,8.0,3.0,24.0,82.80000000000001,362.44,0.68496,8.854166666666666,0.25269791666666663,0.3689236111111111,10727.0,1.0,Pallet racking,1.0,0,25.888157894736842
PH10478,47863057,2027-03-11,FOC,80,2026-02-28,Emollient Cream 30g,Pellaro Eye & Skin,Pharma,Topicals,Below 25C,96.0,43.1,29.3,22.6,0.02854,14.06,12.62,8.0,3.0,24.0,82.80000000000001,362.44,0.68496,0.8333333333333334,0.023783333333333333,0.034722222222222224,1009.5999999999999,1.0,Shelving,0.0,1,12.368421052631579
PH10479,47921370,2027-06-02,Saleable,2269,2026-02-28,Emollient Cream 50g,Solandra Health,Pharma,Topicals,Below 25C,96.0,40.0,31.9,19.5,0.02488,10.29,13.96,9.0,5.0,45.0,112.5,488.05,1.1196,23.635416666666668,0.5880491666666667,0.5252314814814815,31675.24,1.0,Pallet racking,1.0,0,15.098684210526317
PH10479,47940901,2027-11-10,Saleable,5080,2026-02-28,Emollient Cream 50g,Solandra Health,Pharma,Topicals,Below 25C,96.0,40.0,31.9,19.5,0.02488,10.29,13.96,9.0,5.0,45.0,112.5,488.05,1.1196,52.916666666666664,1.3165666666666667,1.1759259259259258,70916.8,2.0,Pallet racking,2.0,0,20.394736842105264
PH10479,47989835,2027-02-19,Saleable,3573,2026-02-28,Emollient Cream 50g,Solandra Health,Pharma,Topicals,Below 25C,96.0,40.0,31.9,19.5,0.02488,10.29,13.96,9.0,5.0,45.0,112.5,488.05,1.1196,37.21875,0.9260025,0.8270833333333333,49879.08,1.0,Pallet racking,1.0,0,11.710526315789474
PH10479,47932231,2025-04-03,Expired,873,2026-02-28,Emollient Cream 50g,Solandra Health,Pharma,Topicals,Below 25C,96.0,40.0,31.9,19.5,0.02488,10.29,13.96,9.0,5.0,45.0,112.5,488.05,1.1196,9.09375,0.2262525,0.20208333333333334,12187.08,1.0,Quarantine,0.0,0,-10.888157894736842
PH10480,48099769,2028-04-01,Saleable,9421,2026-02-28,Calamine Lotion 30g,Solandra Health,Pharma,Topicals,Below 25C,48.0,31.6,23.2,19.5,0.0143,4.58,14.71,15.0,4.0,60.0,93.0,299.8,0.858,196.27083333333334,2.806672916666667,3.2711805555555555,138582.91,4.0,Pallet racking,4.0,0,25.09868421052632
PH10480,48078209,2026-12-28,Saleable,2438,2026-02-28,Calamine Lotion 30g,Solandra Health,Pharma,Topicals,Below 25C,48.0,31.6,23.2,19.5,0.0143,4.58,14.71,15.0,4.0,60.0,93.0,299.8,0.858,50.791666666666664,0.7263208333333333,0.8465277777777778,35862.98,1.0,Pallet racking,1.0,0,9.967105263157896
PH10481,48184389,2028-12-14,Saleable,1579,2026-02-28,Mupirocin 2% Ointment 15g,Pellaro Eye & Skin,Pharma,Topicals,Below 25C,72.0,41.6,29.3,21.6,0.02633,10.25,14.05,8.0,5.0,40.0,123.0,435.0,1.0532,21.930555555555557,0.5774315277777778,0.5482638888888889,22184.95,1.0,Pallet racking,1.0,0,33.55263157894737
PH10482,48240198,2028-05-13,Saleable,772,2026-02-28,Silver Sulfadiazine 1% Cream 30g,Pellaro Eye & Skin,Pharma,Topicals,Below 25C,96.0,33.7,23.1,23.5,0.01829,8.51,13.13,11.0,3.0,33.0,85.5,305.83,0.60357,8.041666666666666,0.14708208333333334,0.24368686868686867,10136.36,1.0,Shelving,0.0,1,26.48026315789474
PH10483,48350268,2026-12-23,Saleable,155,2026-02-28,Silver Sulfadiazine 1% Cream 15g,Halvora Healthcare,Pharma,Topicals,Below 25C,48.0,40.2,32.2,23.6,0.03055,14.02,13.26,6.0,3.0,18.0,85.80000000000001,277.36,0.5499,3.2291666666666665,0.09865104166666666,0.17939814814814814,2055.3,1.0,Shelving,0.0,1,9.802631578947368
PH10484,48471276,2027-09-09,Saleable,176,2026-02-28,Hydrocortisone 1% Cream 50g,Solandra Health,Pharma,Topicals,Below 25C,144.0,39.8,25.8,22.2,0.0228,8.9,13.77,8.0,4.0,32.0,103.8,309.8,0.7296,1.2222222222222223,0.02786666666666667,0.03819444444444445,2423.52,1.0,Shelving,0.0,1,18.355263157894736
PH10485,48583584,2026-12-29,Saleable,621,2026-02-28,Hydrocortisone 1% Cream 15g,Solandra Health,Pharma,Topicals,Below 25C,72.0,35.2,26.8,21.4,0.02019,6.35,13.45,9.0,5.0,45.0,122.0,310.75,0.90855,8.625,0.17413875,0.19166666666666668,8352.449999999999,1.0,Shelving,0.0,1,10.0
PH10485,48558373,2027-10-02,Saleable,540,2026-02-28,Hydrocortisone 1% Cream 15g,Solandra Health,Pharma,Topicals,Below 25C,72.0,35.2,26.8,21.4,0.02019,6.35,13.45,9.0,5.0,45.0,122.0,310.75,0.90855,7.5,0.151425,0.16666666666666666,7263.0,1.0,Shelving,0.0,1,19.111842105263158
PH10485,48526694,2027-09-25,Damaged,34,2026-02-28,Hydrocortisone 1% Cream 15g,Solandra Health,Pharma,Topicals,Below 25C,72.0,35.2,26.8,21.4,0.02019,6.35,13.45,9.0,5.0,45.0,122.0,310.75,0.90855,0.4722222222222222,0.009534166666666666,0.010493827160493827,457.29999999999995,1.0,Quarantine,0.0,0,18.88157894736842
PH10486,48699470,2028-08-20,Saleable,944,2026-02-28,Artificial Tears Eye Drops 5ml,Pellaro Eye & Skin,Pharma,Eye Drops,Below 25C,200.0,33.6,24.7,12.1,0.01004,1.77,13.81,12.0,7.0,84.0,99.7,173.68,0.84336,4.72,0.0473888,0.056190476190476187,13036.640000000001,1.0,Shelving,0.0,1,29.736842105263158
PH10486,48624047,2029-01-02,Saleable,346,2026-02-28,Artificial Tears Eye Drops 5ml,Pellaro Eye & Skin,Pharma,Eye Drops,Below 25C,200.0,33.6,24.7,12.1,0.01004,1.77,13.81,12.0,7.0,84.0,99.7,173.68,0.84336,1.73,0.0173692,0.020595238095238094,4778.26,1.0,Shelving,0.0,1,34.17763157894737
PH10487,48755846,2027-04-19,Saleable,96,2026-02-28,Timolol 0.5% Eye Drops 5ml,Pellaro Eye & Skin,Pharma,Eye Drops,Below 25C,200.0,34.0,20.3,19.6,0.01353,2.47,16.53,12.0,4.0,48.0,93.4,143.56,0.64944,0.48,0.0064944,0.01,1586.88,1.0,Shelving,0.0,1,13.651315789473685
PH10487,48719071,2026-06-16,Saleable,773,2026-02-28,Timolol 0.5% Eye Drops 5ml,Pellaro Eye & Skin,Pharma,Eye Drops,Below 25C,200.0,34.0,20.3,19.6,0.01353,2.47,16.53,12.0,4.0,48.0,93.4,143.56,0.64944,3.865,0.052293450000000005,0.08052083333333333,12777.69,1.0,Shelving,0.0,1,3.5526315789473686
PH10487,48798592,2029-01-07,Saleable,170,2026-02-28,Timolol 0.5% Eye Drops 5ml,Pellaro Eye & Skin,Pharma,Eye Drops,Below 25C,200.0,34.0,20.3,19.6,0.01353,2.47,16.53,12.0,4.0,48.0,93.4,143.56,0.64944,0.85,0.0115005,0.017708333333333333,2810.1000000000004,1.0,Shelving,0.0,1,34.3421052631579
PH10487,48730024,2027-02-11,FOC,52,2026-02-28,Timolol 0.5% Eye Drops 5ml,Pellaro Eye & Skin,Pharma,Eye Drops,Below 25C,200.0,34.0,20.3,19.6,0.01353,2.47,16.53,12.0,4.0,48.0,93.4,143.56,0.64944,0.26,0.0035178,0.005416666666666667,859.5600000000001,1.0,Shelving,0.0,1,11.447368421052632
PH10487,48718136,2028-02-04,Sample,20,2026-02-28,Timolol 0.5% Eye Drops 5ml,Pellaro Eye & Skin,Pharma,Eye Drops,Below 25C,200.0,34.0,20.3,19.6,0.01353,2.47,16.53,12.0,4.0,48.0,93.4,143.56,0.64944,0.1,0.001353,0.0020833333333333333,330.6,1.0,Shelving,0.0,1,23.22368421052632
PH10487,48771337,2026-01-22,Expired,83,2026-02-28,Timolol 0.5% Eye Drops 5ml,Pellaro Eye & Skin,Pharma,Eye Drops,Below 25C,200.0,34.0,20.3,19.6,0.01353,2.47,16.53,12.0,4.0,48.0,93.4,143.56,0.64944,0.415,0.00561495,0.008645833333333333,1371.99,1.0,Quarantine,0.0,0,-1.2171052631578947
PH10489,48999548,2028-11-01,Saleable,73,2026-02-28,Ketorolac 0.5% Eye Drops 5ml,Pellaro Eye & Skin,Pharma,Eye Drops,Below 25C,300.0,37.0,25.3,14.5,0.01357,3.52,26.7,7.0,6.0,42.0,102.0,172.84,0.56994,0.24333333333333335,0.003302033333333334,0.0057936507936507935,1949.1,1.0,Shelving,0.0,1,32.13815789473684
PH10489,48960896,2026-08-04,Saleable,12173,2026-02-28,Ketorolac 0.5% Eye Drops 5ml,Pellaro Eye & Skin,Pharma,Eye Drops,Below 25C,300.0,37.0,25.3,14.5,0.01357,3.52,26.7,7.0,6.0,42.0,102.0,172.84,0.56994,40.57666666666667,0.5506253666666667,0.9661111111111111,325019.1,1.0,Pallet racking,1.0,0,5.1644736842105265
PH10490,49046635,2029-01-16,Saleable,113,2026-02-28,Artificial Tears Eye Drops 10ml,Pellaro Eye & Skin,Pharma,Eye Drops,Below 25C,300.0,35.2,26.8,13.9,0.01311,2.61,6.96,9.0,9.0,81.0,140.10000000000002,236.41,1.06191,0.37666666666666665,0.0049381,0.0046502057613168725,786.48,1.0,Shelving,0.0,1,34.63815789473684
PH10490,49019436,2027-09-20,Saleable,2241,2026-02-28,Artificial Tears Eye Drops 10ml,Pellaro Eye & Skin,Pharma,Eye Drops,Below 25C,300.0,35.2,26.8,13.9,0.01311,2.61,6.96,9.0,9.0,81.0,140.10000000000002,236.41,1.06191,7.47,0.0979317,0.09222222222222222,15597.36,1.0,Shelving,0.0,1,18.717105263157897
PH10490,49021817,2028-06-28,Saleable,186,2026-02-28,Artificial Tears Eye Drops 10ml,Pellaro Eye & Skin,Pharma,Eye Drops,Below 25C,300.0,35.2,26.8,13.9,0.01311,2.61,6.96,9.0,9.0,81.0,140.10000000000002,236.41,1.06191,0.62,0.0081282,0.007654320987654321,1294.56,1.0,Shelving,0.0,1,27.99342105263158
PH10491,49118216,2028-08-17,Saleable,6949,2026-02-28,Ciprofloxacin 0.3% Eye Drops 10ml,Arcadine Pharma,Pharma,Eye Drops,Below 25C,300.0,25.3,21.6,13.6,0.00743,1.25,17.71,16.0,11.0,176.0,164.6,245.0,1.30768,23.163333333333334,0.17210356666666668,0.1316098484848485,123066.79000000001,1.0,Shelving,0.0,1,29.638157894736842
PH10491,49177483,2027-03-17,Sample,138,2026-02-28,Ciprofloxacin 0.3% Eye Drops 10ml,Arcadine Pharma,Pharma,Eye Drops,Below 25C,300.0,25.3,21.6,13.6,0.00743,1.25,17.71,16.0,11.0,176.0,164.6,245.0,1.30768,0.46,0.0034178000000000004,0.0026136363636363636,2443.98,1.0,Shelving,0.0,1,12.56578947368421
PH10492,49259203,2026-08-01,Saleable,22,2026-02-28,Prednisolone Acetate 1% Eye Drops 5ml,Pellaro Eye & Skin,Pharma,Eye Drops,Below 25C,200.0,38.1,21.6,10.1,0.00831,2.12,20.42,12.0,12.0,144.0,136.2,330.28000000000003,1.19664,0.11,0.0009140999999999999,0.0007638888888888889,449.24,1.0,Shelving,0.0,1,5.065789473684211
PH10492,49214225,2027-09-06,Saleable,247,2026-02-28,Prednisolone Acetate 1% Eye Drops 5ml,Pellaro Eye & Skin,Pharma,Eye Drops,Below 25C,200.0,38.1,21.6,10.1,0.00831,2.12,20.42,12.0,12.0,144.0,136.2,330.28000000000003,1.19664,1.235,0.01026285,0.00857638888888889,5043.740000000001,1.0,Shelving,0.0,1,18.25657894736842
PH10493,49313365,2028-10-08,Saleable,1037,2026-02-28,Prednisolone Acetate 1% Eye Drops 10ml,Pellaro Eye & Skin,Pharma,Eye Drops,Below 25C,200.0,25.9,27.1,17.3,0.01214,3.31,20.93,12.0,8.0,96.0,153.4,342.76,1.16544,5.185,0.0629459,0.054010416666666665,21704.41,1.0,Shelving,0.0,1,31.34868421052632
PH10494,49483626,2026-11-06,Saleable,4628,2026-02-28,Timolol 0.5% Eye Drops 10ml,Pellaro Eye & Skin,Pharma,Eye Drops,Below 25C,100.0,25.9,28.1,15.6,0.01135,2.79,14.46,12.0,5.0,60.0,93.0,192.4,0.681,46.28,0.525278,0.7713333333333333,66920.88,1.0,Pallet racking,1.0,0,8.256578947368421
PH10495,49542940,2027-05-07,Saleable,82,2026-02-28,Chloramphenicol 0.5% Eye Drops 10ml,Pellaro Eye & Skin,Pharma,Eye Drops,Below 25C,200.0,36.9,25.5,17.0,0.016,3.8,14.05,7.0,7.0,49.0,134.0,211.2,0.784,0.41,0.00656,0.00836734693877551,1152.1000000000001,1.0,Shelving,0.0,1,14.243421052631579
PH10495,49532280,2028-06-08,Saleable,11,2026-02-28,Chloramphenicol 0.5% Eye Drops 10ml,Pellaro Eye & Skin,Pharma,Eye Drops,Below 25C,200.0,36.9,25.5,17.0,0.016,3.8,14.05,7.0,7.0,49.0,134.0,211.2,0.784,0.055,0.00088,0.0011224489795918367,154.55,1.0,Shelving,0.0,1,27.335526315789476
PH10495,49590345,2027-04-19,FOC,4,2026-02-28,Chloramphenicol 0.5% Eye Drops 10ml,Pellaro Eye & Skin,Pharma,Eye Drops,Below 25C,200.0,36.9,25.5,17.0,0.016,3.8,14.05,7.0,7.0,49.0,134.0,211.2,0.784,0.02,0.00032,0.00040816326530612246,56.2,1.0,Shelving,0.0,1,13.651315789473685
PH10496,49668488,2027-08-30,Saleable,919,2026-02-28,Olopatadine 0.1% Eye Drops 5ml,Pellaro Eye & Skin,Pharma,Eye Drops,Below 25C,100.0,31.9,20.4,11.3,0.00735,1.28,22.4,13.0,13.0,169.0,161.9,241.32,1.24215,9.19,0.0675465,0.05437869822485207,20585.6,1.0,Shelving,0.0,1,18.026315789473685
PH10496,49636657,2026-07-05,Saleable,6943,2026-02-28,Olopatadine 0.1% Eye Drops 5ml,Pellaro Eye & Skin,Pharma,Eye Drops,Below 25C,100.0,31.9,20.4,11.3,0.00735,1.28,22.4,13.0,13.0,169.0,161.9,241.32,1.24215,69.43,0.5103105,0.41082840236686397,155523.19999999998,1.0,Pallet racking,1.0,0,4.177631578947369
PH10497,49796252,2028-07-27,Saleable,18074,2026-02-28,Latanoprost 0.005% Eye Drops 10ml,Pellaro Eye & Skin,Pharma,Eye Drops,Below 25C,100.0,32.5,29.0,13.9,0.0131,1.98,16.36,10.0,10.0,100.0,154.0,223.0,1.31,180.74,2.367694,1.8074000000000001,295690.64,2.0,Pallet racking,2.0,0,28.947368421052634
PH10498,49894339,2028-09-25,Saleable,7997,2026-02-28,Brimonidine 0.2% Eye Drops 5ml,Pellaro Eye & Skin,Pharma,Eye Drops,Below 25C,100.0,29.5,24.2,11.7,0.00835,1.7,10.66,16.0,5.0,80.0,73.5,161.0,0.6679999999999999,79.97,0.6677495,0.999625,85248.02,1.0,Pallet racking,1.0,0,30.92105263157895
PH10498,49823507,2026-09-24,Saleable,5228,2026-02-28,Brimonidine 0.2% Eye Drops 5ml,Pellaro Eye & Skin,Pharma,Eye Drops,Below 25C,100.0,29.5,24.2,11.7,0.00835,1.7,10.66,16.0,5.0,80.0,73.5,161.0,0.6679999999999999,52.28,0.436538,0.6535,55730.48,1.0,Pallet racking,1.0,0,6.842105263157895
PH10499,49987565,2027-03-21,Saleable,767,2026-02-28,Brimonidine 0.2% Eye Drops 10ml,Pellaro Eye & Skin,Pharma,Eye Drops,Below 25C,300.0,35.5,28.1,13.8,0.01377,3.77,29.65,9.0,6.0,54.0,97.8,228.58,0.7435799999999999,2.5566666666666666,0.035205299999999995,0.04734567901234568,22741.55,1.0,Shelving,0.0,1,12.697368421052632
PH10499,49923093,2026-07-09,Saleable,27,2026-02-28,Brimonidine 0.2% Eye Drops 10ml,Pellaro Eye & Skin,Pharma,Eye Drops,Below 25C,300.0,35.5,28.1,13.8,0.01377,3.77,29.65,9.0,6.0,54.0,97.8,228.58,0.7435799999999999,0.09,0.0012392999999999998,0.0016666666666666666,800.55,1.0,Shelving,0.0,1,4.309210526315789
PH10499,49918711,2028-02-19,Saleable,291,2026-02-28,Brimonidine 0.2% Eye Drops 10ml,Pellaro Eye & Skin,Pharma,Eye Drops,Below 25C,300.0,35.5,28.1,13.8,0.01377,3.77,29.65,9.0,6.0,54.0,97.8,228.58,0.7435799999999999,0.97,0.0133569,0.017962962962962962,8628.15,1.0,Shelving,0.0,1,23.717105263157897
PH10499,49938098,2027-01-11,FOC,54,2026-02-28,Brimonidine 0.2% Eye Drops 10ml,Pellaro Eye & Skin,Pharma,Eye Drops,Below 25C,300.0,35.5,28.1,13.8,0.01377,3.77,29.65,9.0,6.0,54.0,97.8,228.58,0.7435799999999999,0.18,0.0024785999999999996,0.003333333333333333,1601.1,1.0,Shelving,0.0,1,10.427631578947368
PH10500,50088794,2027-05-13,Saleable,401,2026-02-28,Ketorolac 0.5% Eye Drops 10ml,Pellaro Eye & Skin,Pharma,Eye Drops,Below 25C,200.0,32.5,29.8,11.6,0.01123,2.52,4.67,12.0,9.0,108.0,119.4,297.16,1.21284,2.005,0.02251615,0.018564814814814815,1872.67,1.0,Shelving,0.0,1,14.44078947368421
PH10500,50037228,2027-05-06,Saleable,862,2026-02-28,Ketorolac 0.5% Eye Drops 10ml,Pellaro Eye & Skin,Pharma,Eye Drops,Below 25C,200.0,32.5,29.8,11.6,0.01123,2.52,4.67,12.0,9.0,108.0,119.4,297.16,1.21284,4.31,0.048401299999999994,0.039907407407407405,4025.54,1.0,Shelving,0.0,1,14.210526315789474
PH10501,50191914,2028-07-06,Saleable,3384,2026-02-28,Ciprofloxacin 0.3% Eye Drops 5ml,Pellaro Eye & Skin,Pharma,Eye Drops,Below 25C,100.0,39.7,21.3,11.1,0.00939,2.24,24.75,10.0,6.0,60.0,81.6,159.4,0.5634,33.84,0.3177576000000001,0.5640000000000001,83754.0,1.0,Pallet racking,1.0,0,28.25657894736842
PH10501,50146443,2029-01-19,Saleable,277,2026-02-28,Ciprofloxacin 0.3% Eye Drops 5ml,Pellaro Eye & Skin,Pharma,Eye Drops,Below 25C,100.0,39.7,21.3,11.1,0.00939,2.24,24.75,10.0,6.0,60.0,81.6,159.4,0.5634,2.77,0.026010300000000004,0.04616666666666667,6855.75,1.0,Shelving,0.0,1,34.73684210526316
PH10501,50170483,2027-02-22,Saleable,1614,2026-02-28,Ciprofloxacin 0.3% Eye Drops 5ml,Pellaro Eye & Skin,Pharma,Eye Drops,Below 25C,100.0,39.7,21.3,11.1,0.00939,2.24,24.75,10.0,6.0,60.0,81.6,159.4,0.5634,16.14,0.1515546,0.269,39946.5,1.0,Shelving,0.0,1,11.80921052631579
PH10502,50211002,2026-10-26,Saleable,14962,2026-02-28,Moxifloxacin 0.5% Eye Drops 10ml,Pellaro Eye & Skin,Pharma,Eye Drops,Below 25C,200.0,39.0,21.5,17.2,0.01442,3.31,5.77,12.0,7.0,84.0,135.39999999999998,303.04,1.21128,74.81,1.0787602,0.8905952380952381,86330.73999999999,1.0,Pallet racking,1.0,0,7.894736842105264
PH10502,50245494,2028-11-16,Saleable,34053,2026-02-28,Moxifloxacin 0.5% Eye Drops 10ml,Pellaro Eye & Skin,Pharma,Eye Drops,Below 25C,200.0,39.0,21.5,17.2,0.01442,3.31,5.77,12.0,7.0,84.0,135.39999999999998,303.04,1.21128,170.265,2.4552213,2.0269642857142856,196485.81,3.0,Pallet racking,3.0,0,32.631578947368425
PH10503,50398255,2027-12-26,Saleable,13315,2026-02-28,Olopatadine 0.1% Eye Drops 10ml,Arcadine Pharma,Pharma,Eye Drops,Below 25C,300.0,39.5,29.4,11.0,0.01277,2.15,26.19,9.0,6.0,54.0,81.0,141.1,0.68958,44.38333333333333,0.5667751666666667,0.8219135802469135,348719.85000000003,1.0,Pallet racking,1.0,0,21.907894736842106
PH10504,50441542,2027-01-27,Saleable,19,2026-02-28,Tobramycin 0.3% Eye Drops 10ml,Pellaro Eye & Skin,Pharma,Eye Drops,Below 25C,200.0,30.4,26.6,15.7,0.0127,3.39,4.39,12.0,7.0,84.0,124.9,309.76,1.0668,0.095,0.0012064999999999999,0.001130952380952381,83.41,1.0,Shelving,0.0,1,10.953947368421053
PH10504,50454814,2029-01-06,Saleable,23,2026-02-28,Tobramycin 0.3% Eye Drops 10ml,Pellaro Eye & Skin,Pharma,Eye Drops,Below 25C,200.0,30.4,26.6,15.7,0.0127,3.39,4.39,12.0,7.0,84.0,124.9,309.76,1.0668,0.115,0.0014605,0.0013690476190476191,100.97,1.0,Shelving,0.0,1,34.30921052631579
PH10504,50433366,2028-10-19,Saleable,47,2026-02-28,Tobramycin 0.3% Eye Drops 10ml,Pellaro Eye & Skin,Pharma,Eye Drops,Below 25C,200.0,30.4,26.6,15.7,0.0127,3.39,4.39,12.0,7.0,84.0,124.9,309.76,1.0668,0.235,0.0029844999999999997,0.0027976190476190475,206.32999999999998,1.0,Shelving,0.0,1,31.710526315789476
PH10504,50458418,2025-07-26,Expired,7,2026-02-28,Tobramycin 0.3% Eye Drops 10ml,Pellaro Eye & Skin,Pharma,Eye Drops,Below 25C,200.0,30.4,26.6,15.7,0.0127,3.39,4.39,12.0,7.0,84.0,124.9,309.76,1.0668,0.035,0.0004445,0.0004166666666666667,30.729999999999997,1.0,Quarantine,0.0,0,-7.1381578947368425
PH10505,50521975,2027-10-01,Saleable,164,2026-02-28,Latanoprost 0.005% Eye Drops 5ml,Arcadine Pharma,Pharma,Eye Drops,Below 25C,200.0,31.2,26.6,14.4,0.01195,1.83,17.45,12.0,10.0,120.0,159.0,244.6,1.4340000000000002,0.82,0.009799,0.006833333333333333,2861.7999999999997,1.0,Shelving,0.0,1,19.078947368421055
PH10505,50532787,2027-12-08,FOC,8,2026-02-28,Latanoprost 0.005% Eye Drops 5ml,Arcadine Pharma,Pharma,Eye Drops,Below 25C,200.0,31.2,26.6,14.4,0.01195,1.83,17.45,12.0,10.0,120.0,159.0,244.6,1.4340000000000002,0.04,0.000478,0.0003333333333333333,139.6,1.0,Shelving,0.0,1,21.315789473684212
PH10506,50652234,2027-01-15,Saleable,460,2026-02-28,Beclometasone 100mcg Inhaler 120 Dose,Marwick Pharmaceuticals,Pharma,Inhalers,Below 25C,50.0,48.4,26.3,22.2,0.02826,4.94,15.49,8.0,6.0,48.0,148.2,262.12,1.35648,9.2,0.259992,0.19166666666666665,7125.400000000001,1.0,Pallet racking,1.0,0,10.55921052631579
PH10507,50776408,2026-07-10,Saleable,2526,2026-02-28,Budesonide 200mcg Inhaler 120 Dose,Marwick Pharmaceuticals,Pharma,Inhalers,Below 25C,100.0,51.5,27.9,19.6,0.02816,6.16,24.78,4.0,5.0,20.0,113.0,148.2,0.5632,25.26,0.7113216000000001,1.2630000000000001,62594.280000000006,2.0,Pallet racking,2.0,0,4.342105263157895
PH10508,50831081,2028-04-02,Saleable,195,2026-02-28,Salbutamol 100mcg Inhaler 200 Dose,Marwick Pharmaceuticals,Pharma,Inhalers,Below 25C,100.0,41.4,29.9,16.1,0.01993,4.59,28.88,8.0,5.0,40.0,95.5,208.6,0.7972,1.95,0.038863499999999995,0.04875,5631.599999999999,1.0,Shelving,0.0,1,25.13157894736842
PH10508,50863512,2028-07-11,Saleable,128,2026-02-28,Salbutamol 100mcg Inhaler 200 Dose,Marwick Pharmaceuticals,Pharma,Inhalers,Below 25C,100.0,41.4,29.9,16.1,0.01993,4.59,28.88,8.0,5.0,40.0,95.5,208.6,0.7972,1.28,0.0255104,0.032,3696.64,1.0,Shelving,0.0,1,28.42105263157895
PH10509,50933761,2027-07-02,Saleable,7,2026-02-28,Budesonide/Formoterol 200/6mcg Inhaler 120 Dose,Marwick Pharmaceuticals,Pharma,Inhalers,Below 25C,50.0,45.5,33.0,16.2,0.02432,5.17,27.24,6.0,6.0,36.0,112.2,211.12,0.8755200000000001,0.14,0.0034048000000000004,0.003888888888888889,190.67999999999998,1.0,Shelving,0.0,1,16.085526315789476
PH10509,50926289,2026-09-17,Saleable,67,2026-02-28,Budesonide/Formoterol 200/6mcg Inhaler 120 Dose,Marwick Pharmaceuticals,Pharma,Inhalers,Below 25C,50.0,45.5,33.0,16.2,0.02432,5.17,27.24,6.0,6.0,36.0,112.2,211.12,0.8755200000000001,1.34,0.0325888,0.037222222222222226,1825.08,1.0,Shelving,0.0,1,6.611842105263158
PH10509,50923576,2026-08-25,Saleable,20,2026-02-28,Budesonide/Formoterol 200/6mcg Inhaler 120 Dose,Marwick Pharmaceuticals,Pharma,Inhalers,Below 25C,50.0,45.5,33.0,16.2,0.02432,5.17,27.24,6.0,6.0,36.0,112.2,211.12,0.8755200000000001,0.4,0.009728,0.011111111111111112,544.8,1.0,Shelving,0.0,1,5.855263157894737
PH10509,50950844,2027-12-22,Saleable,167,2026-02-28,Budesonide/Formoterol 200/6mcg Inhaler 120 Dose,Marwick Pharmaceuticals,Pharma,Inhalers,Below 25C,50.0,45.5,33.0,16.2,0.02432,5.17,27.24,6.0,6.0,36.0,112.2,211.12,0.8755200000000001,3.34,0.0812288,0.09277777777777778,4549.08,1.0,Shelving,0.0,1,21.776315789473685
PH10510,51054882,2028-01-19,Saleable,2182,2026-02-28,Salbutamol 100mcg Inhaler 120 Dose,Marwick Pharmaceuticals,Pharma,Inhalers,Below 25C,100.0,46.2,29.0,23.9,0.03202,5.24,12.49,8.0,3.0,24.0,86.69999999999999,150.76,0.76848,21.82,0.6986764,0.9091666666666667,27253.18,1.0,Pallet racking,1.0,0,22.697368421052634
PH10510,51055969,2028-03-14,Saleable,16430,2026-02-28,Salbutamol 100mcg Inhaler 120 Dose,Marwick Pharmaceuticals,Pharma,Inhalers,Below 25C,100.0,46.2,29.0,23.9,0.03202,5.24,12.49,8.0,3.0,24.0,86.69999999999999,150.76,0.76848,164.3,5.260886,6.845833333333334,205210.7,7.0,Pallet racking,7.0,0,24.50657894736842
PH10510,51020536,2027-11-10,Saleable,30584,2026-02-28,Salbutamol 100mcg Inhaler 120 Dose,Marwick Pharmaceuticals,Pharma,Inhalers,Below 25C,100.0,46.2,29.0,23.9,0.03202,5.24,12.49,8.0,3.0,24.0,86.69999999999999,150.76,0.76848,305.84,9.7929968,12.743333333333332,381994.16000000003,13.0,Pallet racking,13.0,0,20.394736842105264
PH10510,51017804,2026-09-12,Sample,983,2026-02-28,Salbutamol 100mcg Inhaler 120 Dose,Marwick Pharmaceuticals,Pharma,Inhalers,Below 25C,100.0,46.2,29.0,23.9,0.03202,5.24,12.49,8.0,3.0,24.0,86.69999999999999,150.76,0.76848,9.83,0.3147566,0.40958333333333335,12277.67,1.0,Pallet racking,1.0,0,6.447368421052632
PH10511,51117409,2027-10-29,Saleable,144,2026-02-28,Budesonide 200mcg Inhaler 200 Dose,Marwick Pharmaceuticals,Pharma,Inhalers,Below 25C,50.0,48.8,25.5,20.9,0.02601,4.9,12.64,7.0,3.0,21.0,77.69999999999999,127.9,0.54621,2.88,0.0749088,0.13714285714285715,1820.16,1.0,Shelving,0.0,1,20.0
PH10511,51173508,2028-06-21,Saleable,132,2026-02-28,Budesonide 200mcg Inhaler 200 Dose,Marwick Pharmaceuticals,Pharma,Inhalers,Below 25C,50.0,48.8,25.5,20.9,0.02601,4.9,12.64,7.0,3.0,21.0,77.69999999999999,127.9,0.54621,2.64,0.0686664,0.12571428571428572,1668.48,1.0,Shelving,0.0,1,27.763157894736842
PH10512,51220824,2026-12-05,Saleable,1402,2026-02-28,Budesonide/Formoterol 200/6mcg Inhaler 200 Dose,Marwick Pharmaceuticals,Pharma,Inhalers,Below 25C,100.0,42.8,34.8,17.6,0.02621,5.51,24.6,6.0,7.0,42.0,138.20000000000002,256.42,1.10082,14.02,0.3674642,0.3338095238095238,34489.200000000004,1.0,Pallet racking,1.0,0,9.210526315789474
PH10512,51268748,2028-09-09,Saleable,3290,2026-02-28,Budesonide/Formoterol 200/6mcg Inhaler 200 Dose,Marwick Pharmaceuticals,Pharma,Inhalers,Below 25C,100.0,42.8,34.8,17.6,0.02621,5.51,24.6,6.0,7.0,42.0,138.20000000000002,256.42,1.10082,32.9,0.862309,0.7833333333333333,80934.0,1.0,Pallet racking,1.0,0,30.394736842105264
PH10513,51355999,2029-01-08,Saleable,3576,2026-02-28,Fluticasone 125mcg Inhaler 200 Dose,Marwick Pharmaceuticals,Pharma,Inhalers,Below 25C,50.0,40.7,34.2,24.2,0.03368,5.71,18.05,5.0,2.0,10.0,63.4,82.1,0.3368,71.52,2.4087936,7.151999999999999,64546.8,8.0,Pallet racking,8.0,0,34.375
PH10514,51421202,2029-01-14,Saleable,5513,2026-02-28,Tiotropium 18mcg Inhaler 200 Dose,Marwick Pharmaceuticals,Pharma,Inhalers,Below 25C,100.0,49.5,29.0,22.4,0.03216,8.67,30.21,8.0,4.0,32.0,104.6,302.44,1.02912,55.13,1.7729808000000002,1.7228125,166547.73,2.0,Pallet racking,2.0,0,34.57236842105263
PH10515,51569220,2026-06-16,Saleable,7054,2026-02-28,Beclometasone 100mcg Inhaler 200 Dose,Marwick Pharmaceuticals,Pharma,Inhalers,Below 25C,50.0,48.5,32.6,21.5,0.03399365,7.24,13.79,6.0,6.0,36.0,144.0,285.64,1.2237714,141.08,4.795824142000001,3.918888888888889,97274.65999999999,4.0,Pallet racking,4.0,0,3.5526315789473686
PH10515,51543862,2028-02-13,Saleable,27,2026-02-28,Beclometasone 100mcg Inhaler 200 Dose,Marwick Pharmaceuticals,Pharma,Inhalers,Below 25C,50.0,48.5,32.6,21.5,0.03399365,7.24,13.79,6.0,6.0,36.0,144.0,285.64,1.2237714,0.54,0.018356571000000002,0.015000000000000001,372.33,1.0,Shelving,0.0,1,23.519736842105264
PH10516,51687341,2027-01-31,Saleable,142,2026-02-28,Ipratropium 20mcg Inhaler 200 Dose,Marwick Pharmaceuticals,Pharma,Inhalers,Below 25C,50.0,41.8,26.1,20.5,0.02237,3.81,11.14,8.0,3.0,24.0,76.5,116.44,0.53688,2.84,0.0635308,0.11833333333333333,1581.88,1.0,Shelving,0.0,1,11.085526315789474
PH10517,51747751,2026-06-23,Saleable,401,2026-02-28,Ipratropium 20mcg Inhaler 120 Dose,Marwick Pharmaceuticals,Pharma,Inhalers,Below 25C,50.0,53.0,32.0,23.8,0.04036,9.97,15.54,6.0,5.0,30.0,134.0,324.1,1.2108,8.02,0.3236872,0.2673333333333333,6231.54,1.0,Pallet racking,1.0,0,3.7828947368421053
PH10517,51732884,2028-10-27,Saleable,807,2026-02-28,Ipratropium 20mcg Inhaler 120 Dose,Marwick Pharmaceuticals,Pharma,Inhalers,Below 25C,50.0,53.0,32.0,23.8,0.04036,9.97,15.54,6.0,5.0,30.0,134.0,324.1,1.2108,16.14,0.6514104000000001,0.538,12540.779999999999,1.0,Pallet racking,1.0,0,31.97368421052632
PH10517,51786859,2025-05-23,Expired,96,2026-02-28,Ipratropium 20mcg Inhaler 120 Dose,Marwick Pharmaceuticals,Pharma,Inhalers,Below 25C,50.0,53.0,32.0,23.8,0.04036,9.97,15.54,6.0,5.0,30.0,134.0,324.1,1.2108,1.92,0.0774912,0.064,1491.84,1.0,Quarantine,0.0,0,-9.243421052631579
PH10518,51887180,2027-07-27,Saleable,149,2026-02-28,Growing-Up Milk Stage 3 800g Tin,Kinloch Nutrition,Pharma,Nutrition,Below 25C,24.0,30.8,25.6,23.6,0.01861,8.79,39.68,10.0,3.0,30.0,85.80000000000001,288.7,0.5583,6.208333333333333,0.11553708333333333,0.20694444444444443,5912.32,1.0,Shelving,0.0,1,16.907894736842106
PH10519,51999458,2029-01-02,Saleable,36,2026-02-28,Diabetic Nutrition Powder 400g Tin,Kinloch Nutrition,Pharma,Nutrition,Ambient,6.0,44.7,32.9,29.2,0.04294,16.41,17.31,6.0,3.0,18.0,102.6,320.38,0.7729199999999999,6.0,0.25764,0.3333333333333333,623.16,1.0,Pallet racking,1.0,0,34.17763157894737
PH10519,51981406,2028-12-31,Saleable,5,2026-02-28,Diabetic Nutrition Powder 400g Tin,Kinloch Nutrition,Pharma,Nutrition,Ambient,6.0,44.7,32.9,29.2,0.04294,16.41,17.31,6.0,3.0,18.0,102.6,320.38,0.7729199999999999,0.8333333333333334,0.035783333333333334,0.0462962962962963,86.55,1.0,Shelving,0.0,1,34.11184210526316
PH10520,52045974,2028-06-23,Saleable,1687,2026-02-28,Adult Complete Nutrition Powder 400g Tin,Kinloch Nutrition,Pharma,Nutrition,Ambient,6.0,39.7,34.2,27.1,0.03679,17.81,29.37,6.0,3.0,18.0,96.3,345.58,0.66222,281.1666666666667,10.344121666666668,15.620370370370372,49547.19,16.0,Pallet racking,16.0,0,27.828947368421055
PH10520,52026616,2027-05-08,Saleable,969,2026-02-28,Adult Complete Nutrition Powder 400g Tin,Kinloch Nutrition,Pharma,Nutrition,Ambient,6.0,39.7,34.2,27.1,0.03679,17.81,29.37,6.0,3.0,18.0,96.3,345.58,0.66222,161.5,5.941585000000001,8.972222222222221,28459.530000000002,9.0,Pallet racking,9.0,0,14.276315789473685
PH10521,52126301,2028-02-05,Saleable,3919,2026-02-28,Infant Formula Stage 1 800g Tin,Kinloch Nutrition,Pharma,Nutrition,Below 25C,6.0,42.4,32.7,29.3,0.04062,18.28,15.91,6.0,3.0,18.0,102.9,354.04,0.73116,653.1666666666666,26.53163,36.28703703703704,62351.29,37.0,Pallet racking,37.0,0,23.25657894736842
PH10521,52183436,2027-04-22,FOC,195,2026-02-28,Infant Formula Stage 1 800g Tin,Kinloch Nutrition,Pharma,Nutrition,Below 25C,6.0,42.4,32.7,29.3,0.04062,18.28,15.91,6.0,3.0,18.0,102.9,354.04,0.73116,32.5,1.3201500000000002,1.8055555555555556,3102.45,2.0,Pallet racking,2.0,0,13.75
PH10521,52168791,2027-06-17,Sample,78,2026-02-28,Infant Formula Stage 1 800g Tin,Kinloch Nutrition,Pharma,Nutrition,Below 25C,6.0,42.4,32.7,29.3,0.04062,18.28,15.91,6.0,3.0,18.0,102.9,354.04,0.73116,13.0,0.5280600000000001,0.7222222222222222,1240.98,1.0,Pallet racking,1.0,0,15.592105263157896
PH10521,52185851,2026-06-25,Damaged,117,2026-02-28,Infant Formula Stage 1 800g Tin,Kinloch Nutrition,Pharma,Nutrition,Below 25C,6.0,42.4,32.7,29.3,0.04062,18.28,15.91,6.0,3.0,18.0,102.9,354.04,0.73116,19.5,0.7920900000000001,1.0833333333333333,1861.47,2.0,Quarantine,0.0,0,3.848684210526316
PH10522,52248252,2027-03-08,Saleable,3948,2026-02-28,Infant Formula Stage 1 400g Tin,Kinloch Nutrition,Pharma,Nutrition,Below 25C,24.0,40.7,29.5,25.0,0.03002,12.74,20.58,8.0,4.0,32.0,115.0,432.68,0.96064,164.5,4.93829,5.140625,81249.84,6.0,Pallet racking,6.0,0,12.269736842105264
PH10522,52214312,2026-09-09,Sample,78,2026-02-28,Infant Formula Stage 1 400g Tin,Kinloch Nutrition,Pharma,Nutrition,Below 25C,24.0,40.7,29.5,25.0,0.03002,12.74,20.58,8.0,4.0,32.0,115.0,432.68,0.96064,3.25,0.097565,0.1015625,1605.2399999999998,1.0,Shelving,0.0,1,6.348684210526316
PH10523,52371497,2027-06-20,Saleable,1342,2026-02-28,Weight Gain Powder 800g Tin,Kinloch Nutrition,Pharma,Nutrition,Ambient,24.0,39.5,31.0,20.2,0.02473,12.02,38.57,9.0,6.0,54.0,136.2,782.26,1.3354199999999998,55.916666666666664,1.3828191666666665,1.0354938271604939,51760.94,2.0,Pallet racking,2.0,0,15.69078947368421
PH10523,52372980,2028-05-05,Saleable,1229,2026-02-28,Weight Gain Powder 800g Tin,Kinloch Nutrition,Pharma,Nutrition,Ambient,24.0,39.5,31.0,20.2,0.02473,12.02,38.57,9.0,6.0,54.0,136.2,782.26,1.3354199999999998,51.208333333333336,1.2663820833333332,0.9483024691358025,47402.53,1.0,Pallet racking,1.0,0,26.217105263157897
PH10524,52485634,2028-06-06,Saleable,540,2026-02-28,Diabetic Nutrition Powder 800g Tin,Kinloch Nutrition,Pharma,Nutrition,Ambient,24.0,36.8,27.3,24.0,0.02411,10.86,35.6,9.0,2.0,18.0,63.0,220.48,0.43398,22.5,0.542475,1.25,19224.0,2.0,Pallet racking,2.0,0,27.269736842105264
PH10524,52448153,2026-06-06,Saleable,324,2026-02-28,Diabetic Nutrition Powder 800g Tin,Kinloch Nutrition,Pharma,Nutrition,Ambient,24.0,36.8,27.3,24.0,0.02411,10.86,35.6,9.0,2.0,18.0,63.0,220.48,0.43398,13.5,0.32548499999999997,0.75,11534.4,1.0,Pallet racking,1.0,0,3.223684210526316
PH10525,52583132,2027-06-27,Saleable,404,2026-02-28,Senior Nutrition Powder 400g Tin,Kinloch Nutrition,Pharma,Nutrition,Ambient,6.0,41.5,29.3,21.1,0.02566,11.12,32.6,8.0,6.0,48.0,141.60000000000002,558.76,1.23168,67.33333333333333,1.7277733333333332,1.4027777777777777,13170.400000000001,2.0,Pallet racking,2.0,0,15.921052631578949
PH10525,52584479,2026-09-29,Saleable,211,2026-02-28,Senior Nutrition Powder 400g Tin,Kinloch Nutrition,Pharma,Nutrition,Ambient,6.0,41.5,29.3,21.1,0.02566,11.12,32.6,8.0,6.0,48.0,141.60000000000002,558.76,1.23168,35.166666666666664,0.9023766666666666,0.7326388888888888,6878.6,1.0,Pallet racking,1.0,0,7.006578947368421
PH10526,52643938,2028-05-07,Saleable,25,2026-02-28,Infant Formula Stage 2 800g Tin,Kinloch Nutrition,Pharma,Nutrition,Ambient,6.0,30.9,28.2,28.6,0.024921468,9.83,44.78,12.0,4.0,48.0,129.4,496.84,1.196230464,4.166666666666667,0.10383945,0.08680555555555557,1119.5,1.0,Shelving,0.0,1,26.282894736842106
PH10526,52684388,2028-01-04,Saleable,24,2026-02-28,Infant Formula Stage 2 800g Tin,Kinloch Nutrition,Pharma,Nutrition,Ambient,6.0,30.9,28.2,28.6,0.024921468,9.83,44.78,12.0,4.0,48.0,129.4,496.84,1.196230464,4.0,0.099685872,0.08333333333333333,1074.72,1.0,Shelving,0.0,1,22.203947368421055
PH10526,52643082,2026-12-05,Saleable,70,2026-02-28,Infant Formula Stage 2 800g Tin,Kinloch Nutrition,Pharma,Nutrition,Ambient,6.0,30.9,28.2,28.6,0.024921468,9.83,44.78,12.0,4.0,48.0,129.4,496.84,1.196230464,11.666666666666666,0.29075046,0.24305555555555555,3134.6,1.0,Pallet racking,1.0,0,9.210526315789474
PH10526,52662442,2026-10-14,Saleable,10,2026-02-28,Infant Formula Stage 2 800g Tin,Kinloch Nutrition,Pharma,Nutrition,Ambient,6.0,30.9,28.2,28.6,0.024921468,9.83,44.78,12.0,4.0,48.0,129.4,496.84,1.196230464,1.6666666666666667,0.04153578,0.034722222222222224,447.8,1.0,Shelving,0.0,1,7.5
PH10526,52691357,2025-06-30,Expired,10,2026-02-28,Infant Formula Stage 2 800g Tin,Kinloch Nutrition,Pharma,Nutrition,Ambient,6.0,30.9,28.2,28.6,0.024921468,9.83,44.78,12.0,4.0,48.0,129.4,496.84,1.196230464,1.6666666666666667,0.04153578,0.034722222222222224,447.8,1.0,Quarantine,0.0,0,-7.99342105263158
PH10527,52761588,2028-10-22,Saleable,1450,2026-02-28,Weight Gain Powder 400g Tin,Kinloch Nutrition,Pharma,Nutrition,Ambient,24.0,42.8,31.0,29.3,0.03888,20.4,38.68,6.0,4.0,24.0,132.2,514.5999999999999,0.93312,60.416666666666664,2.3489999999999998,2.517361111111111,56086.0,3.0,Pallet racking,3.0,0,31.80921052631579
PH10528,52855905,2027-09-11,Saleable,4010,2026-02-28,High Protein Supplement 800g Tin,Kinloch Nutrition,Pharma,Nutrition,Below 25C,24.0,41.3,30.2,26.3,0.0328,14.6,21.93,6.0,5.0,30.0,146.5,463.0,0.984,167.08333333333334,5.480333333333334,5.569444444444445,87939.3,6.0,Pallet racking,6.0,0,18.42105263157895
PH10528,52833105,2026-10-18,Saleable,1660,2026-02-28,High Protein Supplement 800g Tin,Kinloch Nutrition,Pharma,Nutrition,Below 25C,24.0,41.3,30.2,26.3,0.0328,14.6,21.93,6.0,5.0,30.0,146.5,463.0,0.984,69.16666666666667,2.268666666666667,2.305555555555556,36403.8,3.0,Pallet racking,3.0,0,7.631578947368421
PH10529,52910099,2028-10-13,Saleable,4501,2026-02-28,Senior Nutrition Powder 800g Tin,Kinloch Nutrition,Pharma,Nutrition,Ambient,12.0,30.5,30.4,26.0,0.02411,11.28,21.28,9.0,5.0,45.0,145.0,532.5999999999999,1.08495,375.0833333333333,9.043259166666665,8.335185185185185,95781.28,9.0,Pallet racking,9.0,0,31.513157894736842
PH10529,52916903,2027-03-02,Saleable,5833,2026-02-28,Senior Nutrition Powder 800g Tin,Kinloch Nutrition,Pharma,Nutrition,Ambient,12.0,30.5,30.4,26.0,0.02411,11.28,21.28,9.0,5.0,45.0,145.0,532.5999999999999,1.08495,486.0833333333333,11.719469166666666,10.801851851851852,124126.24,11.0,Pallet racking,11.0,0,12.072368421052632
PH10530,53016643,2026-11-09,Saleable,5160,2026-02-28,Adult Complete Nutrition Powder 800g Tin,Kinloch Nutrition,Pharma,Nutrition,Below 25C,12.0,33.0,30.0,28.7,0.02841,15.0,25.64,12.0,3.0,36.0,101.1,565.0,1.02276,430.0,12.2163,11.944444444444445,132302.4,12.0,Pallet racking,12.0,0,8.355263157894738
PH10530,53097041,2026-02-09,Expired,412,2026-02-28,Adult Complete Nutrition Powder 800g Tin,Kinloch Nutrition,Pharma,Nutrition,Below 25C,12.0,33.0,30.0,28.7,0.02841,15.0,25.64,12.0,3.0,36.0,101.1,565.0,1.02276,34.333333333333336,0.9754100000000001,0.9537037037037037,10563.68,1.0,Quarantine,0.0,0,-0.625
PH10531,53198805,2028-11-17,Saleable,377,2026-02-28,Growing-Up Milk Stage 3 400g Tin,Kinloch Nutrition,Pharma,Nutrition,Ambient,6.0,34.5,32.9,27.5,0.03121,16.63,31.67,9.0,2.0,18.0,70.0,324.34,0.5617800000000001,62.833333333333336,1.9610283333333336,3.490740740740741,11939.59,4.0,Pallet racking,4.0,0,32.66447368421053
PH10531,53131980,2028-10-11,Saleable,193,2026-02-28,Growing-Up Milk Stage 3 400g Tin,Kinloch Nutrition,Pharma,Nutrition,Ambient,6.0,34.5,32.9,27.5,0.03121,16.63,31.67,9.0,2.0,18.0,70.0,324.34,0.5617800000000001,32.166666666666664,1.0039216666666666,1.787037037037037,6112.31,2.0,Pallet racking,2.0,0,31.447368421052634
PH10532,53227807,2028-12-22,Saleable,1660,2026-02-28,High Protein Supplement 400g Tin,Kinloch Nutrition,Pharma,Nutrition,Below 25C,24.0,35.0,28.6,23.2,0.02322,9.32,37.44,9.0,4.0,36.0,107.8,360.52,0.83592,69.16666666666667,1.6060500000000002,1.9212962962962965,62150.399999999994,2.0,Pallet racking,2.0,0,33.81578947368421
PH10532,53274851,2028-03-10,Saleable,554,2026-02-28,High Protein Supplement 400g Tin,Kinloch Nutrition,Pharma,Nutrition,Below 25C,24.0,35.0,28.6,23.2,0.02322,9.32,37.44,9.0,4.0,36.0,107.8,360.52,0.83592,23.083333333333332,0.535995,0.6412037037037037,20741.76,1.0,Pallet racking,1.0,0,24.375
PH10532,53241378,2026-10-04,Saleable,1817,2026-02-28,High Protein Supplement 400g Tin,Kinloch Nutrition,Pharma,Nutrition,Below 25C,24.0,35.0,28.6,23.2,0.02322,9.32,37.44,9.0,4.0,36.0,107.8,360.52,0.83592,75.70833333333333,1.7579475,2.103009259259259,68028.48,3.0,Pallet racking,3.0,0,7.171052631578948
PH10532,53222620,2027-01-19,Sample,80,2026-02-28,High Protein Supplement 400g Tin,Kinloch Nutrition,Pharma,Nutrition,Below 25C,24.0,35.0,28.6,23.2,0.02322,9.32,37.44,9.0,4.0,36.0,107.8,360.52,0.83592,3.3333333333333335,0.07740000000000001,0.0925925925925926,2995.2,1.0,Shelving,0.0,1,10.69078947368421
SG20001,188142,2029-01-04,Saleable,890,2026-02-28,IV Cannula 18G x50,Aldermoor Medical,Surgical,Surgical,Ambient,10.0,46.0,43.3,33.7,0.06712,8.91,6.3,4.0,4.0,16.0,149.8,167.56,1.07392,89.0,5.97368,5.5625,5607.0,6.0,Pallet racking,6.0,0,34.24342105263158
SG20001,164625,2027-07-30,Saleable,609,2026-02-28,IV Cannula 18G x50,Aldermoor Medical,Surgical,Surgical,Ambient,10.0,46.0,43.3,33.7,0.06712,8.91,6.3,4.0,4.0,16.0,149.8,167.56,1.07392,60.9,4.0876079999999995,3.80625,3836.7,4.0,Pallet racking,4.0,0,17.00657894736842
SG20001,170994,2027-11-23,Sample,30,2026-02-28,IV Cannula 18G x50,Aldermoor Medical,Surgical,Surgical,Ambient,10.0,46.0,43.3,33.7,0.06712,8.91,6.3,4.0,4.0,16.0,149.8,167.56,1.07392,3.0,0.20135999999999998,0.1875,189.0,1.0,Shelving,0.0,1,20.822368421052634
SG20002,243028,2027-10-27,Saleable,290,2026-02-28,Syringe Luer Lock 3ml x50,Aldermoor Medical,Surgical,Surgical,Ambient,50.0,40.7,43.5,28.6,0.05063,8.27,2.17,4.0,5.0,20.0,158.0,190.4,1.0126,5.8,0.293654,0.29,629.3,1.0,Pallet racking,1.0,0,19.93421052631579
SG20003,360325,2026-11-14,Saleable,590,2026-02-28,Syringe Luer Lock 10ml x100,Aldermoor Medical,Surgical,Surgical,Ambient,50.0,57.0,39.8,43.9,0.09959,8.11,1.79,4.0,2.0,8.0,102.8,89.88,0.79672,11.8,1.175162,1.475,1056.1,2.0,Pallet racking,2.0,0,8.519736842105264
SG20003,371717,2027-03-07,Saleable,377,2026-02-28,Syringe Luer Lock 10ml x100,Aldermoor Medical,Surgical,Surgical,Ambient,50.0,57.0,39.8,43.9,0.09959,8.11,1.79,4.0,2.0,8.0,102.8,89.88,0.79672,7.54,0.7509086,0.9425,674.83,1.0,Pallet racking,1.0,0,12.23684210526316
SG20004,465097,2027-11-01,Saleable,2027,2026-02-28,Adhesive Wound Dressing 9x10cm x100,Aldermoor Medical,Surgical,Surgical,Ambient,10.0,44.1,30.3,36.3,0.04851,5.7,6.99,6.0,3.0,18.0,123.9,127.6,0.87318,202.7,9.832977,11.261111111111111,14168.73,12.0,Pallet racking,12.0,0,20.098684210526315
SG20005,549295,2027-10-22,Saleable,74,2026-02-28,Adhesive Wound Dressing 6x7cm x50,Aldermoor Medical,Surgical,Surgical,Ambient,20.0,44.1,36.9,33.3,0.05419,8.13,7.3,4.0,4.0,16.0,148.2,155.08,0.86704,3.7,0.20050300000000001,0.23125,540.1999999999999,1.0,Shelving,0.0,1,19.769736842105264
SG20005,586981,2028-09-18,Saleable,754,2026-02-28,Adhesive Wound Dressing 6x7cm x50,Aldermoor Medical,Surgical,Surgical,Ambient,20.0,44.1,36.9,33.3,0.05419,8.13,7.3,4.0,4.0,16.0,148.2,155.08,0.86704,37.7,2.0429630000000003,2.35625,5504.2,3.0,Pallet racking,3.0,0,30.690789473684212
SG20006,671779,2028-05-13,Saleable,9289,2026-02-28,Latex Surgical Gloves Size 7 x100,Aldermoor Medical,Surgical,Surgical,Ambient,100.0,47.0,31.3,42.3,0.06223,9.97,6.94,6.0,3.0,18.0,141.89999999999998,204.46,1.12014,92.89,5.7805447,5.160555555555556,64465.66,6.0,Pallet racking,6.0,0,26.48026315789474
SG20007,789332,2027-05-13,Saleable,331,2026-02-28,Infusion Set Standard x50,Aldermoor Medical,Surgical,Surgical,Ambient,20.0,57.0,36.1,29.5,0.0607,7.39,3.93,4.0,3.0,12.0,103.5,113.68,0.7283999999999999,16.55,1.004585,1.3791666666666667,1300.8300000000002,2.0,Pallet racking,2.0,0,14.44078947368421
SG20007,772143,2028-05-07,Saleable,503,2026-02-28,Infusion Set Standard x50,Aldermoor Medical,Surgical,Surgical,Ambient,20.0,57.0,36.1,29.5,0.0607,7.39,3.93,4.0,3.0,12.0,103.5,113.68,0.7283999999999999,25.15,1.5266049999999998,2.095833333333333,1976.7900000000002,3.0,Pallet racking,3.0,0,26.282894736842106
SG20007,775474,2028-10-04,Saleable,620,2026-02-28,Infusion Set Standard x50,Aldermoor Medical,Surgical,Surgical,Ambient,20.0,57.0,36.1,29.5,0.0607,7.39,3.93,4.0,3.0,12.0,103.5,113.68,0.7283999999999999,31.0,1.8817,2.5833333333333335,2436.6,3.0,Pallet racking,3.0,0,31.217105263157897
SG20008,840471,2026-10-25,Saleable,8130,2026-02-28,Urinary Catheter 16Fr x100,Aldermoor Medical,Surgical,Surgical,Ambient,50.0,40.7,32.6,37.9,0.05029,4.08,0.54,5.0,2.0,10.0,90.8,65.8,0.5029,162.6,8.177154,16.259999999999998,4390.200000000001,17.0,Pallet racking,17.0,0,7.861842105263158
SG20009,999207,2027-05-10,Saleable,5252,2026-02-28,Nitrile Examination Gloves Size M x50,Aldermoor Medical,Surgical,Surgical,Ambient,100.0,45.0,31.7,33.1,0.04722,3.35,0.67,6.0,3.0,18.0,114.3,85.30000000000001,0.8499599999999999,52.52,2.4799944000000003,2.917777777777778,3518.84,3.0,Pallet racking,3.0,0,14.342105263157896
SG20010,1038806,2027-12-04,Saleable,8816,2026-02-28,Hypodermic Needle 21G x100,Aldermoor Medical,Surgical,Surgical,Ambient,100.0,61.6,32.6,27.3,0.05482,4.0,5.77,3.0,5.0,15.0,151.5,85.0,0.8223,88.16,4.8329312,5.8773333333333335,50868.32,6.0,Pallet racking,6.0,0,21.18421052631579
SG20010,1086848,2027-08-08,Saleable,3198,2026-02-28,Hypodermic Needle 21G x100,Aldermoor Medical,Surgical,Surgical,Ambient,100.0,61.6,32.6,27.3,0.05482,4.0,5.77,3.0,5.0,15.0,151.5,85.0,0.8223,31.98,1.7531436,2.132,18452.46,3.0,Pallet racking,3.0,0,17.30263157894737
SG20011,1196484,2026-06-06,Saleable,11473,2026-02-28,Hypodermic Needle 21G x50,Aldermoor Medical,Surgical,Surgical,Ambient,20.0,56.5,35.9,26.6,0.05395411,7.71,5.29,3.0,2.0,6.0,68.2,71.25999999999999,0.32372466,573.65,30.950775201499997,95.60833333333333,60692.17,96.0,Pallet racking,96.0,0,3.223684210526316
SG20012,1245040,2027-10-15,Saleable,2084,2026-02-28,Surgical Mask 3-Ply Standard x100,Aldermoor Medical,Surgical,Surgical,Ambient,10.0,46.0,35.2,39.2,0.06347,10.47,6.79,6.0,2.0,12.0,93.4,150.64,0.76164,208.4,13.227148,17.366666666666667,14150.36,18.0,Pallet racking,18.0,0,19.539473684210527
SG20012,1221120,2028-03-01,Saleable,25,2026-02-28,Surgical Mask 3-Ply Standard x100,Aldermoor Medical,Surgical,Surgical,Ambient,10.0,46.0,35.2,39.2,0.06347,10.47,6.79,6.0,2.0,12.0,93.4,150.64,0.76164,2.5,0.158675,0.20833333333333334,169.75,1.0,Shelving,0.0,1,24.078947368421055
SG20013,1372900,2028-09-08,Saleable,2293,2026-02-28,Syringe Luer Lock 5ml x100,Aldermoor Medical,Surgical,Surgical,Ambient,20.0,64.3,31.2,31.4,0.06299,7.25,1.29,3.0,4.0,12.0,140.6,112.0,0.7558800000000001,114.65,7.221803500000001,9.554166666666667,2957.9700000000003,10.0,Pallet racking,10.0,0,30.36184210526316
SG20014,1431713,2026-06-05,Saleable,2972,2026-02-28,IV Cannula 22G x100,Aldermoor Medical,Surgical,Surgical,Ambient,50.0,61.6,36.0,28.5,0.0632,9.31,1.73,3.0,3.0,9.0,100.5,108.79,0.5688000000000001,59.44,3.7566080000000004,6.604444444444444,5141.56,7.0,Pallet racking,7.0,0,3.1907894736842106
SG20014,1491573,2026-09-30,Saleable,1403,2026-02-28,IV Cannula 22G x100,Aldermoor Medical,Surgical,Surgical,Ambient,50.0,61.6,36.0,28.5,0.0632,9.31,1.73,3.0,3.0,9.0,100.5,108.79,0.5688000000000001,28.06,1.773392,3.1177777777777775,2427.19,4.0,Pallet racking,4.0,0,7.0394736842105265
SG20015,1522989,2027-03-23,Saleable,2911,2026-02-28,Gauze Swab 10x10cm x100,Aldermoor Medical,Surgical,Surgical,Ambient,20.0,46.3,36.0,32.7,0.0545,7.63,2.22,4.0,2.0,8.0,80.4,86.03999999999999,0.436,145.55,7.932475,18.19375,6462.420000000001,19.0,Pallet racking,19.0,0,12.763157894736842
SG20015,1525590,2025-09-21,Expired,232,2026-02-28,Gauze Swab 10x10cm x100,Aldermoor Medical,Surgical,Surgical,Ambient,20.0,46.3,36.0,32.7,0.0545,7.63,2.22,4.0,2.0,8.0,80.4,86.03999999999999,0.436,11.6,0.6322,1.45,515.0400000000001,2.0,Quarantine,0.0,0,-5.2631578947368425
SG20016,1645301,2026-09-15,Saleable,2244,2026-02-28,Urinary Catheter 16Fr x50,Aldermoor Medical,Surgical,Surgical,Ambient,50.0,46.7,45.0,37.9,0.07965,12.38,0.68,4.0,2.0,8.0,90.8,124.04,0.6372,44.88,3.574692,5.61,1525.92,6.0,Pallet racking,6.0,0,6.546052631578948
SG20016,1665764,2027-02-16,Saleable,11057,2026-02-28,Urinary Catheter 16Fr x50,Aldermoor Medical,Surgical,Surgical,Ambient,50.0,46.7,45.0,37.9,0.07965,12.38,0.68,4.0,2.0,8.0,90.8,124.04,0.6372,221.14,17.613801,27.6425,7518.76,28.0,Pallet racking,28.0,0,11.61184210526316
SG20017,1717022,2028-08-08,Saleable,7369,2026-02-28,Syringe Luer Lock 3ml x100,Aldermoor Medical,Surgical,Surgical,Ambient,20.0,60.8,33.7,30.5,0.06249,7.7,3.45,3.0,2.0,6.0,76.0,71.2,0.37494,368.45,23.024440499999997,61.40833333333333,25423.050000000003,62.0,Pallet racking,62.0,0,29.342105263157897
SG20018,1879524,2028-05-26,Saleable,503,2026-02-28,Latex Surgical Gloves Size 7.5 x50,Aldermoor Medical,Surgical,Surgical,Ambient,20.0,59.8,40.7,34.7,0.08445,7.96,7.5,2.0,4.0,8.0,153.8,88.68,0.6756,25.15,2.1239174999999997,3.14375,3772.5,4.0,Pallet racking,4.0,0,26.907894736842106
SG20018,1887905,2029-02-11,Saleable,690,2026-02-28,Latex Surgical Gloves Size 7.5 x50,Aldermoor Medical,Surgical,Surgical,Ambient,20.0,59.8,40.7,34.7,0.08445,7.96,7.5,2.0,4.0,8.0,153.8,88.68,0.6756,34.5,2.913525,4.3125,5175.0,5.0,Pallet racking,5.0,0,35.49342105263158
SG20019,1983473,2026-12-26,Saleable,1239,2026-02-28,Nitrile Examination Gloves Size L x50,Aldermoor Medical,Surgical,Surgical,Ambient,50.0,57.8,30.2,38.7,0.06755,5.64,1.83,6.0,2.0,12.0,92.4,92.68,0.8106,24.78,1.673889,2.065,2267.37,3.0,Pallet racking,3.0,0,9.901315789473685
SG20020,2063862,2027-04-28,Saleable,3898,2026-02-28,Adhesive Wound Dressing 9x10cm x50,Aldermoor Medical,Surgical,Surgical,Ambient,100.0,57.4,36.6,35.7,0.075,6.42,7.89,4.0,3.0,12.0,122.1,102.04,0.8999999999999999,38.98,2.9234999999999998,3.248333333333333,30755.219999999998,4.0,Pallet racking,4.0,0,13.947368421052632
SG20020,2074253,2028-10-18,Saleable,6722,2026-02-28,Adhesive Wound Dressing 9x10cm x50,Aldermoor Medical,Surgical,Surgical,Ambient,100.0,57.4,36.6,35.7,0.075,6.42,7.89,4.0,3.0,12.0,122.1,102.04,0.8999999999999999,67.22,5.0415,5.601666666666667,53036.579999999994,6.0,Pallet racking,6.0,0,31.67763157894737
SG20021,2117750,2027-03-07,Saleable,461,2026-02-28,Crepe Bandage 10cm x100,Aldermoor Medical,Surgical,Surgical,Ambient,10.0,40.7,43.1,30.8,0.05403,6.72,0.82,4.0,2.0,8.0,76.6,78.75999999999999,0.43224,46.1,2.490783,5.7625,378.02,6.0,Pallet racking,6.0,0,12.23684210526316
SG20021,2123535,2026-09-08,Saleable,50985,2026-02-28,Crepe Bandage 10cm x100,Aldermoor Medical,Surgical,Surgical,Ambient,10.0,40.7,43.1,30.8,0.05403,6.72,0.82,4.0,2.0,8.0,76.6,78.75999999999999,0.43224,5098.5,275.47195500000004,637.3125,41807.7,638.0,Pallet racking,638.0,0,6.315789473684211
SG20022,2252174,2027-10-04,Saleable,1609,2026-02-28,Crepe Bandage 7.5cm x100,Aldermoor Medical,Surgical,Surgical,Ambient,20.0,55.3,40.6,31.4,0.0705,10.03,3.88,4.0,4.0,16.0,140.6,185.48,1.128,80.45,5.6717249999999995,5.028125,6242.92,6.0,Pallet racking,6.0,0,19.17763157894737
SG20022,2238411,2028-10-17,Saleable,4468,2026-02-28,Crepe Bandage 7.5cm x100,Aldermoor Medical,Surgical,Surgical,Ambient,20.0,55.3,40.6,31.4,0.0705,10.03,3.88,4.0,4.0,16.0,140.6,185.48,1.128,223.4,15.749699999999999,13.9625,17335.84,14.0,Pallet racking,14.0,0,31.644736842105264
SG20023,2361328,2027-01-15,Saleable,953,2026-02-28,Blood Administration Set 20 drops/ml x100,Aldermoor Medical,Surgical,Surgical,Ambient,10.0,52.8,30.5,33.2,0.05347,6.45,0.69,5.0,3.0,15.0,114.6,121.75,0.8020499999999999,95.3,5.0956909999999995,6.3533333333333335,657.5699999999999,7.0,Pallet racking,7.0,0,10.55921052631579
SG20023,2334572,2025-11-26,Expired,76,2026-02-28,Blood Administration Set 20 drops/ml x100,Aldermoor Medical,Surgical,Surgical,Ambient,10.0,52.8,30.5,33.2,0.05347,6.45,0.69,5.0,3.0,15.0,114.6,121.75,0.8020499999999999,7.6,0.40637199999999996,0.5066666666666666,52.44,1.0,Quarantine,0.0,0,-3.0921052631578947
SG20024,2428703,2028-12-15,Saleable,1204,2026-02-28,Crepe Bandage 7.5cm x50,Aldermoor Medical,Surgical,Surgical,Ambient,100.0,47.5,31.5,38.4,0.05746,6.65,6.47,6.0,3.0,18.0,130.2,144.7,1.03428,12.04,0.6918184,0.6688888888888889,7789.88,1.0,Pallet racking,1.0,0,33.58552631578947
SG20025,2556201,2028-07-24,Saleable,13,2026-02-28,Syringe Luer Lock 5ml x50,Aldermoor Medical,Surgical,Surgical,Ambient,20.0,41.8,35.7,30.0,0.04477,7.0,2.33,4.0,3.0,12.0,105.0,109.0,0.5372399999999999,0.65,0.029100499999999998,0.05416666666666667,30.29,1.0,Shelving,0.0,1,28.84868421052632
SG20025,2565515,2027-07-24,Saleable,757,2026-02-28,Syringe Luer Lock 5ml x50,Aldermoor Medical,Surgical,Surgical,Ambient,20.0,41.8,35.7,30.0,0.04477,7.0,2.33,4.0,3.0,12.0,105.0,109.0,0.5372399999999999,37.85,1.6945445,3.154166666666667,1763.81,4.0,Pallet racking,4.0,0,16.80921052631579
SG20025,2544080,2027-09-24,Saleable,23,2026-02-28,Syringe Luer Lock 5ml x50,Aldermoor Medical,Surgical,Surgical,Ambient,20.0,41.8,35.7,30.0,0.04477,7.0,2.33,4.0,3.0,12.0,105.0,109.0,0.5372399999999999,1.15,0.05148549999999999,0.09583333333333333,53.59,1.0,Shelving,0.0,1,18.848684210526315
SG20025,2546178,2027-09-19,Saleable,54,2026-02-28,Syringe Luer Lock 5ml x50,Aldermoor Medical,Surgical,Surgical,Ambient,20.0,41.8,35.7,30.0,0.04477,7.0,2.33,4.0,3.0,12.0,105.0,109.0,0.5372399999999999,2.7,0.120879,0.225,125.82000000000001,1.0,Shelving,0.0,1,18.68421052631579
SG20026,2618434,2029-02-03,Saleable,2303,2026-02-28,Latex Surgical Gloves Size 7.5 x100,Aldermoor Medical,Surgical,Surgical,Ambient,50.0,53.3,41.6,35.6,0.07894,6.56,3.53,4.0,4.0,16.0,157.4,129.95999999999998,1.26304,46.06,3.6359764,2.87875,8129.589999999999,3.0,Pallet racking,3.0,0,35.23026315789474
SG20026,2682063,2027-08-16,Saleable,902,2026-02-28,Latex Surgical Gloves Size 7.5 x100,Aldermoor Medical,Surgical,Surgical,Ambient,50.0,53.3,41.6,35.6,0.07894,6.56,3.53,4.0,4.0,16.0,157.4,129.95999999999998,1.26304,18.04,1.4240776,1.1275,3184.06,2.0,Pallet racking,2.0,0,17.565789473684212
SG20026,2669758,2028-12-22,Saleable,3,2026-02-28,Latex Surgical Gloves Size 7.5 x100,Aldermoor Medical,Surgical,Surgical,Ambient,50.0,53.3,41.6,35.6,0.07894,6.56,3.53,4.0,4.0,16.0,157.4,129.95999999999998,1.26304,0.06,0.0047364,0.00375,10.59,1.0,Shelving,0.0,1,33.81578947368421
SG20027,2714680,2028-08-04,Saleable,1029,2026-02-28,Gauze Swab 10x10cm x50,Aldermoor Medical,Surgical,Surgical,Ambient,50.0,47.4,35.0,37.4,0.06205,6.53,2.16,6.0,3.0,18.0,127.2,142.54000000000002,1.1169,20.58,1.276989,1.1433333333333333,2222.6400000000003,2.0,Pallet racking,2.0,0,29.210526315789476
SG20028,2850506,2027-01-06,Saleable,62,2026-02-28,IV Cannula 20G x100,Aldermoor Medical,Surgical,Surgical,Ambient,50.0,55.6,41.0,38.4,0.08754,6.03,6.65,4.0,1.0,4.0,53.4,49.120000000000005,0.35016,1.24,0.10854960000000001,0.31,412.3,1.0,Shelving,0.0,1,10.263157894736842
SG20028,2848698,2027-03-17,Saleable,929,2026-02-28,IV Cannula 20G x100,Aldermoor Medical,Surgical,Surgical,Ambient,50.0,55.6,41.0,38.4,0.08754,6.03,6.65,4.0,1.0,4.0,53.4,49.120000000000005,0.35016,18.58,1.6264932,4.645,6177.85,5.0,Pallet racking,5.0,0,12.56578947368421
SG20029,2916331,2026-11-12,Saleable,43,2026-02-28,Infusion Set Standard x100,Aldermoor Medical,Surgical,Surgical,Ambient,100.0,46.4,39.3,43.4,0.07914,13.43,4.12,4.0,2.0,8.0,101.8,132.44,0.63312,0.43,0.034030200000000004,0.05375,177.16,1.0,Shelving,0.0,1,8.453947368421053
SG20030,3080769,2027-09-19,Saleable,826,2026-02-28,IV Cannula 18G x100,Aldermoor Medical,Surgical,Surgical,Ambient,20.0,41.1,33.0,35.4,0.04801,3.74,6.78,6.0,2.0,12.0,85.8,69.88,0.57612,41.3,1.9828129999999997,3.4416666666666664,5600.280000000001,4.0,Pallet racking,4.0,0,18.68421052631579
SG20031,3113549,2028-07-04,Saleable,87,2026-02-28,Urinary Catheter 14Fr x50,Aldermoor Medical,Surgical,Surgical,Ambient,100.0,53.1,32.4,41.7,0.07174,12.61,3.68,6.0,2.0,12.0,98.4,176.32,0.86088,0.87,0.0624138,0.0725,320.16,1.0,Shelving,0.0,1,28.190789473684212
SG20031,3111414,2028-01-01,Saleable,554,2026-02-28,Urinary Catheter 14Fr x50,Aldermoor Medical,Surgical,Surgical,Ambient,100.0,53.1,32.4,41.7,0.07174,12.61,3.68,6.0,2.0,12.0,98.4,176.32,0.86088,5.54,0.3974396,0.46166666666666667,2038.72,1.0,Pallet racking,1.0,0,22.105263157894736
SG20031,3199532,2027-11-15,Saleable,1585,2026-02-28,Urinary Catheter 14Fr x50,Aldermoor Medical,Surgical,Surgical,Ambient,100.0,53.1,32.4,41.7,0.07174,12.61,3.68,6.0,2.0,12.0,98.4,176.32,0.86088,15.85,1.137079,1.3208333333333333,5832.8,2.0,Pallet racking,2.0,0,20.55921052631579
SG20031,3194681,2027-12-06,Saleable,154,2026-02-28,Urinary Catheter 14Fr x50,Aldermoor Medical,Surgical,Surgical,Ambient,100.0,53.1,32.4,41.7,0.07174,12.61,3.68,6.0,2.0,12.0,98.4,176.32,0.86088,1.54,0.1104796,0.12833333333333333,566.72,1.0,Shelving,0.0,1,21.25
SG20032,3246096,2028-07-06,Saleable,1713,2026-02-28,Hypodermic Needle 23G x100,Aldermoor Medical,Surgical,Surgical,Ambient,50.0,59.4,39.8,39.5,0.09338,12.19,6.14,2.0,2.0,4.0,94.0,73.75999999999999,0.37352,34.26,3.1991988,8.565,10517.82,9.0,Pallet racking,9.0,0,28.25657894736842
SG20032,3256296,2027-05-04,Saleable,6030,2026-02-28,Hypodermic Needle 23G x100,Aldermoor Medical,Surgical,Surgical,Ambient,50.0,59.4,39.8,39.5,0.09338,12.19,6.14,2.0,2.0,4.0,94.0,73.75999999999999,0.37352,120.6,11.261628,30.15,37024.2,31.0,Pallet racking,31.0,0,14.144736842105264
SG20033,3363359,2026-07-12,Saleable,304,2026-02-28,Crepe Bandage 10cm x50,Aldermoor Medical,Surgical,Surgical,Ambient,20.0,56.0,37.6,44.2,0.09307,16.57,5.63,4.0,2.0,8.0,103.4,157.56,0.74456,15.2,1.414664,1.9,1711.52,2.0,Pallet racking,2.0,0,4.407894736842105
SG20033,3369720,2027-10-28,Saleable,712,2026-02-28,Crepe Bandage 10cm x50,Aldermoor Medical,Surgical,Surgical,Ambient,20.0,56.0,37.6,44.2,0.09307,16.57,5.63,4.0,2.0,8.0,103.4,157.56,0.74456,35.6,3.313292,4.45,4008.56,5.0,Pallet racking,5.0,0,19.967105263157897
SG20033,3318899,2027-08-19,Sample,20,2026-02-28,Crepe Bandage 10cm x50,Aldermoor Medical,Surgical,Surgical,Ambient,20.0,56.0,37.6,44.2,0.09307,16.57,5.63,4.0,2.0,8.0,103.4,157.56,0.74456,1.0,0.09307,0.125,112.6,1.0,Shelving,0.0,1,17.664473684210527
SG20034,3415528,2026-10-22,Saleable,27249,2026-02-28,IV Cannula 20G x50,Aldermoor Medical,Surgical,Surgical,Ambient,100.0,56.0,31.6,40.7,0.07202,6.84,2.88,6.0,2.0,12.0,96.4,107.08,0.86424,272.49,19.6247298,22.7075,78477.12,23.0,Pallet racking,23.0,0,7.7631578947368425
SG20035,3546951,2026-07-13,Saleable,27,2026-02-28,Gauze Swab 7.5x7.5cm x50,Aldermoor Medical,Surgical,Surgical,Ambient,50.0,54.3,34.3,41.6,0.07748,6.31,7.62,4.0,1.0,4.0,56.6,50.24,0.30992,0.54,0.0418392,0.135,205.74,1.0,Shelving,0.0,1,4.440789473684211
SG20035,3591215,2025-07-03,Expired,2,2026-02-28,Gauze Swab 7.5x7.5cm x50,Aldermoor Medical,Surgical,Surgical,Ambient,50.0,54.3,34.3,41.6,0.07748,6.31,7.62,4.0,1.0,4.0,56.6,50.24,0.30992,0.04,0.0030992,0.01,15.24,1.0,Quarantine,0.0,0,-7.894736842105264
SG20036,3658986,2027-05-25,Saleable,13,2026-02-28,Gauze Swab 7.5x7.5cm x100,Aldermoor Medical,Surgical,Surgical,Ambient,100.0,41.0,42.3,36.9,0.064,7.5,6.16,4.0,4.0,16.0,162.6,145.0,1.024,0.13,0.008320000000000001,0.008125,80.08,1.0,Shelving,0.0,1,14.835526315789474
SG20036,3647869,2026-10-16,Saleable,14686,2026-02-28,Gauze Swab 7.5x7.5cm x100,Aldermoor Medical,Surgical,Surgical,Ambient,100.0,41.0,42.3,36.9,0.064,7.5,6.16,4.0,4.0,16.0,162.6,145.0,1.024,146.86,9.399040000000001,9.17875,90465.76000000001,10.0,Pallet racking,10.0,0,7.565789473684211
SG20037,3758754,2027-09-26,Saleable,17,2026-02-28,Surgical Mask 3-Ply Standard x50,Aldermoor Medical,Surgical,Surgical,Ambient,10.0,44.1,34.5,31.0,0.04716,2.97,7.15,6.0,2.0,12.0,77.0,60.64,0.56592,1.7,0.080172,0.14166666666666666,121.55000000000001,1.0,Shelving,0.0,1,18.914473684210527
SG20037,3736708,2028-02-28,Saleable,13,2026-02-28,Surgical Mask 3-Ply Standard x50,Aldermoor Medical,Surgical,Surgical,Ambient,10.0,44.1,34.5,31.0,0.04716,2.97,7.15,6.0,2.0,12.0,77.0,60.64,0.56592,1.3,0.061308,0.10833333333333334,92.95,1.0,Shelving,0.0,1,24.013157894736842
SG20037,3741126,2027-03-02,Saleable,3,2026-02-28,Surgical Mask 3-Ply Standard x50,Aldermoor Medical,Surgical,Surgical,Ambient,10.0,44.1,34.5,31.0,0.04716,2.97,7.15,6.0,2.0,12.0,77.0,60.64,0.56592,0.3,0.014147999999999999,0.024999999999999998,21.450000000000003,1.0,Shelving,0.0,1,12.072368421052632
SG20038,3826080,2028-07-19,Saleable,3040,2026-02-28,Nitrile Examination Gloves Size L x100,Aldermoor Medical,Surgical,Surgical,Ambient,20.0,64.3,41.0,27.5,0.0725,11.88,3.35,2.0,2.0,4.0,70.0,72.52000000000001,0.29,152.0,11.02,38.0,10184.0,38.0,Pallet racking,38.0,0,28.68421052631579
SG20038,3885650,2027-10-20,Saleable,935,2026-02-28,Nitrile Examination Gloves Size L x100,Aldermoor Medical,Surgical,Surgical,Ambient,20.0,64.3,41.0,27.5,0.0725,11.88,3.35,2.0,2.0,4.0,70.0,72.52000000000001,0.29,46.75,3.389375,11.6875,3132.25,12.0,Pallet racking,12.0,0,19.703947368421055
SG20039,3954796,2027-10-23,Saleable,62,2026-02-28,Latex Surgical Gloves Size 8 x50,Aldermoor Medical,Surgical,Surgical,Ambient,100.0,64.8,31.7,35.2,0.07231,8.68,4.5,3.0,3.0,9.0,120.6,103.12,0.65079,0.62,0.0448322,0.06888888888888889,279.0,1.0,Shelving,0.0,1,19.80263157894737
SG20039,3977379,2027-09-16,Saleable,4104,2026-02-28,Latex Surgical Gloves Size 8 x50,Aldermoor Medical,Surgical,Surgical,Ambient,100.0,64.8,31.7,35.2,0.07231,8.68,4.5,3.0,3.0,9.0,120.6,103.12,0.65079,41.04,2.9676024,4.56,18468.0,5.0,Pallet racking,5.0,0,18.585526315789476
SG20040,4024205,2028-01-31,Saleable,363,2026-02-28,Latex Surgical Gloves Size 8 x100,Aldermoor Medical,Surgical,Surgical,Ambient,20.0,54.1,39.0,26.5,0.05591,4.7,3.86,4.0,2.0,8.0,68.0,62.6,0.44728,18.15,1.0147665,2.26875,1401.18,3.0,Pallet racking,3.0,0,23.092105263157897
SG20040,4059856,2026-10-16,Saleable,490,2026-02-28,Latex Surgical Gloves Size 8 x100,Aldermoor Medical,Surgical,Surgical,Ambient,20.0,54.1,39.0,26.5,0.05591,4.7,3.86,4.0,2.0,8.0,68.0,62.6,0.44728,24.5,1.369795,3.0625,1891.3999999999999,4.0,Pallet racking,4.0,0,7.565789473684211
SG20041,4161641,2027-11-11,Saleable,11441,2026-02-28,Nitrile Examination Gloves Size M x100,Aldermoor Medical,Surgical,Surgical,Ambient,50.0,52.3,40.6,32.0,0.06795,8.41,0.72,4.0,4.0,16.0,143.0,159.56,1.0872,228.82,15.548319,14.30125,8237.52,15.0,Pallet racking,15.0,0,20.42763157894737
SG20041,4196300,2028-04-16,Saleable,14565,2026-02-28,Nitrile Examination Gloves Size M x100,Aldermoor Medical,Surgical,Surgical,Ambient,50.0,52.3,40.6,32.0,0.06795,8.41,0.72,4.0,4.0,16.0,143.0,159.56,1.0872,291.3,19.793835,18.20625,10486.8,19.0,Pallet racking,19.0,0,25.592105263157897
SG20041,4199331,2027-10-27,Saleable,7964,2026-02-28,Nitrile Examination Gloves Size M x100,Aldermoor Medical,Surgical,Surgical,Ambient,50.0,52.3,40.6,32.0,0.06795,8.41,0.72,4.0,4.0,16.0,143.0,159.56,1.0872,159.28,10.823076,9.955,5734.08,10.0,Pallet racking,10.0,0,19.93421052631579
SG20041,4189984,2028-03-05,Saleable,37864,2026-02-28,Nitrile Examination Gloves Size M x100,Aldermoor Medical,Surgical,Surgical,Ambient,50.0,52.3,40.6,32.0,0.06795,8.41,0.72,4.0,4.0,16.0,143.0,159.56,1.0872,757.28,51.457176,47.33,27262.079999999998,48.0,Pallet racking,48.0,0,24.210526315789476
SG20042,4219241,2026-09-23,Saleable,160,2026-02-28,Urinary Catheter 14Fr x100,Aldermoor Medical,Surgical,Surgical,Ambient,10.0,60.5,36.4,28.1,0.06188,10.62,2.17,3.0,3.0,9.0,99.3,120.58,0.55692,16.0,0.99008,1.7777777777777777,347.2,2.0,Pallet racking,2.0,0,6.809210526315789
SG20042,4297618,2027-12-07,Saleable,349,2026-02-28,Urinary Catheter 14Fr x100,Aldermoor Medical,Surgical,Surgical,Ambient,10.0,60.5,36.4,28.1,0.06188,10.62,2.17,3.0,3.0,9.0,99.3,120.58,0.55692,34.9,2.1596119999999996,3.8777777777777778,757.3299999999999,4.0,Pallet racking,4.0,0,21.282894736842106
SG20043,4386964,2027-12-22,Saleable,5002,2026-02-28,Latex Surgical Gloves Size 7 x50,Aldermoor Medical,Surgical,Surgical,Ambient,50.0,62.3,34.5,41.0,0.08812,10.99,2.82,3.0,2.0,6.0,97.0,90.94,0.5287200000000001,100.04,8.8155248,16.673333333333336,14105.64,17.0,Pallet racking,17.0,0,21.776315789473685
SG20043,4371707,2028-04-30,Saleable,17693,2026-02-28,Latex Surgical Gloves Size 7 x50,Aldermoor Medical,Surgical,Surgical,Ambient,50.0,62.3,34.5,41.0,0.08812,10.99,2.82,3.0,2.0,6.0,97.0,90.94,0.5287200000000001,353.86,31.182143200000002,58.97666666666667,49894.259999999995,59.0,Pallet racking,59.0,0,26.05263157894737
SG20043,4366325,2027-03-25,Saleable,3357,2026-02-28,Latex Surgical Gloves Size 7 x50,Aldermoor Medical,Surgical,Surgical,Ambient,50.0,62.3,34.5,41.0,0.08812,10.99,2.82,3.0,2.0,6.0,97.0,90.94,0.5287200000000001,67.14,5.9163768,11.19,9466.74,12.0,Pallet racking,12.0,0,12.828947368421053
SG20044,4469484,2027-07-19,Saleable,25,2026-02-28,Nitrile Examination Gloves Size S x100,Aldermoor Medical,Surgical,Surgical,Ambient,20.0,62.2,36.6,44.1,0.10039,9.83,4.38,3.0,1.0,3.0,59.1,54.49,0.30117,1.25,0.1254875,0.4166666666666667,109.5,1.0,Shelving,0.0,1,16.644736842105264
SG20044,4465167,2027-03-06,Saleable,5,2026-02-28,Nitrile Examination Gloves Size S x100,Aldermoor Medical,Surgical,Surgical,Ambient,20.0,62.2,36.6,44.1,0.10039,9.83,4.38,3.0,1.0,3.0,59.1,54.49,0.30117,0.25,0.0250975,0.08333333333333333,21.9,1.0,Shelving,0.0,1,12.203947368421053
SG20044,4442177,2028-09-25,Saleable,9,2026-02-28,Nitrile Examination Gloves Size S x100,Aldermoor Medical,Surgical,Surgical,Ambient,20.0,62.2,36.6,44.1,0.10039,9.83,4.38,3.0,1.0,3.0,59.1,54.49,0.30117,0.45,0.0451755,0.15,39.42,1.0,Shelving,0.0,1,30.92105263157895
SG20045,4562299,2026-09-29,Saleable,6,2026-02-28,Hypodermic Needle 23G x50,Aldermoor Medical,Surgical,Surgical,Ambient,50.0,44.7,41.8,34.2,0.0639,11.29,1.21,2.0,4.0,8.0,151.8,115.32,0.5112,0.12,0.0076679999999999995,0.015,7.26,1.0,Shelving,0.0,1,7.006578947368421
SG20045,4516696,2027-10-01,Saleable,4,2026-02-28,Hypodermic Needle 23G x50,Aldermoor Medical,Surgical,Surgical,Ambient,50.0,44.7,41.8,34.2,0.0639,11.29,1.21,2.0,4.0,8.0,151.8,115.32,0.5112,0.08,0.005112,0.01,4.84,1.0,Shelving,0.0,1,19.078947368421055
SG20045,4542669,2028-03-10,Saleable,14,2026-02-28,Hypodermic Needle 23G x50,Aldermoor Medical,Surgical,Surgical,Ambient,50.0,44.7,41.8,34.2,0.0639,11.29,1.21,2.0,4.0,8.0,151.8,115.32,0.5112,0.28,0.017892,0.035,16.939999999999998,1.0,Shelving,0.0,1,24.375
SG20046,4615118,2028-02-11,Saleable,1137,2026-02-28,Adhesive Wound Dressing 6x7cm x100,Aldermoor Medical,Surgical,Surgical,Ambient,50.0,45.8,43.1,36.8,0.07264,10.7,5.69,4.0,4.0,16.0,162.2,196.2,1.16224,22.74,1.6518335999999998,1.42125,6469.530000000001,2.0,Pallet racking,2.0,0,23.453947368421055
SG20046,4681411,2028-03-19,Saleable,76,2026-02-28,Adhesive Wound Dressing 6x7cm x100,Aldermoor Medical,Surgical,Surgical,Ambient,50.0,45.8,43.1,36.8,0.07264,10.7,5.69,4.0,4.0,16.0,162.2,196.2,1.16224,1.52,0.11041279999999999,0.095,432.44000000000005,1.0,Shelving,0.0,1,24.67105263157895
SG20046,4674979,2026-11-09,Saleable,363,2026-02-28,Adhesive Wound Dressing 6x7cm x100,Aldermoor Medical,Surgical,Surgical,Ambient,50.0,45.8,43.1,36.8,0.07264,10.7,5.69,4.0,4.0,16.0,162.2,196.2,1.16224,7.26,0.5273663999999999,0.45375,2065.4700000000003,1.0,Pallet racking,1.0,0,8.355263157894738
SG20046,4640290,2025-03-18,Expired,126,2026-02-28,Adhesive Wound Dressing 6x7cm x100,Aldermoor Medical,Surgical,Surgical,Ambient,50.0,45.8,43.1,36.8,0.07264,10.7,5.69,4.0,4.0,16.0,162.2,196.2,1.16224,2.52,0.1830528,0.1575,716.94,1.0,Quarantine,0.0,0,-11.414473684210527
SG20047,4770308,2028-12-06,Saleable,18,2026-02-28,Syringe Luer Lock 10ml x50,Aldermoor Medical,Surgical,Surgical,Ambient,20.0,56.7,36.6,31.2,0.06475,10.88,1.92,4.0,2.0,8.0,77.4,112.04,0.518,0.9,0.058275,0.1125,34.56,1.0,Shelving,0.0,1,33.28947368421053
SG20048,4873587,2027-02-06,Saleable,116,2026-02-28,Blood Administration Set 20 drops/ml x50,Aldermoor Medical,Surgical,Surgical,Ambient,50.0,58.2,34.1,34.0,0.06748,6.25,3.35,4.0,4.0,16.0,151.0,125.0,1.07968,2.32,0.1565536,0.145,388.6,1.0,Shelving,0.0,1,11.282894736842106
SG20048,4870628,2026-06-16,Saleable,27,2026-02-28,Blood Administration Set 20 drops/ml x50,Aldermoor Medical,Surgical,Surgical,Ambient,50.0,58.2,34.1,34.0,0.06748,6.25,3.35,4.0,4.0,16.0,151.0,125.0,1.07968,0.54,0.036439200000000005,0.03375,90.45,1.0,Shelving,0.0,1,3.5526315789473686
SG20048,4875104,2026-11-10,Damaged,4,2026-02-28,Blood Administration Set 20 drops/ml x50,Aldermoor Medical,Surgical,Surgical,Ambient,50.0,58.2,34.1,34.0,0.06748,6.25,3.35,4.0,4.0,16.0,151.0,125.0,1.07968,0.08,0.0053984,0.005,13.4,1.0,Quarantine,0.0,0,8.388157894736842
SG20049,4929688,2028-10-01,Saleable,45,2026-02-28,Hepatitis B Surface Antigen Test 25 Tests,Quintessa Diagnostics,Surgical,Diagnostics,2-8C,5.0,34.2,23.1,15.7,0.0124,2.83,274.54,12.0,9.0,108.0,156.29999999999998,330.64,1.3392,9.0,0.11159999999999999,0.08333333333333333,12354.300000000001,1.0,Shelving,0.0,1,31.11842105263158
SG20051,5129155,2027-01-16,Saleable,636,2026-02-28,Dengue NS1 Rapid Test 100 Tests,Quintessa Diagnostics,Surgical,Diagnostics,2-8C,1.0,24.2,20.0,19.5,0.00944,1.61,215.49,24.0,7.0,168.0,151.5,295.48,1.58592,636.0,6.00384,3.7857142857142856,137051.64,4.0,Pallet racking,4.0,0,10.592105263157896
SG20051,5125074,2026-10-30,Saleable,308,2026-02-28,Dengue NS1 Rapid Test 100 Tests,Quintessa Diagnostics,Surgical,Diagnostics,2-8C,1.0,24.2,20.0,19.5,0.00944,1.61,215.49,24.0,7.0,168.0,151.5,295.48,1.58592,308.0,2.9075200000000003,1.8333333333333333,66370.92,2.0,Pallet racking,2.0,0,8.026315789473685
SG20052,5296840,2029-01-07,Saleable,1019,2026-02-28,Blood Glucose Test Strips 25 Tests,Quintessa Diagnostics,Surgical,Diagnostics,2-8C,10.0,28.3,20.5,12.6,0.00731,1.19,80.68,16.0,10.0,160.0,141.0,215.4,1.1696,101.9,0.744889,0.6368750000000001,82212.92000000001,1.0,Pallet racking,1.0,0,34.3421052631579
SG20053,5390994,2026-07-23,Saleable,1452,2026-02-28,TSH Reagent Kit 25 Tests,Quintessa Diagnostics,Surgical,Diagnostics,Ambient,10.0,31.8,24.0,14.1,0.01076,2.57,270.48,15.0,6.0,90.0,99.6,256.29999999999995,0.9684,145.2,1.562352,1.6133333333333333,392736.96,2.0,Pallet racking,2.0,0,4.769736842105264
SG20054,5440907,2027-05-29,Saleable,2471,2026-02-28,Pregnancy Test Strips 25 Tests,Quintessa Diagnostics,Surgical,Diagnostics,2-8C,5.0,21.4,20.7,19.3,0.00855,1.67,143.06,20.0,5.0,100.0,111.5,192.0,0.855,494.2,4.22541,4.942,353501.26,5.0,Pallet racking,5.0,0,14.967105263157896
SG20055,5520940,2028-11-24,Saleable,2864,2026-02-28,Urine Test Strips 10-Parameter 100 Tests,Quintessa Diagnostics,Surgical,Diagnostics,2-8C,10.0,24.0,22.5,11.7,0.00632,0.85,151.9,20.0,11.0,220.0,143.7,212.0,1.3904,286.4,1.8100479999999999,1.3018181818181818,435041.60000000003,2.0,Pallet racking,2.0,0,32.89473684210527
SG20056,5635312,2028-08-21,Saleable,988,2026-02-28,Urine Test Strips 10-Parameter 25 Tests,Quintessa Diagnostics,Surgical,Diagnostics,Ambient,5.0,34.9,21.5,18.8,0.01411,1.66,232.91,12.0,3.0,36.0,71.4,84.75999999999999,0.50796,197.6,2.7881359999999997,5.488888888888889,230115.08,6.0,Pallet racking,6.0,0,29.769736842105264
SG20056,5697159,2026-06-27,Saleable,49,2026-02-28,Urine Test Strips 10-Parameter 25 Tests,Quintessa Diagnostics,Surgical,Diagnostics,Ambient,5.0,34.9,21.5,18.8,0.01411,1.66,232.91,12.0,3.0,36.0,71.4,84.75999999999999,0.50796,9.8,0.138278,0.27222222222222225,11412.59,1.0,Shelving,0.0,1,3.9144736842105265
SG20056,5650366,2028-05-02,Saleable,456,2026-02-28,Urine Test Strips 10-Parameter 25 Tests,Quintessa Diagnostics,Surgical,Diagnostics,Ambient,5.0,34.9,21.5,18.8,0.01411,1.66,232.91,12.0,3.0,36.0,71.4,84.75999999999999,0.50796,91.2,1.286832,2.533333333333333,106206.95999999999,3.0,Pallet racking,3.0,0,26.11842105263158
SG20056,5647603,2026-10-07,Saleable,325,2026-02-28,Urine Test Strips 10-Parameter 25 Tests,Quintessa Diagnostics,Surgical,Diagnostics,Ambient,5.0,34.9,21.5,18.8,0.01411,1.66,232.91,12.0,3.0,36.0,71.4,84.75999999999999,0.50796,65.0,0.9171499999999999,1.8055555555555556,75695.75,2.0,Pallet racking,2.0,0,7.269736842105264
SG20057,5744635,2028-01-11,Saleable,3,2026-02-28,HIV 1/2 Rapid Test 25 Tests,Quintessa Diagnostics,Surgical,Diagnostics,2-8C,10.0,26.8,23.0,15.4,0.00949,2.06,160.1,14.0,5.0,70.0,92.0,169.20000000000002,0.6643,0.3,0.002847,0.004285714285714286,480.29999999999995,1.0,Shelving,0.0,1,22.43421052631579
SG20057,5749908,2026-12-04,Saleable,9,2026-02-28,HIV 1/2 Rapid Test 25 Tests,Quintessa Diagnostics,Surgical,Diagnostics,2-8C,10.0,26.8,23.0,15.4,0.00949,2.06,160.1,14.0,5.0,70.0,92.0,169.20000000000002,0.6643,0.9,0.008541,0.012857142857142857,1440.8999999999999,1.0,Shelving,0.0,1,9.177631578947368
SG20057,5725482,2028-12-14,Saleable,7,2026-02-28,HIV 1/2 Rapid Test 25 Tests,Quintessa Diagnostics,Surgical,Diagnostics,2-8C,10.0,26.8,23.0,15.4,0.00949,2.06,160.1,14.0,5.0,70.0,92.0,169.20000000000002,0.6643,0.7,0.006643,0.01,1120.7,1.0,Shelving,0.0,1,33.55263157894737
SG20058,5861729,2027-05-28,Saleable,1008,2026-02-28,Troponin Rapid Test 25 Tests,Quintessa Diagnostics,Surgical,Diagnostics,2-8C,1.0,33.7,16.5,13.9,0.00773,1.01,47.73,18.0,7.0,126.0,112.3,152.26,0.97398,1008.0,7.79184,8.0,48111.84,8.0,Pallet racking,8.0,0,14.93421052631579
SG20059,5986546,2028-03-13,Saleable,676,2026-02-28,Malaria Antigen Test 100 Tests,Quintessa Diagnostics,Surgical,Diagnostics,2-8C,10.0,23.2,20.7,14.4,0.00692,1.42,111.26,20.0,4.0,80.0,72.6,138.6,0.5536,67.6,0.46779199999999993,0.845,75211.76000000001,1.0,Pallet racking,1.0,0,24.47368421052632
SG20060,6012048,2028-02-15,Saleable,732,2026-02-28,Blood Glucose Test Strips 100 Tests,Quintessa Diagnostics,Surgical,Diagnostics,Ambient,1.0,32.5,18.9,16.7,0.01026,1.9,130.86,18.0,8.0,144.0,148.6,298.6,1.47744,732.0,7.51032,5.083333333333333,95789.52,6.0,Pallet racking,6.0,0,23.585526315789476
SG20060,6043481,2026-10-08,Saleable,514,2026-02-28,Blood Glucose Test Strips 100 Tests,Quintessa Diagnostics,Surgical,Diagnostics,Ambient,1.0,32.5,18.9,16.7,0.01026,1.9,130.86,18.0,8.0,144.0,148.6,298.6,1.47744,514.0,5.27364,3.5694444444444446,67262.04000000001,4.0,Pallet racking,4.0,0,7.302631578947369
SG20061,6173562,2027-03-29,Saleable,10,2026-02-28,Dengue NS1 Rapid Test 25 Tests,Quintessa Diagnostics,Surgical,Diagnostics,2-8C,10.0,21.1,15.5,15.1,0.00494,0.75,292.54,30.0,5.0,150.0,90.5,137.5,0.741,1.0,0.00494,0.006666666666666667,2925.4,1.0,Shelving,0.0,1,12.960526315789474
SG20062,6246205,2027-10-01,Saleable,2054,2026-02-28,CRP Reagent Kit 100 Tests,Quintessa Diagnostics,Surgical,Diagnostics,2-8C,10.0,32.7,15.9,16.6,0.00863,1.53,250.14,21.0,4.0,84.0,81.4,153.52,0.72492,205.4,1.7726020000000002,2.4452380952380954,513787.56,3.0,Pallet racking,3.0,0,19.078947368421055
SG20063,6354833,2027-10-23,Saleable,172,2026-02-28,Hepatitis B Surface Antigen Test 100 Tests,Quintessa Diagnostics,Surgical,Diagnostics,2-8C,5.0,28.4,22.8,11.4,0.00738,1.5,129.77,16.0,13.0,208.0,163.20000000000002,337.0,1.53504,34.4,0.253872,0.16538461538461538,22320.440000000002,1.0,Pallet racking,1.0,0,19.80263157894737
SG20064,6491761,2028-06-17,Saleable,2107,2026-02-28,HbA1c Reagent Kit 25 Tests,Quintessa Diagnostics,Surgical,Diagnostics,2-8C,1.0,33.9,18.2,12.7,0.00784,1.12,56.09,15.0,5.0,75.0,78.5,109.0,0.588,2107.0,16.51888,28.093333333333334,118181.63,29.0,Pallet racking,29.0,0,27.63157894736842
SG20064,6457587,2027-06-22,Sample,42,2026-02-28,HbA1c Reagent Kit 25 Tests,Quintessa Diagnostics,Surgical,Diagnostics,2-8C,1.0,33.9,18.2,12.7,0.00784,1.12,56.09,15.0,5.0,75.0,78.5,109.0,0.588,42.0,0.32928,0.56,2355.78,1.0,Pallet racking,1.0,0,15.756578947368421
SG20065,6564786,2027-10-13,Saleable,315,2026-02-28,Cholesterol Reagent Kit 100 Tests,Quintessa Diagnostics,Surgical,Diagnostics,2-8C,10.0,26.2,18.5,18.8,0.00911,1.36,200.23,20.0,6.0,120.0,127.8,188.2,1.0932,31.5,0.286965,0.2625,63072.45,1.0,Pallet racking,1.0,0,19.473684210526315
SG20065,6523603,2028-10-03,Saleable,85,2026-02-28,Cholesterol Reagent Kit 100 Tests,Quintessa Diagnostics,Surgical,Diagnostics,2-8C,10.0,26.2,18.5,18.8,0.00911,1.36,200.23,20.0,6.0,120.0,127.8,188.2,1.0932,8.5,0.077435,0.07083333333333333,17019.55,1.0,Shelving,0.0,1,31.18421052631579
SG20066,6686996,2026-07-10,Saleable,464,2026-02-28,HIV 1/2 Rapid Test 100 Tests,Quintessa Diagnostics,Surgical,Diagnostics,2-8C,10.0,24.4,15.5,11.0,0.00416,1.04,62.51,28.0,10.0,280.0,125.0,316.2,1.1647999999999998,46.4,0.19302399999999997,0.1657142857142857,29004.64,1.0,Shelving,0.0,1,4.342105263157895
SG20066,6697005,2027-11-18,Saleable,558,2026-02-28,HIV 1/2 Rapid Test 100 Tests,Quintessa Diagnostics,Surgical,Diagnostics,2-8C,10.0,24.4,15.5,11.0,0.00416,1.04,62.51,28.0,10.0,280.0,125.0,316.2,1.1647999999999998,55.8,0.23212799999999997,0.1992857142857143,34880.58,1.0,Shelving,0.0,1,20.657894736842106
SG20067,6732135,2026-11-28,Saleable,1517,2026-02-28,TSH Reagent Kit 100 Tests,Quintessa Diagnostics,Surgical,Diagnostics,2-8C,10.0,33.1,24.0,15.3,0.01215,1.74,42.82,15.0,7.0,105.0,122.1,207.7,1.27575,151.7,1.8431549999999997,1.4447619047619047,64957.94,2.0,Pallet racking,2.0,0,8.980263157894738
SG20067,6790216,2027-01-26,Saleable,782,2026-02-28,TSH Reagent Kit 100 Tests,Quintessa Diagnostics,Surgical,Diagnostics,2-8C,10.0,33.1,24.0,15.3,0.01215,1.74,42.82,15.0,7.0,105.0,122.1,207.7,1.27575,78.2,0.95013,0.7447619047619047,33485.24,1.0,Pallet racking,1.0,0,10.921052631578949
SG20068,6863913,2026-12-11,Saleable,1352,2026-02-28,HbA1c Reagent Kit 100 Tests,Quintessa Diagnostics,Surgical,Diagnostics,Ambient,1.0,22.6,20.5,13.1,0.00607,0.97,225.85,20.0,8.0,160.0,119.8,180.2,0.9712,1352.0,8.20664,8.45,305349.2,9.0,Pallet racking,9.0,0,9.407894736842106
SG20068,6847416,2027-08-16,Sample,27,2026-02-28,HbA1c Reagent Kit 100 Tests,Quintessa Diagnostics,Surgical,Diagnostics,Ambient,1.0,22.6,20.5,13.1,0.00607,0.97,225.85,20.0,8.0,160.0,119.8,180.2,0.9712,27.0,0.16389,0.16875,6097.95,1.0,Shelving,0.0,1,17.565789473684212
